    1.0000000000E+00    6.6666666667E+03    7.0710678119E+01    2.0000000000E+04
    9.9999994999E-01    6.6290012635E+03    7.0569418762E+01    1.9860509425E+04
    9.9999989999E-01    6.5915381373E+03    7.0428400865E+01    1.9721953202E+04
    9.9999984998E-01    6.5542844185E+03    7.0287653869E+01    1.9584355867E+04
    9.9999979998E-01    6.5172377967E+03    7.0147171824E+01    1.9447706981E+04
    9.9999974997E-01    6.4803959910E+03    7.0006948810E+01    1.9311996247E+04
    9.9999969997E-01    6.4437567494E+03    6.9866978934E+01    1.9177213507E+04
    9.9999964996E-01    6.4073178479E+03    6.9727256334E+01    1.9043348741E+04
    9.9999959996E-01    6.3710770908E+03    6.9587775173E+01    1.8910392062E+04
    9.9999954995E-01    6.3350323091E+03    6.9448529640E+01    1.8778333715E+04
    9.9999949995E-01    6.2991813601E+03    6.9309513944E+01    1.8647164075E+04
    9.9999944994E-01    6.2635221275E+03    6.9170722320E+01    1.8516873641E+04
    9.9999939994E-01    6.2280525201E+03    6.9032149019E+01    1.8387453036E+04
    9.9999934993E-01    6.1927704714E+03    6.8893788315E+01    1.8258893004E+04
    9.9999929993E-01    6.1576739395E+03    6.8755634495E+01    1.8131184407E+04
    9.9999924992E-01    6.1227609058E+03    6.8617681863E+01    1.8004318225E+04
    9.9999919992E-01    6.0880293754E+03    6.8479924738E+01    1.7878285550E+04
    9.9999914991E-01    6.0534773756E+03    6.8342357451E+01    1.7753077583E+04
    9.9999909991E-01    6.0191029561E+03    6.8204974342E+01    1.7628685639E+04
    9.9999904990E-01    5.9849041883E+03    6.8067769762E+01    1.7505101136E+04
    9.9999899990E-01    5.9508791647E+03    6.7930738071E+01    1.7382315597E+04
    9.9999894989E-01    5.9170259986E+03    6.7793873632E+01    1.7260320649E+04
    9.9999889989E-01    5.8833428232E+03    6.7657170815E+01    1.7139108016E+04
    9.9999884988E-01    5.8498277919E+03    6.7520623991E+01    1.7018669524E+04
    9.9999879988E-01    5.8164790769E+03    6.7384227534E+01    1.6898997092E+04
    9.9999874987E-01    5.7832948696E+03    6.7247975817E+01    1.6780082736E+04
    9.9999869987E-01    5.7502733796E+03    6.7111863212E+01    1.6661918560E+04
    9.9999864986E-01    5.7174128344E+03    6.6975884085E+01    1.6544496761E+04
    9.9999859986E-01    5.6847114788E+03    6.6840032800E+01    1.6427809624E+04
    9.9999854985E-01    5.6521675751E+03    6.6704303711E+01    1.6311849520E+04
    9.9999849985E-01    5.6197794017E+03    6.6568691166E+01    1.6196608904E+04
    9.9999844984E-01    5.5875452534E+03    6.6433189499E+01    1.6082080313E+04
    9.9999839984E-01    5.5554634406E+03    6.6297793036E+01    1.5968256366E+04
    9.9999834983E-01    5.5235322894E+03    6.6162496085E+01    1.5855129761E+04
    9.9999829983E-01    5.4917501403E+03    6.6027292942E+01    1.5742693273E+04
    9.9999824982E-01    5.4601153486E+03    6.5892177883E+01    1.5630939751E+04
    9.9999819982E-01    5.4286262836E+03    6.5757145163E+01    1.5519862121E+04
    9.9999814981E-01    5.3972813282E+03    6.5622189018E+01    1.5409453378E+04
    9.9999809981E-01    5.3660788787E+03    6.5487303661E+01    1.5299706590E+04
    9.9999804980E-01    5.3350173441E+03    6.5352483277E+01    1.5190614891E+04
    9.9999799980E-01    5.3040951460E+03    6.5217722025E+01    1.5082171485E+04
    9.9999794979E-01    5.2733107179E+03    6.5083014033E+01    1.4974369640E+04
    9.9999789979E-01    5.2426625052E+03    6.4948353400E+01    1.4867202688E+04
    9.9999784978E-01    5.2121489643E+03    6.4813734189E+01    1.4760664024E+04
    9.9999779978E-01    5.1817685625E+03    6.4679150427E+01    1.4654747103E+04
    9.9999774977E-01    5.1515197776E+03    6.4544596101E+01    1.4549445440E+04
    9.9999769977E-01    5.1214010976E+03    6.4410065162E+01    1.4444752608E+04
    9.9999764976E-01    5.0914110200E+03    6.4275551513E+01    1.4340662235E+04
    9.9999759976E-01    5.0615480515E+03    6.4141049014E+01    1.4237168004E+04
    9.9999754975E-01    5.0318107076E+03    6.4006551474E+01    1.4134263652E+04
    9.9999749975E-01    5.0021975127E+03    6.3872052655E+01    1.4031942966E+04
    9.9999744974E-01    4.9727069987E+03    6.3737546263E+01    1.3930199786E+04
    9.9999739974E-01    4.9433377055E+03    6.3603025948E+01    1.3829027997E+04
    9.9999734973E-01    4.9140881799E+03    6.3468485302E+01    1.3728421533E+04
    9.9999729973E-01    4.8849569759E+03    6.3333917853E+01    1.3628374374E+04
    9.9999724972E-01    4.8559426536E+03    6.3199317066E+01    1.3528880543E+04
    9.9999719972E-01    4.8270437792E+03    6.3064676337E+01    1.3429934106E+04
    9.9999714971E-01    4.7982589243E+03    6.2929988990E+01    1.3331529170E+04
    9.9999709971E-01    4.7695866659E+03    6.2795248276E+01    1.3233659883E+04
    9.9999704970E-01    4.7410255853E+03    6.2660447367E+01    1.3136320428E+04
    9.9999699970E-01    4.7125742683E+03    6.2525579351E+01    1.3039505026E+04
    9.9999694969E-01    4.6842313044E+03    6.2390637235E+01    1.2943207935E+04
    9.9999689969E-01    4.6559952863E+03    6.2255613933E+01    1.2847423443E+04
    9.9999684968E-01    4.6278648097E+03    6.2120502269E+01    1.2752145873E+04
    9.9999679968E-01    4.5998384726E+03    6.1985294967E+01    1.2657369576E+04
    9.9999674967E-01    4.5719148748E+03    6.1849984651E+01    1.2563088932E+04
    9.9999669967E-01    4.5440926176E+03    6.1714563839E+01    1.2469298349E+04
    9.9999664966E-01    4.5163703032E+03    6.1579024939E+01    1.2375992260E+04
    9.9999659966E-01    4.4887465340E+03    6.1443360242E+01    1.2283165123E+04
    9.9999654965E-01    4.4612199124E+03    6.1307561921E+01    1.2190811416E+04
    9.9999649965E-01    4.4337890398E+03    6.1171622022E+01    1.2098925638E+04
    9.9999644964E-01    4.4064525166E+03    6.1035532462E+01    1.2007502308E+04
    9.9999639964E-01    4.3792089413E+03    6.0899285020E+01    1.1916535961E+04
    9.9999634963E-01    4.3520569097E+03    6.0762871332E+01    1.1826021147E+04
    9.9999629963E-01    4.3249950147E+03    6.0626282889E+01    1.1735952428E+04
    9.9999624962E-01    4.2980218456E+03    6.0489511026E+01    1.1646324381E+04
    9.9999619962E-01    4.2711359870E+03    6.0352546914E+01    1.1557131589E+04
    9.9999614961E-01    4.2443360187E+03    6.0215381561E+01    1.1468368643E+04
    9.9999609961E-01    4.2176205148E+03    6.0078005794E+01    1.1380030140E+04
    9.9999604960E-01    4.1909880427E+03    5.9940410262E+01    1.1292110680E+04
    9.9999599960E-01    4.1644371629E+03    5.9802585420E+01    1.1204604865E+04
    9.9999594959E-01    4.1379664276E+03    5.9664521525E+01    1.1117507295E+04
    9.9999589959E-01    4.1115743804E+03    5.9526208624E+01    1.1030812566E+04
    9.9999584958E-01    4.0852595550E+03    5.9387636549E+01    1.0944515268E+04
    9.9999579958E-01    4.0590204748E+03    5.9248794905E+01    1.0858609984E+04
    9.9999574957E-01    4.0328556517E+03    5.9109673059E+01    1.0773091286E+04
    9.9999569957E-01    4.0067635850E+03    5.8970260131E+01    1.0687953731E+04
    9.9999564956E-01    3.9807427608E+03    5.8830544982E+01    1.0603191861E+04
    9.9999559956E-01    3.9547916506E+03    5.8690516203E+01    1.0518800199E+04
    9.9999554955E-01    3.9289087104E+03    5.8550162103E+01    1.0434773243E+04
    9.9999549955E-01    3.9030923794E+03    5.8409470692E+01    1.0351105470E+04
    9.9999544954E-01    3.8773410788E+03    5.8268429674E+01    1.0267791324E+04
    9.9999539954E-01    3.8516532109E+03    5.8127026427E+01    1.0184825221E+04
    9.9999534953E-01    3.8260271572E+03    5.7985247989E+01    1.0102201538E+04
    9.9999529953E-01    3.8004612772E+03    5.7843081043E+01    1.0019914615E+04
    9.9999524952E-01    3.7749539072E+03    5.7700511899E+01    9.9379587460E+03
    9.9999519952E-01    3.7495033583E+03    5.7557526477E+01    9.8563281803E+03
    9.9999514951E-01    3.7241079151E+03    5.7414110283E+01    9.7750171135E+03
    9.9999509951E-01    3.6987658337E+03    5.7270248397E+01    9.6940196853E+03
    9.9999504950E-01    3.6734753401E+03    5.7125925442E+01    9.6133299737E+03
    9.9999499950E-01    3.6482346277E+03    5.6981125569E+01    9.5329419902E+03
    9.9999494949E-01    3.6230418562E+03    5.6835832426E+01    9.4528496746E+03
    9.9999489949E-01    3.5978951485E+03    5.6690029138E+01    9.3730468887E+03
    9.9999484948E-01    3.5727925884E+03    5.6543698274E+01    9.2935274102E+03
    9.9999479948E-01    3.5477322189E+03    5.6396821819E+01    9.2142849266E+03
    9.9999474947E-01    3.5227120386E+03    5.6249381145E+01    9.1353130284E+03
    9.9999469947E-01    3.4977299995E+03    5.6101356974E+01    9.0566052010E+03
    9.9999464946E-01    3.4727840037E+03    5.5952729344E+01    8.9781548174E+03
    9.9999459946E-01    3.4478718999E+03    5.5803477568E+01    8.8999551295E+03
    9.9999454945E-01    3.4229914806E+03    5.5653580195E+01    8.8219992599E+03
    9.9999449945E-01    3.3981404780E+03    5.5503014966E+01    8.7442801912E+03
    9.9999444944E-01    3.3733165597E+03    5.5351758762E+01    8.6667907566E+03
    9.9999439944E-01    3.3485173250E+03    5.5199787559E+01    8.5895236281E+03
    9.9999434943E-01    3.3237403000E+03    5.5047076367E+01    8.5124713057E+03
    9.9999429943E-01    3.2989829326E+03    5.4893599174E+01    8.4356261036E+03
    9.9999424942E-01    3.2742425871E+03    5.4739328882E+01    8.3589801368E+03
    9.9999419942E-01    3.2495165386E+03    5.4584237233E+01    8.2825253062E+03
    9.9999414941E-01    3.2248019668E+03    5.4428294742E+01    8.2062532830E+03
    9.9999409941E-01    3.2000959486E+03    5.4271470606E+01    8.1301554906E+03
    9.9999404940E-01    3.1753954515E+03    5.4113732624E+01    8.0542230858E+03
    9.9999399940E-01    3.1506973252E+03    5.3955047094E+01    7.9784469388E+03
    9.9999394939E-01    3.1259982928E+03    5.3795378714E+01    7.9028176100E+03
    9.9999389939E-01    3.1012949416E+03    5.3634690465E+01    7.8273253270E+03
    9.9999384938E-01    3.0765837122E+03    5.3472943486E+01    7.7519599563E+03
    9.9999379938E-01    3.0518608878E+03    5.3310096940E+01    7.6767109754E+03
    9.9999374937E-01    3.0271225809E+03    5.3146107860E+01    7.6015674401E+03
    9.9999369937E-01    3.0023647203E+03    5.2980930989E+01    7.5265179504E+03
    9.9999364936E-01    2.9775830357E+03    5.2814518597E+01    7.4515506106E+03
    9.9999359936E-01    2.9527730408E+03    5.2646820282E+01    7.3766529873E+03
    9.9999354935E-01    2.9279300151E+03    5.2477782747E+01    7.3018120621E+03
    9.9999349935E-01    2.9030489836E+03    5.2307349560E+01    7.2270141799E+03
    9.9999344934E-01    2.8781246938E+03    5.2135460876E+01    7.1522449893E+03
    9.9999339934E-01    2.8531515902E+03    5.1962053142E+01    7.0774893794E+03
    9.9999334933E-01    2.8281237864E+03    5.1787058752E+01    7.0027314062E+03
    9.9999329933E-01    2.8030350337E+03    5.1610405672E+01    6.9279542125E+03
    9.9999324932E-01    2.7778786844E+03    5.1432017016E+01    6.8531399361E+03
    9.9999319932E-01    2.7526476527E+03    5.1251810567E+01    6.7782696072E+03
    9.9999314931E-01    2.7273343688E+03    5.1069698232E+01    6.7033230324E+03
    9.9999309931E-01    2.7019307279E+03    5.0885585438E+01    6.6282786630E+03
    9.9999304930E-01    2.6764280308E+03    5.0699370425E+01    6.5531134445E+03
    9.9999299930E-01    2.6508169176E+03    5.0510943456E+01    6.4778026449E+03
    9.9999294929E-01    2.6250872905E+03    5.0320185898E+01    6.4023196581E+03
    9.9999289929E-01    2.5992282251E+03    5.0126969170E+01    6.3266357761E+03
    9.9999284928E-01    2.5732278678E+03    4.9931153530E+01    6.2507199265E+03
    9.9999279928E-01    2.5470733163E+03    4.9732586649E+01    6.1745383653E+03
    9.9999274927E-01    2.5207504799E+03    4.9531101958E+01    6.0980543185E+03
    9.9999269927E-01    2.4942439145E+03    4.9326516703E+01    6.0212275605E+03
    9.9999264926E-01    2.4675366289E+03    4.9118629639E+01    5.9440139143E+03
    9.9999259926E-01    2.4406098520E+03    4.8907218283E+01    5.8663646557E+03
    9.9999254925E-01    2.4134427549E+03    4.8692035634E+01    5.7882257990E+03
    9.9999249925E-01    2.3860121142E+03    4.8472806191E+01    5.7095372324E+03
    9.9999244924E-01    2.3582919021E+03    4.8249221120E+01    5.6302316644E+03
    9.9999239924E-01    2.3302527815E+03    4.8020932300E+01    5.5502333257E+03
    9.9999234923E-01    2.3018614788E+03    4.7787544933E+01    5.4694563572E+03
    9.9999229923E-01    2.2730799962E+03    4.7548608273E+01    5.3878027828E+03
    9.9999224922E-01    2.2438646095E+03    4.7303603835E+01    5.3051599319E+03
    9.9999219922E-01    2.2141645762E+03    4.7051930212E+01    5.2213971133E+03
    9.9999214921E-01    2.1839204446E+03    4.6792883218E+01    5.1363612620E+03
    9.9999209921E-01    2.1530618024E+03    4.6525629460E+01    5.0498711399E+03
    9.9999204920E-01    2.1215042196E+03    4.6249170494E+01    4.9617094594E+03
    9.9999199920E-01    2.0891450022E+03    4.5962293076E+01    4.8716119388E+03
    9.9999194919E-01    2.0558571412E+03    4.5663498311E+01    4.7792517000E+03
    9.9999189919E-01    2.0214804174E+03    4.5350897601E+01    4.6842163266E+03
    9.9999184918E-01    1.9858078405E+03    4.5022054139E+01    4.5859728737E+03
    9.9999179918E-01    1.9485640336E+03    4.4673730448E+01    4.4838120756E+03
    9.9999174917E-01    1.9093688120E+03    4.4301463371E+01    4.3767543060E+03
    9.9999169917E-01    1.8676713060E+03    4.3898795935E+01    4.2633794153E+03
    9.9999164916E-01    1.8226189522E+03    4.3455751097E+01    4.1414882121E+03
    9.9999159916E-01    1.7727596455E+03    4.2955364764E+01    4.0073325376E+03
    9.9999154915E-01    1.7152083547E+03    4.2363994019E+01    3.8534601552E+03
    9.9999149915E-01    1.6422120552E+03    4.1591410897E+01    3.6598279088E+03
    9.9999144914E-01    1.4386159889E+03    3.9293640771E+01    3.1283741158E+03
    9.9999139914E-01    1.3542359926E+03    3.8314757687E+01    2.9064978029E+03
    9.9999134913E-01    1.4227898185E+03    3.9163967760E+01    3.0797504483E+03
    9.9999129913E-01    1.2439073839E+03    3.7007559393E+01    2.6156085628E+03
    9.9999124912E-01    1.2913134252E+03    3.7627601624E+01    2.7337410207E+03
    9.9999119912E-01    1.3671066505E+03    3.8584707456E+01    2.9243437892E+03
    9.9999114911E-01    1.4733778167E+03    3.9880638563E+01    3.1925181956E+03
    9.9999109911E-01    1.3386014197E+03    3.8292987849E+01    2.8444318360E+03
    9.9999104910E-01    1.8004571905E+03    4.3620838385E+01    4.0172389934E+03
    9.9999099910E-01    1.7617761279E+03    4.3231174604E+01    3.9148410393E+03
    9.9999094909E-01    1.7199436951E+03    4.2802044148E+01    3.8046540095E+03
    9.9999089909E-01    1.6738181210E+03    4.2319317955E+01    3.6838153540E+03
    9.9999084908E-01    1.6209514596E+03    4.1753138102E+01    3.5461736723E+03
    9.9999079908E-01    1.5551279404E+03    4.1027838505E+01    3.3760968506E+03
    9.9999074907E-01    1.4340593839E+03    3.9629800154E+01    3.0671208354E+03
    9.9999069907E-01    1.3685720094E+03    3.8864171171E+01    2.8985206208E+03
    9.9999064906E-01    1.4440010753E+03    3.9807023013E+01    3.0845764156E+03
    9.9999059906E-01    2.4033127772E+03    5.0050907653E+01    5.4838420491E+03
    9.9999054905E-01    2.3855370719E+03    4.9912619324E+01    5.4346369005E+03
    9.9999049905E-01    2.3675120737E+03    4.9771109775E+01    5.3849025758E+03
    9.9999044904E-01    2.3494751908E+03    4.9628636980E+01    5.3352339174E+03
    9.9999039904E-01    2.3314239623E+03    4.9485167120E+01    5.2856246882E+03
    9.9999034903E-01    2.3133558151E+03    4.9340664675E+01    5.2360684006E+03
    9.9999029903E-01    2.2952680553E+03    4.9195092298E+01    5.1865582962E+03
    9.9999024902E-01    2.2771578587E+03    4.9048410675E+01    5.1370873243E+03
    9.9999019902E-01    2.2590222607E+03    4.8900578378E+01    5.0876481186E+03
    9.9999014901E-01    2.2408581449E+03    4.8751551696E+01    5.0382329711E+03
    9.9999009901E-01    2.2226622302E+03    4.8601284453E+01    4.9888338026E+03
    9.9999004900E-01    2.2044310576E+03    4.8449727804E+01    4.9394421317E+03
    9.9998999900E-01    2.1861609743E+03    4.8296830011E+01    4.8900490390E+03
    9.9998994899E-01    2.1678481167E+03    4.8142536196E+01    4.8406451280E+03
    9.9998989899E-01    2.1494883920E+03    4.7986788059E+01    4.7912204815E+03
    9.9998984898E-01    2.1310774560E+03    4.7829523573E+01    4.7417646124E+03
    9.9998979898E-01    2.1126106899E+03    4.7670676632E+01    4.6922664093E+03
    9.9998974897E-01    2.0940831735E+03    4.7510176666E+01    4.6427140749E+03
    9.9998969897E-01    2.0754896551E+03    4.7347948203E+01    4.5930950568E+03
    9.9998964896E-01    2.0568245176E+03    4.7183910368E+01    4.5433959690E+03
    9.9998959896E-01    2.0380817393E+03    4.7017976329E+01    4.4936025029E+03
    9.9998954895E-01    2.0192548509E+03    4.6850052651E+01    4.4436993265E+03
    9.9998949895E-01    2.0003368847E+03    4.6680038577E+01    4.3936699688E+03
    9.9998944894E-01    1.9813203169E+03    4.6507825182E+01    4.3434966862E+03
    9.9998939894E-01    1.9621970016E+03    4.6333294415E+01    4.2931603106E+03
    9.9998934893E-01    1.9429580940E+03    4.6156317987E+01    4.2426400714E+03
    9.9998929893E-01    1.9235939608E+03    4.5976756076E+01    4.1919133902E+03
    9.9998924892E-01    1.9040940758E+03    4.5794455813E+01    4.1409556392E+03
    9.9998919892E-01    1.8844468974E+03    4.5609249508E+01    4.0897398578E+03
    9.9998914891E-01    1.8646397226E+03    4.5420952551E+01    4.0382364172E+03
    9.9998909891E-01    1.8446585149E+03    4.5229360913E+01    3.9864126212E+03
    9.9998904890E-01    1.8244876963E+03    4.5034248151E+01    3.9342322267E+03
    9.9998899890E-01    1.8041098970E+03    4.4835361799E+01    3.8816548650E+03
    9.9998894889E-01    1.7835056501E+03    4.4632418970E+01    3.8286353361E+03
    9.9998889889E-01    1.7626530168E+03    4.4425100952E+01    3.7751227418E+03
    9.9998884888E-01    1.7415271206E+03    4.4213046517E+01    3.7210594086E+03
    9.9998879888E-01    1.7200995631E+03    4.3995843513E+01    3.6663795357E+03
    9.9998874887E-01    1.6983376821E+03    4.3773018207E+01    3.6110074776E+03
    9.9998869887E-01    1.6762035962E+03    4.3544021574E+01    3.5548555324E+03
    9.9998864886E-01    1.6536529568E+03    4.3308211391E+01    3.4978210509E+03
    9.9998859886E-01    1.6306332890E+03    4.3064828458E+01    3.4397825927E+03
    9.9998854885E-01    1.6070817436E+03    4.2812964398E+01    3.3805947158E+03
    9.9998849885E-01    1.5829219833E+03    4.2551517093E+01    3.3200807569E+03
    9.9998844884E-01    1.5580597560E+03    4.2279127384E+01    3.2580225654E+03
    9.9998839884E-01    1.5323764112E+03    4.1994086410E+01    3.1941454594E+03
    9.9998834883E-01    1.5057190535E+03    4.1694195028E+01    3.1280953737E+03
    9.9998829883E-01    1.4778849247E+03    4.1376540975E+01    3.0594025985E+03
    9.9998824882E-01    1.4485952505E+03    4.1037126029E+01    2.9874210376E+03
    9.9998819882E-01    1.4174483090E+03    4.0670197475E+01    2.9112191668E+03
    9.9998814881E-01    1.3838271063E+03    4.0266934028E+01    2.8293654506E+03
    9.9998809881E-01    1.3466927557E+03    3.9812507403E+01    2.7394479284E+03
    9.9998804880E-01    1.3040210302E+03    3.9278076253E+01    2.6367636344E+03
    9.9998799880E-01    1.2506021683E+03    3.8589554388E+01    2.5091988275E+03
    9.9998794879E-01    1.1465546192E+03    3.7180912164E+01    2.2639214957E+03
    9.9998789879E-01    1.0347018427E+03    3.5598433353E+01    2.0008220379E+03
    9.9998784878E-01    1.1394156192E+03    3.7135790280E+01    2.2413935642E+03
    9.9998779878E-01    1.0465777933E+03    3.5824755487E+01    2.0234684696E+03
    9.9998774877E-01    1.1208956065E+03    3.6927581691E+01    2.1927743696E+03
    9.9998769877E-01    9.0767224709E+02    3.3770469615E+01    1.6977937490E+03
    9.9998764876E-01    9.3587723395E+02    3.4235287731E+01    1.7602566741E+03
    9.9998759876E-01    9.7256296822E+02    3.4824671936E+01    1.8420429223E+03
    9.9998754875E-01    1.0335769375E+03    3.5769436604E+01    1.9793734107E+03
    9.9998749875E-01    1.3031059966E+03    3.9604321472E+01    2.5932700224E+03
    9.9998744874E-01    1.2663578123E+03    3.9133573293E+01    2.5066860922E+03
    9.9998739874E-01    1.2231015192E+03    3.8565537309E+01    2.4054467735E+03
    9.9998734873E-01    1.1654935526E+03    3.7784337086E+01    2.2717653476E+03
    9.9998729873E-01    1.0680831000E+03    3.6402268276E+01    2.0479036945E+03
    9.9998724872E-01    1.5692559635E+03    4.3197805514E+01    3.1818615757E+03
    9.9998719872E-01    1.5513026791E+03    4.3001959398E+01    3.1383120903E+03
    9.9998714871E-01    1.5329889406E+03    4.2800081157E+01    3.0940305842E+03
    9.9998709871E-01    1.5144175582E+03    4.2593364845E+01    3.0492522037E+03
    9.9998704870E-01    1.4955613936E+03    4.2381376410E+01    3.0039176281E+03
    9.9998699870E-01    1.4763890730E+03    4.2163614449E+01    2.9579583025E+03
    9.9998694869E-01    1.4568640005E+03    4.1939494605E+01    2.9112942791E+03
    9.9998689869E-01    1.4369430537E+03    4.1708328971E+01    2.8638313670E+03
    9.9998684868E-01    1.4165748324E+03    4.1469298425E+01    2.8154572988E+03
    9.9998679868E-01    1.3956972513E+03    4.1221414670E+01    2.7660364643E+03
    9.9998674867E-01    1.3742341556E+03    4.0963466876E+01    2.7154025008E+03
    9.9998669867E-01    1.3520904215E+03    4.0693944500E+01    2.6633475637E+03
    9.9998664866E-01    1.3291446241E+03    4.0410921897E+01    2.6096062656E+03
    9.9998659866E-01    1.3052376111E+03    4.0111878608E+01    2.5538306378E+03
    9.9998654865E-01    1.2801537901E+03    3.9793405286E+01    2.4955491079E+03
    9.9998649865E-01    1.2535884925E+03    3.9450691225E+01    2.4340949346E+03
    9.9998644864E-01    1.2250861968E+03    3.9076555062E+01    2.3684706881E+03
    9.9998639864E-01    1.1939096713E+03    3.8659393249E+01    2.2970610896E+03
    9.9998634863E-01    1.1587128628E+03    3.8178056028E+01    2.2169149027E+03
    9.9998629863E-01    1.1164618900E+03    3.7584960803E+01    2.1213752602E+03
    9.9998624862E-01    1.0556533666E+03    3.6700082966E+01    1.9851791707E+03
    9.9998619862E-01    9.9585201423E+02    3.5806378117E+01    1.8514682925E+03
    9.9998614861E-01    7.7599825611E+02    3.2222487469E+01    1.3666834342E+03
    9.9998609861E-01    7.9579212466E+02    3.2589499965E+01    1.4079231283E+03
    9.9998604860E-01    8.1921651758E+02    3.3015280881E+01    1.4569838301E+03
    9.9998599860E-01    8.4860767775E+02    3.3537120369E+01    1.5189167987E+03
    9.9998594859E-01    8.9152261310E+02    3.4275656112E+01    1.6100819425E+03
    9.9998589859E-01    9.8635529984E+02    3.5828754084E+01    1.8136424625E+03
    9.9998584858E-01    9.3890769519E+02    3.5097836321E+01    1.7087335230E+03
    9.9998579858E-01    9.7090397567E+02    3.5635978540E+01    1.7758179595E+03
    9.9998574857E-01    8.6629696569E+02    3.3954411877E+01    1.5480720735E+03
    9.9998569857E-01    7.5176232603E+02    3.2001006795E+01    1.2999846549E+03
    9.9998564856E-01    7.7128433322E+02    3.2371777301E+01    1.3399259076E+03
    9.9998559856E-01    7.9449392668E+02    3.2803775846E+01    1.3876632610E+03
    9.9998554855E-01    8.2396399829E+02    3.3339204848E+01    1.4486575613E+03
    9.9998549855E-01    8.6874813364E+02    3.4126433568E+01    1.5421451489E+03
    9.9998544854E-01   -1.0259957787E+01    1.2436341010E+01   -3.2980805666E+02
    9.9998539854E-01   -1.0521975311E+01    1.2456367517E+01   -3.3208012789E+02
    9.9998534853E-01   -1.0570891754E+01    1.2486360849E+01   -3.3391009572E+02
    9.9998529853E-01   -1.0620087435E+01    1.2516453153E+01   -3.3575206388E+02
    9.9998524852E-01   -1.0669564592E+01    1.2546645031E+01   -3.3760613660E+02
    9.9998519852E-01   -1.0719325490E+01    1.2576937091E+01   -3.3947241934E+02
    9.9998514851E-01   -1.0769372417E+01    1.2607329947E+01   -3.4135101886E+02
    9.9998509851E-01   -1.0819707693E+01    1.2637824223E+01   -3.4324204321E+02
    9.9998504850E-01   -1.0870333661E+01    1.2668420546E+01   -3.4514560177E+02
    9.9998499850E-01   -1.0921252695E+01    1.2699119552E+01   -3.4706180524E+02
    9.9998494849E-01   -1.0972467196E+01    1.2729921884E+01   -3.4899076573E+02
    9.9998489849E-01   -1.1023979595E+01    1.2760828190E+01   -3.5093259670E+02
    9.9998484848E-01   -1.1075792350E+01    1.2791839129E+01   -3.5288741305E+02
    9.9998479848E-01   -1.1127907951E+01    1.2822955363E+01   -3.5485533109E+02
    9.9998474847E-01   -1.1180328919E+01    1.2854177565E+01   -3.5683646862E+02
    9.9998469847E-01   -1.1233057803E+01    1.2885506413E+01   -3.5883094490E+02
    9.9998464846E-01   -1.1286097186E+01    1.2916942596E+01   -3.6083888071E+02
    9.9998459846E-01   -1.1339449681E+01    1.2948486807E+01   -3.6286039837E+02
    9.9998454845E-01   -1.1393117934E+01    1.2980139749E+01   -3.6489562175E+02
    9.9998449845E-01   -1.1447104625E+01    1.3011902133E+01   -3.6694467634E+02
    9.9998444844E-01   -1.1501412467E+01    1.3043774678E+01   -3.6900768919E+02
    9.9998439844E-01   -1.1556044206E+01    1.3075758112E+01   -3.7108478906E+02
    9.9998434843E-01   -1.1611002623E+01    1.3107853170E+01   -3.7317610633E+02
    9.9998429843E-01   -1.1666290537E+01    1.3140060598E+01   -3.7528177312E+02
    9.9998424842E-01   -1.1721910798E+01    1.3172381147E+01   -3.7740192325E+02
    9.9998419842E-01   -1.1777866297E+01    1.3204815581E+01   -3.7953669234E+02
    9.9998414841E-01   -1.1834159961E+01    1.3237364671E+01   -3.8168621778E+02
    9.9998409841E-01   -1.1890794752E+01    1.3270029197E+01   -3.8385063879E+02
    9.9998404840E-01   -1.1947773675E+01    1.3302809950E+01   -3.8603009645E+02
    9.9998399840E-01   -1.2005099771E+01    1.3335707729E+01   -3.8822473374E+02
    9.9998394839E-01   -1.2062776122E+01    1.3368723343E+01   -3.9043469557E+02
    9.9998389839E-01   -1.2120805851E+01    1.3401857612E+01   -3.9266012878E+02
    9.9998384838E-01   -1.2179192121E+01    1.3435111364E+01   -3.9490118227E+02
    9.9998379838E-01   -1.2237938138E+01    1.3468485439E+01   -3.9715800691E+02
    9.9998374837E-01   -1.2297047151E+01    1.3501980687E+01   -3.9943075567E+02
    9.9998369837E-01   -1.2356522452E+01    1.3535597968E+01   -4.0171958366E+02
    9.9998364836E-01   -1.2416367379E+01    1.3569338155E+01   -4.0402464809E+02
    9.9998359836E-01   -1.2476585313E+01    1.3603202128E+01   -4.0634610838E+02
    9.9998354835E-01   -1.2537179682E+01    1.3637190781E+01   -4.0868412620E+02
    9.9998349835E-01   -1.2598153963E+01    1.3671305020E+01   -4.1103886547E+02
    9.9998344834E-01   -1.2659511678E+01    1.3705545760E+01   -4.1341049245E+02
    9.9998339834E-01   -1.2721256398E+01    1.3739913929E+01   -4.1579917573E+02
    9.9998334833E-01   -1.2783391746E+01    1.3774410469E+01   -4.1820508634E+02
    9.9998329833E-01   -1.2845921393E+01    1.3809036331E+01   -4.2062839774E+02
    9.9998324832E-01   -1.2908849064E+01    1.3843792481E+01   -4.2306928591E+02
    9.9998319832E-01   -1.2972178534E+01    1.3878679895E+01   -4.2552792936E+02
    9.9998314831E-01   -1.3035913634E+01    1.3913699565E+01   -4.2800450923E+02
    9.9998309831E-01   -1.3100058248E+01    1.3948852494E+01   -4.3049920927E+02
    9.9998304830E-01   -1.3164616317E+01    1.3984139699E+01   -4.3301221596E+02
    9.9998299830E-01   -1.3229591838E+01    1.4019562211E+01   -4.3554371855E+02
    9.9998294829E-01   -1.3294988866E+01    1.4055121075E+01   -4.3809390907E+02
    9.9998289829E-01   -1.3360811515E+01    1.4090817350E+01   -4.4066298243E+02
    9.9998284828E-01   -1.3427063960E+01    1.4126652109E+01   -4.4325113649E+02
    9.9998279828E-01   -1.3493750438E+01    1.4162626440E+01   -4.4585857208E+02
    9.9998274827E-01   -1.3560875246E+01    1.4198741447E+01   -4.4848549306E+02
    9.9998269827E-01   -1.3628442747E+01    1.4234998249E+01   -4.5113210643E+02
    9.9998264826E-01   -1.3696457371E+01    1.4271397979E+01   -4.5379862235E+02
    9.9998259826E-01   -1.3764923611E+01    1.4307941787E+01   -4.5648525424E+02
    9.9998254825E-01   -1.3833846031E+01    1.4344630841E+01   -4.5919221880E+02
    9.9998249825E-01   -1.3903229263E+01    1.4381466323E+01   -4.6191973612E+02
    9.9998244824E-01   -1.3973078010E+01    1.4418449433E+01   -4.6466802974E+02
    9.9998239824E-01   -1.4043397048E+01    1.4455581389E+01   -4.6743732675E+02
    9.9998234823E-01   -1.4114191226E+01    1.4492863425E+01   -4.7022785778E+02
    9.9998229823E-01   -1.4185465470E+01    1.4530296795E+01   -4.7303985719E+02
    9.9998224822E-01   -1.4257224782E+01    1.4567882769E+01   -4.7587356307E+02
    9.9998219822E-01   -1.4329474242E+01    1.4605622639E+01   -4.7872921736E+02
    9.9998214821E-01   -1.4402219013E+01    1.4643517713E+01   -4.8160706590E+02
    9.9998209821E-01   -1.4475464338E+01    1.4681569319E+01   -4.8450735855E+02
    9.9998204820E-01   -1.4549215545E+01    1.4719778807E+01   -4.8743034927E+02
    9.9998199820E-01   -1.4623478047E+01    1.4758147546E+01   -4.9037629620E+02
    9.9998194819E-01   -1.4698257345E+01    1.4796676925E+01   -4.9334546177E+02
    9.9998189819E-01   -1.4773559032E+01    1.4835368356E+01   -4.9633811277E+02
    9.9998184818E-01   -1.4849388790E+01    1.4874223272E+01   -4.9935452047E+02
    9.9998179818E-01   -1.4925752395E+01    1.4913243128E+01   -5.0239496075E+02
    9.9998174817E-01   -1.5002655720E+01    1.4952429401E+01   -5.0545971413E+02
    9.9998169817E-01   -1.5080104736E+01    1.4991783593E+01   -5.0854906594E+02
    9.9998164816E-01   -1.5158105514E+01    1.5031307229E+01   -5.1166330640E+02
    9.9998159816E-01   -1.5236664228E+01    1.5071001857E+01   -5.1480273078E+02
    9.9998154815E-01   -1.5315787158E+01    1.5110869052E+01   -5.1796763945E+02
    9.9998149815E-01   -1.5395480688E+01    1.5150910412E+01   -5.2115833806E+02
    9.9998144814E-01   -1.5475751317E+01    1.5191127562E+01   -5.2437513761E+02
    9.9998139814E-01   -1.5556605652E+01    1.5231522155E+01   -5.2761835464E+02
    9.9998134813E-01   -1.5638050420E+01    1.5272095868E+01   -5.3088831134E+02
    9.9998129813E-01   -1.5720092463E+01    1.5312850408E+01   -5.3418533565E+02
    9.9998124812E-01   -1.5802738744E+01    1.5353787511E+01   -5.3750976144E+02
    9.9998119812E-01   -1.5885996351E+01    1.5394908939E+01   -5.4086192866E+02
    9.9998114811E-01   -1.5969872500E+01    1.5436216487E+01   -5.4424218346E+02
    9.9998109811E-01   -1.6054374534E+01    1.5477711980E+01   -5.4765087839E+02
    9.9998104810E-01   -1.6139509932E+01    1.5519397272E+01   -5.5108837248E+02
    9.9998099810E-01   -1.6225286309E+01    1.5561274251E+01   -5.5455503151E+02
    9.9998094809E-01   -1.6311711420E+01    1.5603344837E+01   -5.5805122810E+02
    9.9998089809E-01   -1.6398793163E+01    1.5645610983E+01   -5.6157734191E+02
    9.9998084808E-01   -1.6486539584E+01    1.5688074679E+01   -5.6513375983E+02
    9.9998079808E-01   -1.6574958880E+01    1.5730737948E+01   -5.6872087616E+02
    9.9998074807E-01   -1.6664059403E+01    1.5773602848E+01   -5.7233909279E+02
    9.9998069807E-01   -1.6753849665E+01    1.5816671476E+01   -5.7598881944E+02
    9.9998064806E-01   -1.6844338338E+01    1.5859945968E+01   -5.7967047382E+02
    9.9998059806E-01   -1.6935534265E+01    1.5903428496E+01   -5.8338448187E+02
    9.9998054805E-01   -1.7027446459E+01    1.5947121275E+01   -5.8713127798E+02
    9.9998049805E-01   -1.7120084111E+01    1.5991026557E+01   -5.9091130521E+02
    9.9998044804E-01   -1.7213456591E+01    1.6035146641E+01   -5.9472501551E+02
    9.9998039804E-01   -1.7307573459E+01    1.6079483865E+01   -5.9857287001E+02
    9.9998034803E-01   -1.7402444461E+01    1.6124040615E+01   -6.0245533925E+02
    9.9998029803E-01   -1.7498079546E+01    1.6168819319E+01   -6.0637290342E+02
    9.9998024802E-01   -1.7594488859E+01    1.6213822453E+01   -6.1032605266E+02
    9.9998019802E-01   -1.7691682757E+01    1.6259052543E+01   -6.1431528733E+02
    9.9998014801E-01   -1.7789671808E+01    1.6304512162E+01   -6.1834111830E+02
    9.9998009801E-01   -1.7888466802E+01    1.6350203934E+01   -6.2240406726E+02
    9.9998004800E-01   -1.7988078754E+01    1.6396130536E+01   -6.2650466705E+02
    9.9997999800E-01   -1.8088518909E+01    1.6442294698E+01   -6.3064346190E+02
    9.9997994799E-01   -1.8189798756E+01    1.6488699206E+01   -6.3482100788E+02
    9.9997989799E-01   -1.8291930026E+01    1.6535346901E+01   -6.3903787320E+02
    9.9997984798E-01   -1.8394924706E+01    1.6582240683E+01   -6.4329463854E+02
    9.9997979798E-01   -1.8498795044E+01    1.6629383513E+01   -6.4759189748E+02
    9.9997974797E-01   -1.8603553555E+01    1.6676778414E+01   -6.5193025684E+02
    9.9997969797E-01   -1.8709213034E+01    1.6724428469E+01   -6.5631033714E+02
    9.9997964796E-01   -1.8815786560E+01    1.6772336831E+01   -6.6073277301E+02
    9.9997959796E-01   -1.8923287506E+01    1.6820506718E+01   -6.6519821355E+02
    9.9997954795E-01   -1.9031729549E+01    1.6868941417E+01   -6.6970732290E+02
    9.9997949795E-01   -1.9141126679E+01    1.6917644289E+01   -6.7426078065E+02
    9.9997944794E-01   -1.9251493210E+01    1.6966618767E+01   -6.7885928236E+02
    9.9997939794E-01   -1.9362843787E+01    1.7015868360E+01   -6.8350354002E+02
    9.9997934793E-01   -1.9475193401E+01    1.7065396657E+01   -6.8819428266E+02
    9.9997929793E-01   -1.9588557398E+01    1.7115207325E+01   -6.9293225685E+02
    9.9997924792E-01   -1.9702951488E+01    1.7165304118E+01   -6.9771822733E+02
    9.9997919792E-01   -1.9818391764E+01    1.7215690873E+01   -7.0255297753E+02
    9.9997914791E-01   -1.9934894706E+01    1.7266371520E+01   -7.0743731031E+02
    9.9997909791E-01   -2.0052477204E+01    1.7317350077E+01   -7.1237204853E+02
    9.9997904790E-01   -2.0171156561E+01    1.7368630659E+01   -7.1735803578E+02
    9.9997899790E-01   -2.0290950516E+01    1.7420217480E+01   -7.2239613709E+02
    9.9997894789E-01   -2.0411877255E+01    1.7472114852E+01   -7.2748723966E+02
    9.9997889789E-01   -2.0533955427E+01    1.7524327196E+01   -7.3263225365E+02
    9.9997884788E-01   -2.0657204159E+01    1.7576859040E+01   -7.3783211302E+02
    9.9997879788E-01   -2.0781643079E+01    1.7629715024E+01   -7.4308777637E+02
    9.9997874787E-01   -2.0907292326E+01    1.7682899903E+01   -7.4840022776E+02
    9.9997869787E-01   -2.1034172572E+01    1.7736418556E+01   -7.5377047780E+02
    9.9997864786E-01   -2.1162305044E+01    1.7790275984E+01   -7.5919956449E+02
    9.9997859786E-01   -2.1291711542E+01    1.7844477317E+01   -7.6468855430E+02
    9.9997854785E-01   -2.1422414459E+01    1.7899027821E+01   -7.7023854325E+02
    9.9997849785E-01   -2.1554436805E+01    1.7953932900E+01   -7.7585065800E+02
    9.9997844784E-01   -2.1687802235E+01    1.8009198100E+01   -7.8152605709E+02
    9.9997839784E-01   -2.1822535064E+01    1.8064829121E+01   -7.8726593213E+02
    9.9997834783E-01   -2.1958660301E+01    1.8120831813E+01   -7.9307150910E+02
    9.9997829783E-01   -2.2096203674E+01    1.8177212192E+01   -7.9894404974E+02
    9.9997824782E-01   -2.2235191659E+01    1.8233976439E+01   -8.0488485300E+02
    9.9997819782E-01   -2.2375651508E+01    1.8291130909E+01   -8.1089525650E+02
    9.9997814781E-01   -2.2517611282E+01    1.8348682140E+01   -8.1697663820E+02
    9.9997809781E-01   -2.2661099887E+01    1.8406636855E+01   -8.2313041795E+02
    9.9997804780E-01   -2.2806147103E+01    1.8465001978E+01   -8.2935805938E+02
    9.9997799780E-01   -2.2952783629E+01    1.8523784632E+01   -8.3566107171E+02
    9.9997794779E-01   -2.3101041115E+01    1.8582992156E+01   -8.4204101170E+02
    9.9997789779E-01   -2.3250952205E+01    1.8642632111E+01   -8.4849948569E+02
    9.9997784778E-01   -2.3402550585E+01    1.8702712287E+01   -8.5503815185E+02
    9.9997779778E-01   -2.3555871023E+01    1.8763240717E+01   -8.6165872247E+02
    9.9997774777E-01   -2.3710949420E+01    1.8824225685E+01   -8.6836296639E+02
    9.9997769777E-01   -2.3867822860E+01    1.8885675738E+01   -8.7515271152E+02
    9.9997764776E-01   -2.4026529670E+01    1.8947599699E+01   -8.8202984771E+02
    9.9997759776E-01   -2.4187109469E+01    1.9010006677E+01   -8.8899632953E+02
    9.9997754775E-01   -2.4349603234E+01    1.9072906083E+01   -8.9605417943E+02
    9.9997749775E-01   -2.4514053366E+01    1.9136307642E+01   -9.0320549089E+02
    9.9997744774E-01   -2.4680503756E+01    1.9200221409E+01   -9.1045243198E+02
    9.9997739774E-01   -2.4848999856E+01    1.9264657785E+01   -9.1779724902E+02
    9.9997734773E-01   -2.5019588765E+01    1.9329627533E+01   -9.2524227047E+02
    9.9997729773E-01   -2.5192319302E+01    1.9395141795E+01   -9.3278991109E+02
    9.9997724772E-01   -2.5367242099E+01    1.9461212116E+01   -9.4044267642E+02
    9.9997719772E-01   -2.5544409696E+01    1.9527850458E+01   -9.4820316746E+02
    9.9997714771E-01   -2.5723876637E+01    1.9595069225E+01   -9.5607408580E+02
    9.9997709771E-01   -2.5905699583E+01    1.9662881287E+01   -9.6405823895E+02
    9.9997704770E-01   -2.6089937419E+01    1.9731300002E+01   -9.7215854609E+02
    9.9997699770E-01   -2.6276651383E+01    1.9800339244E+01   -9.8037804437E+02
    9.9997694769E-01   -2.6465905194E+01    1.9870013432E+01   -9.8871989540E+02
    9.9997689769E-01   -2.6657765193E+01    1.9940337559E+01   -9.9718739247E+02
    9.9997684768E-01   -2.6852300493E+01    2.0011327226E+01   -1.0057839680E+03
    9.9997679768E-01   -2.7049583146E+01    2.0082998675E+01   -1.0145132021E+03
    9.9997674767E-01   -2.7249688311E+01    2.0155368829E+01   -1.0233788309E+03
    9.9997669767E-01   -2.7452694447E+01    2.0228455329E+01   -1.0323847564E+03
    9.9997664766E-01   -2.7658683514E+01    2.0302276581E+01   -1.0415350567E+03
    9.9997659766E-01   -2.7867741192E+01    2.0376851804E+01   -1.0508339970E+03
    9.9997654765E-01   -2.8079957121E+01    2.0452201075E+01   -1.0602860417E+03
    9.9997649765E-01   -2.8295425153E+01    2.0528345392E+01   -1.0698958673E+03
    9.9997644764E-01   -2.8514243632E+01    2.0605306727E+01   -1.0796683762E+03
    9.9997639764E-01   -2.8736515699E+01    2.0683108094E+01   -1.0896087128E+03
    9.9997634763E-01   -2.8962349617E+01    2.0761773619E+01   -1.0997222794E+03
    9.9997629763E-01   -2.9191859133E+01    2.0841328617E+01   -1.1100147545E+03
    9.9997624762E-01   -2.9425163863E+01    2.0921799674E+01   -1.1204921130E+03
    9.9997619762E-01   -2.9662389725E+01    2.1003214741E+01   -1.1311606473E+03
    9.9997614761E-01   -2.9903669405E+01    2.1085603231E+01   -1.1420269913E+03
    9.9997609761E-01   -3.0149142867E+01    2.1168996131E+01   -1.1530981466E+03
    9.9997604760E-01   -3.0398957922E+01    2.1253426120E+01   -1.1643815105E+03
    9.9997599760E-01   -3.0653270842E+01    2.1338927704E+01   -1.1758849084E+03
    9.9997594759E-01   -3.0912247052E+01    2.1425537358E+01   -1.1876166275E+03
    9.9997589759E-01   -3.1176061885E+01    2.1513293693E+01   -1.1995854564E+03
    9.9997584758E-01   -3.1444901420E+01    2.1602237630E+01   -1.2118007269E+03
    9.9997579758E-01   -3.1718963419E+01    2.1692412600E+01   -1.2242723616E+03
    9.9997574757E-01   -3.1998458364E+01    2.1783864765E+01   -1.2370109273E+03
    9.9997569757E-01   -3.2283610617E+01    2.1876643264E+01   -1.2500276931E+03
    9.9997564756E-01   -3.2574659725E+01    2.1970800491E+01   -1.2633346974E+03
    9.9997559756E-01   -3.2871861874E+01    2.2066392402E+01   -1.2769448214E+03
    9.9997554755E-01   -3.3175491538E+01    2.2163478864E+01   -1.2908718734E+03
    9.9997549755E-01   -3.3485843338E+01    2.2262124051E+01   -1.3051306831E+03
    9.9997544754E-01   -3.3803234150E+01    2.2362396887E+01   -1.3197372090E+03
    9.9997539754E-01   -3.4128005502E+01    2.2464371557E+01   -1.3347086606E+03
    9.9997534753E-01   -3.4460526318E+01    2.2568128083E+01   -1.3500636380E+03
    9.9997529753E-01   -3.4801196061E+01    2.2673752988E+01   -1.3658222923E+03
    9.9997524752E-01   -3.5150448356E+01    2.2781340066E+01   -1.3820065099E+03
    9.9997519752E-01   -3.5508755178E+01    2.2890991257E+01   -1.3986401262E+03
    9.9997514751E-01   -3.5876631726E+01    2.3002817682E+01   -1.4157491745E+03
    9.9997509751E-01   -3.6254642124E+01    2.3116940839E+01   -1.4333621760E+03
    9.9997504750E-01   -3.6643406109E+01    2.3233494012E+01   -1.4515104823E+03
    9.9997499750E-01   -3.7043606954E+01    2.3352623939E+01   -1.4702286788E+03
    9.9997494749E-01   -3.7456000887E+01    2.3474492788E+01   -1.4895550660E+03
    9.9997489749E-01   -3.7881428386E+01    2.3599280534E+01   -1.5095322365E+03
    9.9997484748E-01   -3.8320827811E+01    2.3727187817E+01   -1.5302077719E+03
    9.9997479748E-01   -3.8775252010E+01    2.3858439428E+01   -1.5516350905E+03
    9.9997474747E-01   -3.9245888708E+01    2.3993288579E+01   -1.5738744910E+03
    9.9997469747E-01   -3.9734085816E+01    2.4132022209E+01   -1.5969944457E+03
    9.9997464746E-01   -4.0241383160E+01    2.4274967620E+01   -1.6210732244E+03
    9.9997459746E-01   -4.0769552766E+01    2.4422500908E+01   -1.6462009557E+03
    9.9997454745E-01   -4.1320650665E+01    2.4575057790E+01   -1.6724822790E+03
    9.9997449745E-01   -4.1897084563E+01    2.4733147739E+01   -1.7000398098E+03
    9.9997444744E-01   -4.2501703691E+01    2.4897372736E+01   -1.7290187414E+03
    9.9997439744E-01   -4.3137920437E+01    2.5068452647E+01   -1.7595930784E+03
    9.9997434743E-01   -4.3809878678E+01    2.5247260301E+01   -1.7919742637E+03
    9.9997429743E-01   -4.4522692750E+01    2.5434871273E+01   -1.8264234316E+03
    9.9997424742E-01   -4.5282797030E+01    2.5632636639E+01   -1.8632693374E+03
    9.9997419742E-01   -4.6098475894E+01    2.5842293211E+01   -1.9029355478E+03
    9.9997414741E-01   -4.6980702710E+01    2.6066137911E+01   -1.9459835004E+03
    9.9997409741E-01   -4.7944541284E+01    2.6307318843E+01   -1.9931844544E+03
    9.9997404740E-01   -4.9011652895E+01    2.6570355613E+01   -2.0456482454E+03
    9.9997399740E-01   -5.0215207373E+01    2.6862157837E+01   -2.1050755932E+03
    9.9997394739E-01   -5.1610807909E+01    2.7194289161E+01   -2.1743195614E+03
    9.9997389739E-01   -5.3305995719E+01    2.7589077067E+01   -2.2589024412E+03
    9.9997384738E-01   -5.5573215238E+01    2.8102987525E+01   -2.3728257394E+03
    9.9997379738E-01   -6.0235393615E+01    2.9112894141E+01   -2.6098692276E+03
    9.9997374737E-01   -6.1922186003E+01    2.9483845975E+01   -2.6935251671E+03
    9.9997369737E-01   -4.5448722432E+01    2.5881941020E+01   -1.8441090415E+03
    9.9997364736E-01   -4.6367551604E+01    2.6118151454E+01   -1.8881710709E+03
    9.9997359736E-01   -4.7387192821E+01    2.6376313425E+01   -1.9372730100E+03
    9.9997354735E-01   -4.8533711468E+01    2.6661904522E+01   -1.9927198838E+03
    9.9997349735E-01   -4.9856923534E+01    2.6985545186E+01   -2.0570165802E+03
    9.9997344734E-01   -5.1450799340E+01    2.7367235785E+01   -2.1348917883E+03
    9.9997339734E-01   -5.3541283576E+01    2.7854982778E+01   -2.2377244072E+03
    9.9997334733E-01   -5.7235573465E+01    2.8683566904E+01   -2.4213273164E+03
    9.9997329733E-01   -5.2496936818E+01    2.7663038249E+01   -2.1793220115E+03
    9.9997324732E-01   -5.5397577247E+01    2.8326726106E+01   -2.3223064573E+03
    9.9997319732E-01   -4.6781534736E+01    2.6389549685E+01   -1.8866550545E+03
    9.9997314731E-01   -4.7976537940E+01    2.6690528069E+01   -1.9436704419E+03
    9.9997309731E-01   -4.9384022179E+01    2.7038119622E+01   -2.0111725837E+03
    9.9997304730E-01   -5.1138029488E+01    2.7461355860E+01   -2.0958024892E+03
    9.9997299730E-01   -5.3650374779E+01    2.8049402088E+01   -2.2179851471E+03
    9.9997294729E-01   -5.7620318643E+01    2.8944957883E+01   -2.4123790746E+03
    9.9997289729E-01   -6.4341416731E+01    3.0391130905E+01   -2.7428822860E+03
    9.9997284728E-01   -5.9497120000E+01    2.9390810180E+01   -2.5000456573E+03
    9.9997279728E-01   -5.7760187534E+01    2.9036727432E+01   -2.4111465655E+03
    9.9997274727E-01   -2.0335037813E+02    5.1861845657E+01   -9.6403501042E+03
    9.9997269727E-01   -2.0285274903E+02    5.1833674646E+01   -9.5922039237E+03
    9.9997264726E-01   -2.0232197169E+02    5.1801308270E+01   -9.5425939583E+03
    9.9997259726E-01   -2.0179258625E+02    5.1768962492E+01   -9.4932399473E+03
    9.9997254725E-01   -2.0126458819E+02    5.1736637189E+01   -9.4441407491E+03
    9.9997249725E-01   -2.0073797298E+02    5.1704332237E+01   -9.3952952251E+03
    9.9997244724E-01   -2.0021273615E+02    5.1672047515E+01   -9.3467022401E+03
    9.9997239724E-01   -1.9968887320E+02    5.1639782900E+01   -9.2983606620E+03
    9.9997234723E-01   -1.9916637969E+02    5.1607538271E+01   -9.2502693619E+03
    9.9997229723E-01   -1.9864525117E+02    5.1575313507E+01   -9.2024272139E+03
    9.9997224722E-01   -1.9812548322E+02    5.1543108486E+01   -9.1548330957E+03
    9.9997219722E-01   -1.9760707144E+02    5.1510923086E+01   -9.1074858880E+03
    9.9997214721E-01   -1.9709001145E+02    5.1478757188E+01   -9.0603844745E+03
    9.9997209721E-01   -1.9657429887E+02    5.1446610671E+01   -9.0135277423E+03
    9.9997204720E-01   -1.9605992935E+02    5.1414483415E+01   -8.9669145815E+03
    9.9997199720E-01   -1.9554689858E+02    5.1382375299E+01   -8.9205438858E+03
    9.9997194719E-01   -1.9503520222E+02    5.1350286204E+01   -8.8744145517E+03
    9.9997189719E-01   -1.9452483598E+02    5.1318216009E+01   -8.8285254789E+03
    9.9997184718E-01   -1.9401579559E+02    5.1286164597E+01   -8.7828755703E+03
    9.9997179718E-01   -1.9350807678E+02    5.1254131848E+01   -8.7374637323E+03
    9.9997174717E-01   -1.9300167530E+02    5.1222117642E+01   -8.6922888742E+03
    9.9997169717E-01   -1.9249658694E+02    5.1190121862E+01   -8.6473499083E+03
    9.9997164716E-01   -1.9199280746E+02    5.1158144389E+01   -8.6026457505E+03
    9.9997159716E-01   -1.9149033269E+02    5.1126185104E+01   -8.5581753197E+03
    9.9997154715E-01   -1.9098915845E+02    5.1094243890E+01   -8.5139375379E+03
    9.9997149715E-01   -1.9048928057E+02    5.1062320630E+01   -8.4699313304E+03
    9.9997144714E-01   -1.8999069491E+02    5.1030415204E+01   -8.4261556255E+03
    9.9997139714E-01   -1.8949339735E+02    5.0998527497E+01   -8.3826093551E+03
    9.9997134713E-01   -1.8899738376E+02    5.0966657391E+01   -8.3392914538E+03
    9.9997129713E-01   -1.8850265007E+02    5.0934804770E+01   -8.2962008597E+03
    9.9997124712E-01   -1.8800919218E+02    5.0902969515E+01   -8.2533365140E+03
    9.9997119712E-01   -1.8751700604E+02    5.0871151512E+01   -8.2106973609E+03
    9.9997114711E-01   -1.8702608760E+02    5.0839350643E+01   -8.1682823482E+03
    9.9997109711E-01   -1.8653643284E+02    5.0807566794E+01   -8.1260904265E+03
    9.9997104710E-01   -1.8604803773E+02    5.0775799847E+01   -8.0841205497E+03
    9.9997099710E-01   -1.8556089828E+02    5.0744049687E+01   -8.0423716749E+03
    9.9997094709E-01   -1.8507501051E+02    5.0712316199E+01   -8.0008427625E+03
    9.9997089709E-01   -1.8459037046E+02    5.0680599267E+01   -7.9595327760E+03
    9.9997084708E-01   -1.8410697416E+02    5.0648898777E+01   -7.9184406820E+03
    9.9997079708E-01   -1.8362481769E+02    5.0617214612E+01   -7.8775654503E+03
    9.9997074707E-01   -1.8314389712E+02    5.0585546660E+01   -7.8369060541E+03
    9.9997069707E-01   -1.8266420856E+02    5.0553894805E+01   -7.7964614697E+03
    9.9997064706E-01   -1.8218574810E+02    5.0522258932E+01   -7.7562306765E+03
    9.9997059706E-01   -1.8170851189E+02    5.0490638928E+01   -7.7162126569E+03
    9.9997054705E-01   -1.8123249606E+02    5.0459034678E+01   -7.6764063971E+03
    9.9997049705E-01   -1.8075769676E+02    5.0427446070E+01   -7.6368108859E+03
    9.9997044704E-01   -1.8028411017E+02    5.0395872988E+01   -7.5974251156E+03
    9.9997039704E-01   -1.7981173247E+02    5.0364315320E+01   -7.5582480816E+03
    9.9997034703E-01   -1.7934055987E+02    5.0332772953E+01   -7.5192787825E+03
    9.9997029703E-01   -1.7887058858E+02    5.0301245772E+01   -7.4805162203E+03
    9.9997024702E-01   -1.7840181483E+02    5.0269733666E+01   -7.4419593997E+03
    9.9997019702E-01   -1.7793423487E+02    5.0238236522E+01   -7.4036073292E+03
    9.9997014701E-01   -1.7746784495E+02    5.0206754226E+01   -7.3654590200E+03
    9.9997009701E-01   -1.7700264135E+02    5.0175286666E+01   -7.3275134869E+03
    9.9997004700E-01   -1.7653862037E+02    5.0143833730E+01   -7.2897697476E+03
    9.9996999700E-01   -1.7607577830E+02    5.0112395307E+01   -7.2522268232E+03
    9.9996994699E-01   -1.7561411145E+02    5.0080971282E+01   -7.2148837378E+03
    9.9996989699E-01   -1.7515361617E+02    5.0049561546E+01   -7.1777395191E+03
    9.9996984698E-01   -1.7469428879E+02    5.0018165986E+01   -7.1407931976E+03
    9.9996979698E-01   -1.7423612568E+02    4.9986784491E+01   -7.1040438071E+03
    9.9996974697E-01   -1.7377912321E+02    4.9955416948E+01   -7.0674903847E+03
    9.9996969697E-01   -1.7332327777E+02    4.9924063248E+01   -7.0311319707E+03
    9.9996964696E-01   -1.7286858575E+02    4.9892723279E+01   -6.9949676085E+03
    9.9996959696E-01   -1.7241504358E+02    4.9861396929E+01   -6.9589963450E+03
    9.9996954695E-01   -1.7196264768E+02    4.9830084088E+01   -6.9232172298E+03
    9.9996949695E-01   -1.7151139449E+02    4.9798784646E+01   -6.8876293162E+03
    9.9996944694E-01   -1.7106128047E+02    4.9767498491E+01   -6.8522316606E+03
    9.9996939694E-01   -1.7061230209E+02    4.9736225513E+01   -6.8170233223E+03
    9.9996934693E-01   -1.7016445583E+02    4.9704965602E+01   -6.7820033643E+03
    9.9996929693E-01   -1.6971773819E+02    4.9673718647E+01   -6.7471708524E+03
    9.9996924692E-01   -1.6927214568E+02    4.9642484539E+01   -6.7125248559E+03
    9.9996919692E-01   -1.6882767482E+02    4.9611263168E+01   -6.6780644471E+03
    9.9996914691E-01   -1.6838432214E+02    4.9580054424E+01   -6.6437887018E+03
    9.9996909691E-01   -1.6794208419E+02    4.9548858196E+01   -6.6096966985E+03
    9.9996904690E-01   -1.6750095754E+02    4.9517674376E+01   -6.5757875196E+03
    9.9996899690E-01   -1.6706093876E+02    4.9486502854E+01   -6.5420602502E+03
    9.9996894689E-01   -1.6662202443E+02    4.9455343521E+01   -6.5085139788E+03
    9.9996889689E-01   -1.6618421117E+02    4.9424196267E+01   -6.4751477970E+03
    9.9996884688E-01   -1.6574749557E+02    4.9393060983E+01   -6.4419608000E+03
    9.9996879688E-01   -1.6531187427E+02    4.9361937561E+01   -6.4089520857E+03
    9.9996874687E-01   -1.6487734391E+02    4.9330825890E+01   -6.3761207556E+03
    9.9996869687E-01   -1.6444390113E+02    4.9299725864E+01   -6.3434659141E+03
    9.9996864686E-01   -1.6401154260E+02    4.9268637372E+01   -6.3109866692E+03
    9.9996859686E-01   -1.6358026499E+02    4.9237560306E+01   -6.2786821318E+03
    9.9996854685E-01   -1.6315006500E+02    4.9206494558E+01   -6.2465514162E+03
    9.9996849685E-01   -1.6272093932E+02    4.9175440019E+01   -6.2145936398E+03
    9.9996844684E-01   -1.6229288467E+02    4.9144396581E+01   -6.1828079234E+03
    9.9996839684E-01   -1.6186589777E+02    4.9113364135E+01   -6.1511933907E+03
    9.9996834683E-01   -1.6143997535E+02    4.9082342575E+01   -6.1197491689E+03
    9.9996829683E-01   -1.6101511418E+02    4.9051331790E+01   -6.0884743884E+03
    9.9996824682E-01   -1.6059131100E+02    4.9020331674E+01   -6.0573681826E+03
    9.9996819682E-01   -1.6016856260E+02    4.8989342119E+01   -6.0264296884E+03
    9.9996814681E-01   -1.5974686575E+02    4.8958363017E+01   -5.9956580457E+03
    9.9996809681E-01   -1.5932621726E+02    4.8927394260E+01   -5.9650523977E+03
    9.9996804680E-01   -1.5890661393E+02    4.8896435740E+01   -5.9346118908E+03
    9.9996799680E-01   -1.5848805258E+02    4.8865487350E+01   -5.9043356747E+03
    9.9996794679E-01   -1.5807053005E+02    4.8834548983E+01   -5.8742229021E+03
    9.9996789679E-01   -1.5765404318E+02    4.8803620531E+01   -5.8442727292E+03
    9.9996784678E-01   -1.5723858882E+02    4.8772701886E+01   -5.8144843152E+03
    9.9996779678E-01   -1.5682416384E+02    4.8741792942E+01   -5.7848568225E+03
    9.9996774677E-01   -1.5641076512E+02    4.8710893591E+01   -5.7553894169E+03
    9.9996769677E-01   -1.5599838954E+02    4.8680003727E+01   -5.7260812673E+03
    9.9996764676E-01   -1.5558703402E+02    4.8649123241E+01   -5.6969315456E+03
    9.9996759676E-01   -1.5517669546E+02    4.8618252028E+01   -5.6679394274E+03
    9.9996754675E-01   -1.5476737078E+02    4.8587389979E+01   -5.6391040910E+03
    9.9996749675E-01   -1.5435905692E+02    4.8556536989E+01   -5.6104247181E+03
    9.9996744674E-01   -1.5395175082E+02    4.8525692950E+01   -5.5819004937E+03
    9.9996739674E-01   -1.5354544944E+02    4.8494857756E+01   -5.5535306059E+03
    9.9996734673E-01   -1.5314014976E+02    4.8464031300E+01   -5.5253142461E+03
    9.9996729673E-01   -1.5273584874E+02    4.8433213475E+01   -5.4972506087E+03
    9.9996724672E-01   -1.5233254338E+02    4.8402404175E+01   -5.4693388914E+03
    9.9996719672E-01   -1.5193023067E+02    4.8371603293E+01   -5.4415782951E+03
    9.9996714671E-01   -1.5152890763E+02    4.8340810722E+01   -5.4139680239E+03
    9.9996709671E-01   -1.5112857128E+02    4.8310026356E+01   -5.3865072852E+03
    9.9996704670E-01   -1.5072921865E+02    4.8279250089E+01   -5.3591952893E+03
    9.9996699670E-01   -1.5033084679E+02    4.8248481814E+01   -5.3320312499E+03
    9.9996694669E-01   -1.4993345274E+02    4.8217721425E+01   -5.3050143839E+03
    9.9996689669E-01   -1.4953703358E+02    4.8186968815E+01   -5.2781439113E+03
    9.9996684668E-01   -1.4914158638E+02    4.8156223879E+01   -5.2514190553E+03
    9.9996679668E-01   -1.4874710822E+02    4.8125486509E+01   -5.2248390422E+03
    9.9996674667E-01   -1.4835359620E+02    4.8094756600E+01   -5.1984031015E+03
    9.9996669667E-01   -1.4796104742E+02    4.8064034046E+01   -5.1721104661E+03
    9.9996664666E-01   -1.4756945900E+02    4.8033318740E+01   -5.1459603718E+03
    9.9996659666E-01   -1.4717882807E+02    4.8002610576E+01   -5.1199520576E+03
    9.9996654665E-01   -1.4678915176E+02    4.7971909447E+01   -5.0940847657E+03
    9.9996649665E-01   -1.4640042722E+02    4.7941215249E+01   -5.0683577416E+03
    9.9996644664E-01   -1.4601265161E+02    4.7910527875E+01   -5.0427702337E+03
    9.9996639664E-01   -1.4562582209E+02    4.7879847217E+01   -5.0173214936E+03
    9.9996634663E-01   -1.4523993584E+02    4.7849173172E+01   -4.9920107764E+03
    9.9996629663E-01   -1.4485499004E+02    4.7818505632E+01   -4.9668373398E+03
    9.9996624662E-01   -1.4447098190E+02    4.7787844492E+01   -4.9418004451E+03
    9.9996619662E-01   -1.4408790862E+02    4.7757189644E+01   -4.9168993564E+03
    9.9996614661E-01   -1.4370576741E+02    4.7726540985E+01   -4.8921333412E+03
    9.9996609661E-01   -1.4332455551E+02    4.7695898406E+01   -4.8675016700E+03
    9.9996604660E-01   -1.4294427014E+02    4.7665261803E+01   -4.8430036165E+03
    9.9996599660E-01   -1.4256490856E+02    4.7634631069E+01   -4.8186384575E+03
    9.9996594659E-01   -1.4218646801E+02    4.7604006098E+01   -4.7944054727E+03
    9.9996589659E-01   -1.4180894576E+02    4.7573386785E+01   -4.7703039453E+03
    9.9996584658E-01   -1.4143233909E+02    4.7542773022E+01   -4.7463331613E+03
    9.9996579658E-01   -1.4105664528E+02    4.7512164705E+01   -4.7224924102E+03
    9.9996574657E-01   -1.4068186162E+02    4.7481561726E+01   -4.6987809840E+03
    9.9996569657E-01   -1.4030798542E+02    4.7450963981E+01   -4.6751981784E+03
    9.9996564656E-01   -1.3993501398E+02    4.7420371362E+01   -4.6517432918E+03
    9.9996559656E-01   -1.3956294463E+02    4.7389783764E+01   -4.6284156259E+03
    9.9996554655E-01   -1.3919177470E+02    4.7359201080E+01   -4.6052144854E+03
    9.9996549655E-01   -1.3882150152E+02    4.7328623205E+01   -4.5821391782E+03
    9.9996544654E-01   -1.3845212245E+02    4.7298050032E+01   -4.5591890150E+03
    9.9996539654E-01   -1.3808363484E+02    4.7267481455E+01   -4.5363633100E+03
    9.9996534653E-01   -1.3771603606E+02    4.7236917369E+01   -4.5136613799E+03
    9.9996529653E-01   -1.3734932348E+02    4.7206357665E+01   -4.4910825451E+03
    9.9996524652E-01   -1.3698349450E+02    4.7175802239E+01   -4.4686261285E+03
    9.9996519652E-01   -1.3661854650E+02    4.7145250984E+01   -4.4462914565E+03
    9.9996514651E-01   -1.3625447688E+02    4.7114703794E+01   -4.4240778583E+03
    9.9996509651E-01   -1.3589128307E+02    4.7084160561E+01   -4.4019846661E+03
    9.9996504650E-01   -1.3552896247E+02    4.7053621181E+01   -4.3800112153E+03
    9.9996499650E-01   -1.3516751252E+02    4.7023085546E+01   -4.3581568444E+03
    9.9996494649E-01   -1.3480693065E+02    4.6992553550E+01   -4.3364208945E+03
    9.9996489649E-01   -1.3444721432E+02    4.6962025086E+01   -4.3148027102E+03
    9.9996484648E-01   -1.3408836097E+02    4.6931500048E+01   -4.2933016390E+03
    9.9996479648E-01   -1.3373036808E+02    4.6900978329E+01   -4.2719170312E+03
    9.9996474647E-01   -1.3337323311E+02    4.6870459822E+01   -4.2506482403E+03
    9.9996469647E-01   -1.3301695354E+02    4.6839944421E+01   -4.2294946228E+03
    9.9996464646E-01   -1.3266152687E+02    4.6809432018E+01   -4.2084555380E+03
    9.9996459646E-01   -1.3230695058E+02    4.6778922508E+01   -4.1875303485E+03
    9.9996454645E-01   -1.3195322220E+02    4.6748415782E+01   -4.1667184197E+03
    9.9996449645E-01   -1.3160033923E+02    4.6717911735E+01   -4.1460191198E+03
    9.9996444644E-01   -1.3124829919E+02    4.6687410258E+01   -4.1254318204E+03
    9.9996439644E-01   -1.3089709962E+02    4.6656911245E+01   -4.1049558956E+03
    9.9996434643E-01   -1.3054673806E+02    4.6626414589E+01   -4.0845907229E+03
    9.9996429643E-01   -1.3019721205E+02    4.6595920182E+01   -4.0643356823E+03
    9.9996424642E-01   -1.2984851915E+02    4.6565427917E+01   -4.0441901571E+03
    9.9996419642E-01   -1.2950065693E+02    4.6534937687E+01   -4.0241535335E+03
    9.9996414641E-01   -1.2915362296E+02    4.6504449384E+01   -4.0042252003E+03
    9.9996409641E-01   -1.2880741481E+02    4.6473962900E+01   -3.9844045497E+03
    9.9996404640E-01   -1.2846203007E+02    4.6443478129E+01   -3.9646909764E+03
    9.9996399640E-01   -1.2811746635E+02    4.6412994961E+01   -3.9450838784E+03
    9.9996394639E-01   -1.2777372125E+02    4.6382513290E+01   -3.9255826562E+03
    9.9996389639E-01   -1.2743079237E+02    4.6352033007E+01   -3.9061867136E+03
    9.9996384638E-01   -1.2708867735E+02    4.6321554004E+01   -3.8868954569E+03
    9.9996379638E-01   -1.2674737380E+02    4.6291076174E+01   -3.8677082955E+03
    9.9996374637E-01   -1.2640687936E+02    4.6260599408E+01   -3.8486246418E+03
    9.9996369637E-01   -1.2606719168E+02    4.6230123597E+01   -3.8296439108E+03
    9.9996364636E-01   -1.2572830840E+02    4.6199648634E+01   -3.8107655204E+03
    9.9996359636E-01   -1.2539022719E+02    4.6169174410E+01   -3.7919888916E+03
    9.9996354635E-01   -1.2505294572E+02    4.6138700817E+01   -3.7733134481E+03
    9.9996349635E-01   -1.2471646165E+02    4.6108227744E+01   -3.7547386163E+03
    9.9996344634E-01   -1.2438077267E+02    4.6077755085E+01   -3.7362638256E+03
    9.9996339634E-01   -1.2404587648E+02    4.6047282730E+01   -3.7178885082E+03
    9.9996334633E-01   -1.2371177075E+02    4.6016810569E+01   -3.6996120991E+03
    9.9996329633E-01   -1.2337845321E+02    4.5986338494E+01   -3.6814340361E+03
    9.9996324632E-01   -1.2304592156E+02    4.5955866395E+01   -3.6633537598E+03
    9.9996319632E-01   -1.2271417352E+02    4.5925394163E+01   -3.6453707137E+03
    9.9996314631E-01   -1.2238320682E+02    4.5894921689E+01   -3.6274843439E+03
    9.9996309631E-01   -1.2205301919E+02    4.5864448862E+01   -3.6096940994E+03
    9.9996304630E-01   -1.2172360837E+02    4.5833975574E+01   -3.5919994321E+03
    9.9996299630E-01   -1.2139497212E+02    4.5803501713E+01   -3.5743997962E+03
    9.9996294629E-01   -1.2106710818E+02    4.5773027171E+01   -3.5568946493E+03
    9.9996289629E-01   -1.2074001433E+02    4.5742551836E+01   -3.5394834512E+03
    9.9996284628E-01   -1.2041368833E+02    4.5712075599E+01   -3.5221656648E+03
    9.9996279628E-01   -1.2008812796E+02    4.5681598349E+01   -3.5049407555E+03
    9.9996274627E-01   -1.1976333100E+02    4.5651119975E+01   -3.4878081915E+03
    9.9996269627E-01   -1.1943929524E+02    4.5620640367E+01   -3.4707674439E+03
    9.9996264626E-01   -1.1911601850E+02    4.5590159413E+01   -3.4538179861E+03
    9.9996259626E-01   -1.1879349856E+02    4.5559677004E+01   -3.4369592946E+03
    9.9996254625E-01   -1.1847173324E+02    4.5529193027E+01   -3.4201908484E+03
    9.9996249625E-01   -1.1815072036E+02    4.5498707370E+01   -3.4035121292E+03
    9.9996244624E-01   -1.1783045776E+02    4.5468219924E+01   -3.3869226214E+03
    9.9996239624E-01   -1.1751094325E+02    4.5437730575E+01   -3.3704218121E+03
    9.9996234623E-01   -1.1719217469E+02    4.5407239212E+01   -3.3540091909E+03
    9.9996229623E-01   -1.1687414992E+02    4.5376745723E+01   -3.3376842502E+03
    9.9996224622E-01   -1.1655686679E+02    4.5346249996E+01   -3.3214464850E+03
    9.9996219622E-01   -1.1624032317E+02    4.5315751919E+01   -3.3052953930E+03
    9.9996214621E-01   -1.1592451691E+02    4.5285251378E+01   -3.2892304743E+03
    9.9996209621E-01   -1.1560944590E+02    4.5254748261E+01   -3.2732512320E+03
    9.9996204620E-01   -1.1529510802E+02    4.5224242456E+01   -3.2573571714E+03
    9.9996199620E-01   -1.1498150115E+02    4.5193733849E+01   -3.2415478006E+03
    9.9996194619E-01   -1.1466862319E+02    4.5163222326E+01   -3.2258226302E+03
    9.9996189619E-01   -1.1435647204E+02    4.5132707775E+01   -3.2101811737E+03
    9.9996184618E-01   -1.1404504560E+02    4.5102190082E+01   -3.1946229466E+03
    9.9996179618E-01   -1.1373434180E+02    4.5071669132E+01   -3.1791474674E+03
    9.9996174617E-01   -1.1342435854E+02    4.5041144812E+01   -3.1637542571E+03
    9.9996169617E-01   -1.1311509375E+02    4.5010617008E+01   -3.1484428391E+03
    9.9996164616E-01   -1.1280654537E+02    4.4980085605E+01   -3.1332127393E+03
    9.9996159616E-01   -1.1249871135E+02    4.4949550488E+01   -3.1180634864E+03
    9.9996154615E-01   -1.1219158961E+02    4.4919011542E+01   -3.1029946114E+03
    9.9996149615E-01   -1.1188517812E+02    4.4888468654E+01   -3.0880056478E+03
    9.9996144614E-01   -1.1157947483E+02    4.4857921706E+01   -3.0730961318E+03
    9.9996139614E-01   -1.1127447771E+02    4.4827370584E+01   -3.0582656017E+03
    9.9996134613E-01   -1.1097018473E+02    4.4796815172E+01   -3.0435135987E+03
    9.9996129613E-01   -1.1066659386E+02    4.4766255353E+01   -3.0288396663E+03
    9.9996124612E-01   -1.1036370310E+02    4.4735691012E+01   -3.0142433504E+03
    9.9996119612E-01   -1.1006151042E+02    4.4705122033E+01   -2.9997241994E+03
    9.9996114611E-01   -1.0976001382E+02    4.4674548298E+01   -2.9852817643E+03
    9.9996109611E-01   -1.0945921131E+02    4.4643969691E+01   -2.9709155982E+03
    9.9996104610E-01   -1.0915910089E+02    4.4613386094E+01   -2.9566252569E+03
    9.9996099610E-01   -1.0885968058E+02    4.4582797391E+01   -2.9424102985E+03
    9.9996094609E-01   -1.0856094839E+02    4.4552203463E+01   -2.9282702836E+03
    9.9996089609E-01   -1.0826290235E+02    4.4521604193E+01   -2.9142047751E+03
    9.9996084608E-01   -1.0796554050E+02    4.4490999462E+01   -2.9002133384E+03
    9.9996079608E-01   -1.0766886087E+02    4.4460389152E+01   -2.8862955411E+03
    9.9996074607E-01   -1.0737286150E+02    4.4429773145E+01   -2.8724509534E+03
    9.9996069607E-01   -1.0707754044E+02    4.4399151321E+01   -2.8586791475E+03
    9.9996064606E-01   -1.0678289575E+02    4.4368523562E+01   -2.8449796985E+03
    9.9996059606E-01   -1.0648892549E+02    4.4337889748E+01   -2.8313521833E+03
    9.9996054605E-01   -1.0619562772E+02    4.4307249759E+01   -2.8177961814E+03
    9.9996049605E-01   -1.0590300052E+02    4.4276603474E+01   -2.8043112746E+03
    9.9996044604E-01   -1.0561104197E+02    4.4245950775E+01   -2.7908970471E+03
    9.9996039604E-01   -1.0531975014E+02    4.4215291541E+01   -2.7775530852E+03
    9.9996034603E-01   -1.0502912313E+02    4.4184625650E+01   -2.7642789776E+03
    9.9996029603E-01   -1.0473915904E+02    4.4153952981E+01   -2.7510743153E+03
    9.9996024602E-01   -1.0444985596E+02    4.4123273413E+01   -2.7379386915E+03
    9.9996019602E-01   -1.0416121200E+02    4.4092586825E+01   -2.7248717018E+03
    9.9996014601E-01   -1.0387322527E+02    4.4061893093E+01   -2.7118729439E+03
    9.9996009601E-01   -1.0358589389E+02    4.4031192097E+01   -2.6989420179E+03
    9.9996004600E-01   -1.0329921599E+02    4.4000483712E+01   -2.6860785260E+03
    9.9995999600E-01   -1.0301318968E+02    4.3969767817E+01   -2.6732820728E+03
    9.9995994599E-01   -1.0272781311E+02    4.3939044288E+01   -2.6605522648E+03
    9.9995989599E-01   -1.0244308442E+02    4.3908313001E+01   -2.6478887111E+03
    9.9995984598E-01   -1.0215900174E+02    4.3877573833E+01   -2.6352910228E+03
    9.9995979598E-01   -1.0187556323E+02    4.3846826659E+01   -2.6227588131E+03
    9.9995974597E-01   -1.0159276704E+02    4.3816071355E+01   -2.6102916976E+03
    9.9995969597E-01   -1.0131061134E+02    4.3785307795E+01   -2.5978892939E+03
    9.9995964596E-01   -1.0102909428E+02    4.3754535855E+01   -2.5855512218E+03
    9.9995959596E-01   -1.0074821405E+02    4.3723755410E+01   -2.5732771033E+03
    9.9995954595E-01   -1.0046796881E+02    4.3692966332E+01   -2.5610665625E+03
    9.9995949595E-01   -1.0018835675E+02    4.3662168495E+01   -2.5489192256E+03
    9.9995944594E-01   -9.9909376063E+01    4.3631361774E+01   -2.5368347211E+03
    9.9995939594E-01   -9.9631024930E+01    4.3600546041E+01   -2.5248126794E+03
    9.9995934593E-01   -9.9353301551E+01    4.3569721169E+01   -2.5128527330E+03
    9.9995929593E-01   -9.9076204129E+01    4.3538887030E+01   -2.5009545167E+03
    9.9995924592E-01   -9.8799730871E+01    4.3508043496E+01   -2.4891176673E+03
    9.9995919592E-01   -9.8523879989E+01    4.3477190438E+01   -2.4773418234E+03
    9.9995914591E-01   -9.8248649701E+01    4.3446327728E+01   -2.4656266262E+03
    9.9995909591E-01   -9.7974038230E+01    4.3415455236E+01   -2.4539717185E+03
    9.9995904590E-01   -9.7700043802E+01    4.3384572834E+01   -2.4423767453E+03
    9.9995899590E-01   -9.7426664649E+01    4.3353680390E+01   -2.4308413537E+03
    9.9995894589E-01   -9.7153899010E+01    4.3322777774E+01   -2.4193651927E+03
    9.9995889589E-01   -9.6881745126E+01    4.3291864856E+01   -2.4079479135E+03
    9.9995884588E-01   -9.6610201244E+01    4.3260941504E+01   -2.3965891692E+03
    9.9995879588E-01   -9.6339265616E+01    4.3230007588E+01   -2.3852886147E+03
    9.9995874587E-01   -9.6068936499E+01    4.3199062973E+01   -2.3740459073E+03
    9.9995869587E-01   -9.5799212154E+01    4.3168107530E+01   -2.3628607060E+03
    9.9995864586E-01   -9.5530090847E+01    4.3137141123E+01   -2.3517326719E+03
    9.9995859586E-01   -9.5261570850E+01    4.3106163621E+01   -2.3406614678E+03
    9.9995854585E-01   -9.4993650438E+01    4.3075174889E+01   -2.3296467589E+03
    9.9995849585E-01   -9.4726327892E+01    4.3044174793E+01   -2.3186882120E+03
    9.9995844584E-01   -9.4459601497E+01    4.3013163199E+01   -2.3077854958E+03
    9.9995839584E-01   -9.4193469542E+01    4.2982139972E+01   -2.2969382813E+03
    9.9995834583E-01   -9.3927930322E+01    4.2951104975E+01   -2.2861462409E+03
    9.9995829583E-01   -9.3662982137E+01    4.2920058074E+01   -2.2754090494E+03
    9.9995824582E-01   -9.3398623289E+01    4.2888999131E+01   -2.2647263832E+03
    9.9995819582E-01   -9.3134852087E+01    4.2857928010E+01   -2.2540979206E+03
    9.9995814581E-01   -9.2871666843E+01    4.2826844573E+01   -2.2435233418E+03
    9.9995809581E-01   -9.2609065876E+01    4.2795748683E+01   -2.2330023290E+03
    9.9995804580E-01   -9.2347047506E+01    4.2764640201E+01   -2.2225345661E+03
    9.9995799580E-01   -9.2085610059E+01    4.2733518988E+01   -2.2121197389E+03
    9.9995794579E-01   -9.1824751866E+01    4.2702384905E+01   -2.2017575351E+03
    9.9995789579E-01   -9.1564471263E+01    4.2671237813E+01   -2.1914476441E+03
    9.9995784578E-01   -9.1304766589E+01    4.2640077570E+01   -2.1811897573E+03
    9.9995779578E-01   -9.1045636187E+01    4.2608904037E+01   -2.1709835677E+03
    9.9995774577E-01   -9.0787078405E+01    4.2577717071E+01   -2.1608287702E+03
    9.9995769577E-01   -9.0529091596E+01    4.2546516532E+01   -2.1507250617E+03
    9.9995764576E-01   -9.0271674117E+01    4.2515302276E+01   -2.1406721405E+03
    9.9995759576E-01   -9.0014824328E+01    4.2484074160E+01   -2.1306697068E+03
    9.9995754575E-01   -8.9758540594E+01    4.2452832042E+01   -2.1207174629E+03
    9.9995749575E-01   -8.9502821286E+01    4.2421575777E+01   -2.1108151123E+03
    9.9995744574E-01   -8.9247664777E+01    4.2390305221E+01   -2.1009623608E+03
    9.9995739574E-01   -8.8993069444E+01    4.2359020228E+01   -2.0911589155E+03
    9.9995734573E-01   -8.8739033670E+01    4.2327720654E+01   -2.0814044854E+03
    9.9995729573E-01   -8.8485555839E+01    4.2296406350E+01   -2.0716987813E+03
    9.9995724572E-01   -8.8232634344E+01    4.2265077172E+01   -2.0620415156E+03
    9.9995719572E-01   -8.7980267578E+01    4.2233732972E+01   -2.0524324025E+03
    9.9995714571E-01   -8.7728453938E+01    4.2202373601E+01   -2.0428711577E+03
    9.9995709571E-01   -8.7477191828E+01    4.2170998912E+01   -2.0333574988E+03
    9.9995704570E-01   -8.7226479654E+01    4.2139608754E+01   -2.0238911451E+03
    9.9995699570E-01   -8.6976315826E+01    4.2108202978E+01   -2.0144718173E+03
    9.9995694569E-01   -8.6726698758E+01    4.2076781435E+01   -2.0050992379E+03
    9.9995689569E-01   -8.6477626869E+01    4.2045343972E+01   -1.9957731312E+03
    9.9995684568E-01   -8.6229098580E+01    4.2013890439E+01   -1.9864932229E+03
    9.9995679568E-01   -8.5981112318E+01    4.1982420682E+01   -1.9772592405E+03
    9.9995674567E-01   -8.5733666512E+01    4.1950934550E+01   -1.9680709131E+03
    9.9995669567E-01   -8.5486759596E+01    4.1919431889E+01   -1.9589279713E+03
    9.9995664566E-01   -8.5240390008E+01    4.1887912544E+01   -1.9498301474E+03
    9.9995659566E-01   -8.4994556188E+01    4.1856376362E+01   -1.9407771752E+03
    9.9995654565E-01   -8.4749256583E+01    4.1824823185E+01   -1.9317687903E+03
    9.9995649565E-01   -8.4504489640E+01    4.1793252859E+01   -1.9228047297E+03
    9.9995644564E-01   -8.4260253812E+01    4.1761665226E+01   -1.9138847320E+03
    9.9995639564E-01   -8.4016547555E+01    4.1730060129E+01   -1.9050085374E+03
    9.9995634563E-01   -8.3773369330E+01    4.1698437410E+01   -1.8961758876E+03
    9.9995629563E-01   -8.3530717600E+01    4.1666796910E+01   -1.8873865258E+03
    9.9995624562E-01   -8.3288590831E+01    4.1635138468E+01   -1.8786401969E+03
    9.9995619562E-01   -8.3046987495E+01    4.1603461926E+01   -1.8699366473E+03
    9.9995614561E-01   -8.2805906066E+01    4.1571767122E+01   -1.8612756247E+03
    9.9995609561E-01   -8.2565345022E+01    4.1540053894E+01   -1.8526568786E+03
    9.9995604560E-01   -8.2325302843E+01    4.1508322079E+01   -1.8440801597E+03
    9.9995599560E-01   -8.2085778017E+01    4.1476571515E+01   -1.8355452206E+03
    9.9995594559E-01   -8.1846769029E+01    4.1444802038E+01   -1.8270518149E+03
    9.9995589559E-01   -8.1608274374E+01    4.1413013482E+01   -1.8185996981E+03
    9.9995584558E-01   -8.1370292544E+01    4.1381205682E+01   -1.8101886269E+03
    9.9995579558E-01   -8.1132822040E+01    4.1349378472E+01   -1.8018183597E+03
    9.9995574557E-01   -8.0895861364E+01    4.1317531684E+01   -1.7934886559E+03
    9.9995569557E-01   -8.0659409020E+01    4.1285665151E+01   -1.7851992770E+03
    9.9995564556E-01   -8.0423463517E+01    4.1253778705E+01   -1.7769499853E+03
    9.9995559556E-01   -8.0188023369E+01    4.1221872175E+01   -1.7687405449E+03
    9.9995554555E-01   -7.9953087090E+01    4.1189945391E+01   -1.7605707213E+03
    9.9995549555E-01   -7.9718653199E+01    4.1157998183E+01   -1.7524402813E+03
    9.9995544554E-01   -7.9484720217E+01    4.1126030377E+01   -1.7443489932E+03
    9.9995539554E-01   -7.9251286670E+01    4.1094041802E+01   -1.7362966264E+03
    9.9995534553E-01   -7.9018351086E+01    4.1062032284E+01   -1.7282829522E+03
    9.9995529553E-01   -7.8785911997E+01    4.1030001647E+01   -1.7203077428E+03
    9.9995524552E-01   -7.8553967936E+01    4.0997949717E+01   -1.7123707721E+03
    9.9995519552E-01   -7.8322517443E+01    4.0965876318E+01   -1.7044718152E+03
    9.9995514551E-01   -7.8091559057E+01    4.0933781271E+01   -1.6966106486E+03
    9.9995509551E-01   -7.7861091323E+01    4.0901664399E+01   -1.6887870501E+03
    9.9995504550E-01   -7.7631112788E+01    4.0869525524E+01   -1.6810007988E+03
    9.9995499550E-01   -7.7401622000E+01    4.0837364464E+01   -1.6732516754E+03
    9.9995494549E-01   -7.7172617515E+01    4.0805181039E+01   -1.6655394615E+03
    9.9995489549E-01   -7.6944097887E+01    4.0772975067E+01   -1.6578639405E+03
    9.9995484548E-01   -7.6716061675E+01    4.0740746366E+01   -1.6502248966E+03
    9.9995479548E-01   -7.6488507441E+01    4.0708494751E+01   -1.6426221156E+03
    9.9995474547E-01   -7.6261433750E+01    4.0676220038E+01   -1.6350553847E+03
    9.9995469547E-01   -7.6034839170E+01    4.0643922041E+01   -1.6275244921E+03
    9.9995464546E-01   -7.5808722270E+01    4.0611600574E+01   -1.6200292274E+03
    9.9995459546E-01   -7.5583081624E+01    4.0579255448E+01   -1.6125693815E+03
    9.9995454545E-01   -7.5357915809E+01    4.0546886476E+01   -1.6051447465E+03
    9.9995449545E-01   -7.5133223403E+01    4.0514493466E+01   -1.5977551158E+03
    9.9995444544E-01   -7.4909002987E+01    4.0482076229E+01   -1.5904002840E+03
    9.9995439544E-01   -7.4685253146E+01    4.0449634573E+01   -1.5830800470E+03
    9.9995434543E-01   -7.4461972466E+01    4.0417168304E+01   -1.5757942019E+03
    9.9995429543E-01   -7.4239159539E+01    4.0384677228E+01   -1.5685425471E+03
    9.9995424542E-01   -7.4016812955E+01    4.0352161151E+01   -1.5613248820E+03
    9.9995419542E-01   -7.3794931309E+01    4.0319619876E+01   -1.5541410074E+03
    9.9995414541E-01   -7.3573513200E+01    4.0287053206E+01   -1.5469907253E+03
    9.9995409541E-01   -7.3352557227E+01    4.0254460943E+01   -1.5398738388E+03
    9.9995404540E-01   -7.3132061993E+01    4.0221842886E+01   -1.5327901522E+03
    9.9995399540E-01   -7.2912026104E+01    4.0189198836E+01   -1.5257394710E+03
    9.9995394539E-01   -7.2692448165E+01    4.0156528589E+01   -1.5187216020E+03
    9.9995389539E-01   -7.2473326788E+01    4.0123831944E+01   -1.5117363530E+03
    9.9995384538E-01   -7.2254660586E+01    4.0091108696E+01   -1.5047835329E+03
    9.9995379538E-01   -7.2036448173E+01    4.0058358639E+01   -1.4978629520E+03
    9.9995374537E-01   -7.1818688166E+01    4.0025581567E+01   -1.4909744215E+03
    9.9995369537E-01   -7.1601379186E+01    3.9992777272E+01   -1.4841177539E+03
    9.9995364536E-01   -7.1384519853E+01    3.9959945545E+01   -1.4772927627E+03
    9.9995359536E-01   -7.1168108793E+01    3.9927086174E+01   -1.4704992626E+03
    9.9995354535E-01   -7.0952144632E+01    3.9894198950E+01   -1.4637370694E+03
    9.9995349535E-01   -7.0736625998E+01    3.9861283658E+01   -1.4570060001E+03
    9.9995344534E-01   -7.0521551523E+01    3.9828340084E+01   -1.4503058726E+03
    9.9995339534E-01   -7.0306919840E+01    3.9795368012E+01   -1.4436365061E+03
    9.9995334533E-01   -7.0092729585E+01    3.9762367227E+01   -1.4369977207E+03
    9.9995329533E-01   -6.9878979394E+01    3.9729337509E+01   -1.4303893377E+03
    9.9995324532E-01   -6.9665667907E+01    3.9696278639E+01   -1.4238111795E+03
    9.9995319532E-01   -6.9452793766E+01    3.9663190395E+01   -1.4172630695E+03
    9.9995314531E-01   -6.9240355615E+01    3.9630072556E+01   -1.4107448321E+03
    9.9995309531E-01   -6.9028352099E+01    3.9596924897E+01   -1.4042562929E+03
    9.9995304530E-01   -6.8816781867E+01    3.9563747194E+01   -1.3977972785E+03
    9.9995299530E-01   -6.8605643567E+01    3.9530539219E+01   -1.3913676164E+03
    9.9995294529E-01   -6.8394935852E+01    3.9497300745E+01   -1.3849671353E+03
    9.9995289529E-01   -6.8184657374E+01    3.9464031541E+01   -1.3785956649E+03
    9.9995284528E-01   -6.7974806789E+01    3.9430731377E+01   -1.3722530359E+03
    9.9995279528E-01   -6.7765382755E+01    3.9397400019E+01   -1.3659390800E+03
    9.9995274527E-01   -6.7556383931E+01    3.9364037235E+01   -1.3596536299E+03
    9.9995269527E-01   -6.7347808976E+01    3.9330642787E+01   -1.3533965193E+03
    9.9995264526E-01   -6.7139656554E+01    3.9297216439E+01   -1.3471675830E+03
    9.9995259526E-01   -6.6931925329E+01    3.9263757951E+01   -1.3409666566E+03
    9.9995254525E-01   -6.6724613967E+01    3.9230267084E+01   -1.3347935767E+03
    9.9995249525E-01   -6.6517721135E+01    3.9196743595E+01   -1.3286481811E+03
    9.9995244524E-01   -6.6311245502E+01    3.9163187241E+01   -1.3225303084E+03
    9.9995239524E-01   -6.6105185740E+01    3.9129597775E+01   -1.3164397981E+03
    9.9995234523E-01   -6.5899540521E+01    3.9095974951E+01   -1.3103764908E+03
    9.9995229523E-01   -6.5694308519E+01    3.9062318520E+01   -1.3043402280E+03
    9.9995224522E-01   -6.5489488407E+01    3.9028628231E+01   -1.2983308520E+03
    9.9995219522E-01   -6.5285078865E+01    3.8994903832E+01   -1.2923482064E+03
    9.9995214521E-01   -6.5081078570E+01    3.8961145070E+01   -1.2863921352E+03
    9.9995209521E-01   -6.4877486201E+01    3.8927351687E+01   -1.2804624838E+03
    9.9995204520E-01   -6.4674300439E+01    3.8893523428E+01   -1.2745590984E+03
    9.9995199520E-01   -6.4471519967E+01    3.8859660031E+01   -1.2686818258E+03
    9.9995194519E-01   -6.4269143468E+01    3.8825761236E+01   -1.2628305142E+03
    9.9995189519E-01   -6.4067169628E+01    3.8791826779E+01   -1.2570050124E+03
    9.9995184518E-01   -6.3865597131E+01    3.8757856395E+01   -1.2512051700E+03
    9.9995179518E-01   -6.3664424666E+01    3.8723849818E+01   -1.2454308377E+03
    9.9995174517E-01   -6.3463650921E+01    3.8689806778E+01   -1.2396818671E+03
    9.9995169517E-01   -6.3263274585E+01    3.8655727005E+01   -1.2339581106E+03
    9.9995164516E-01   -6.3063294348E+01    3.8621610224E+01   -1.2282594213E+03
    9.9995159516E-01   -6.2863708903E+01    3.8587456162E+01   -1.2225856534E+03
    9.9995154515E-01   -6.2664516942E+01    3.8553264542E+01   -1.2169366620E+03
    9.9995149515E-01   -6.2465717158E+01    3.8519035083E+01   -1.2113123027E+03
    9.9995144514E-01   -6.2267308246E+01    3.8484767505E+01   -1.2057124324E+03
    9.9995139514E-01   -6.2069288900E+01    3.8450461525E+01   -1.2001369084E+03
    9.9995134513E-01   -6.1871657818E+01    3.8416116857E+01   -1.1945855892E+03
    9.9995129513E-01   -6.1674413697E+01    3.8381733214E+01   -1.1890583340E+03
    9.9995124512E-01   -6.1477555233E+01    3.8347310305E+01   -1.1835550027E+03
    9.9995119512E-01   -6.1281081125E+01    3.8312847838E+01   -1.1780754561E+03
    9.9995114511E-01   -6.1084990074E+01    3.8278345520E+01   -1.1726195560E+03
    9.9995109511E-01   -6.0889280777E+01    3.8243803053E+01   -1.1671871646E+03
    9.9995104510E-01   -6.0693951937E+01    3.8209220138E+01   -1.1617781453E+03
    9.9995099510E-01   -6.0499002252E+01    3.8174596474E+01   -1.1563923620E+03
    9.9995094509E-01   -6.0304430426E+01    3.8139931757E+01   -1.1510296797E+03
    9.9995089509E-01   -6.0110235160E+01    3.8105225682E+01   -1.1456899638E+03
    9.9995084508E-01   -5.9916415157E+01    3.8070477939E+01   -1.1403730808E+03
    9.9995079508E-01   -5.9722969118E+01    3.8035688218E+01   -1.1350788977E+03
    9.9995074507E-01   -5.9529895748E+01    3.8000856204E+01   -1.1298072826E+03
    9.9995069507E-01   -5.9337193749E+01    3.7965981582E+01   -1.1245581040E+03
    9.9995064506E-01   -5.9144861825E+01    3.7931064033E+01   -1.1193312314E+03
    9.9995059506E-01   -5.8952898680E+01    3.7896103235E+01   -1.1141265350E+03
    9.9995054505E-01   -5.8761303017E+01    3.7861098865E+01   -1.1089438857E+03
    9.9995049505E-01   -5.8570073542E+01    3.7826050597E+01   -1.1037831551E+03
    9.9995044504E-01   -5.8379208958E+01    3.7790958099E+01   -1.0986442157E+03
    9.9995039504E-01   -5.8188707969E+01    3.7755821041E+01   -1.0935269405E+03
    9.9995034503E-01   -5.7998569279E+01    3.7720639088E+01   -1.0884312033E+03
    9.9995029503E-01   -5.7808791593E+01    3.7685411901E+01   -1.0833568788E+03
    9.9995024502E-01   -5.7619373614E+01    3.7650139141E+01   -1.0783038422E+03
    9.9995019502E-01   -5.7430314045E+01    3.7614820463E+01   -1.0732719695E+03
    9.9995014501E-01   -5.7241611590E+01    3.7579455521E+01   -1.0682611373E+03
    9.9995009501E-01   -5.7053264954E+01    3.7544043965E+01   -1.0632712230E+03
    9.9995004500E-01   -5.6865272837E+01    3.7508585444E+01   -1.0583021046E+03
    9.9994999500E-01   -5.6677633943E+01    3.7473079601E+01   -1.0533536610E+03
    9.9994994499E-01   -5.6490346972E+01    3.7437526078E+01   -1.0484257714E+03
    9.9994989499E-01   -5.6303410628E+01    3.7401924512E+01   -1.0435183161E+03
    9.9994984498E-01   -5.6116823611E+01    3.7366274540E+01   -1.0386311757E+03
    9.9994979498E-01   -5.5930584620E+01    3.7330575792E+01   -1.0337642317E+03
    9.9994974497E-01   -5.5744692355E+01    3.7294827897E+01   -1.0289173662E+03
    9.9994969497E-01   -5.5559145516E+01    3.7259030479E+01   -1.0240904619E+03
    9.9994964496E-01   -5.5373942800E+01    3.7223183162E+01   -1.0192834022E+03
    9.9994959496E-01   -5.5189082903E+01    3.7187285562E+01   -1.0144960711E+03
    9.9994954495E-01   -5.5004564523E+01    3.7151337295E+01   -1.0097283532E+03
    9.9994949495E-01   -5.4820386354E+01    3.7115337972E+01   -1.0049801340E+03
    9.9994944494E-01   -5.4636547091E+01    3.7079287200E+01   -1.0002512993E+03
    9.9994939494E-01   -5.4453045426E+01    3.7043184584E+01   -9.9554173560E+02
    9.9994934493E-01   -5.4269880051E+01    3.7007029723E+01   -9.9085133013E+02
    9.9994929493E-01   -5.4087049657E+01    3.6970822215E+01   -9.8617997064E+02
    9.9994924492E-01   -5.3904552932E+01    3.6934561651E+01   -9.8152754553E+02
    9.9994919492E-01   -5.3722388566E+01    3.6898247622E+01   -9.7689394378E+02
    9.9994914491E-01   -5.3540555243E+01    3.6861879711E+01   -9.7227905495E+02
    9.9994909491E-01   -5.3359051649E+01    3.6825457501E+01   -9.6768276923E+02
    9.9994904490E-01   -5.3177876468E+01    3.6788980567E+01   -9.6310497738E+02
    9.9994899490E-01   -5.2997028379E+01    3.6752448483E+01   -9.5854557073E+02
    9.9994894489E-01   -5.2816506065E+01    3.6715860818E+01   -9.5400444121E+02
    9.9994889489E-01   -5.2636308200E+01    3.6679217136E+01   -9.4948148129E+02
    9.9994884488E-01   -5.2456433464E+01    3.6642516998E+01   -9.4497658405E+02
    9.9994879488E-01   -5.2276880529E+01    3.6605759958E+01   -9.4048964309E+02
    9.9994874487E-01   -5.2097648067E+01    3.6568945570E+01   -9.3602055258E+02
    9.9994869487E-01   -5.1918734747E+01    3.6532073380E+01   -9.3156920725E+02
    9.9994864486E-01   -5.1740139239E+01    3.6495142930E+01   -9.2713550237E+02
    9.9994859486E-01   -5.1561860206E+01    3.6458153758E+01   -9.2271933376E+02
    9.9994854485E-01   -5.1383896312E+01    3.6421105398E+01   -9.1832059777E+02
    9.9994849485E-01   -5.1206246218E+01    3.6383997378E+01   -9.1393919127E+02
    9.9994844484E-01   -5.1028908579E+01    3.6346829222E+01   -9.0957501165E+02
    9.9994839484E-01   -5.0851882053E+01    3.6309600448E+01   -9.0522795688E+02
    9.9994834483E-01   -5.0675165291E+01    3.6272310571E+01   -9.0089792539E+02
    9.9994829483E-01   -5.0498756943E+01    3.6234959098E+01   -8.9658481612E+02
    9.9994824482E-01   -5.0322655655E+01    3.6197545534E+01   -8.9228852854E+02
    9.9994819482E-01   -5.0146860072E+01    3.6160069377E+01   -8.8800896263E+02
    9.9994814481E-01   -4.9971368832E+01    3.6122530119E+01   -8.8374601884E+02
    9.9994809481E-01   -4.9796180574E+01    3.6084927249E+01   -8.7949959812E+02
    9.9994804480E-01   -4.9621293930E+01    3.6047260248E+01   -8.7526960191E+02
    9.9994799480E-01   -4.9446707532E+01    3.6009528594E+01   -8.7105593214E+02
    9.9994794479E-01   -4.9272420005E+01    3.5971731756E+01   -8.6685849120E+02
    9.9994789479E-01   -4.9098429974E+01    3.5933869202E+01   -8.6267718196E+02
    9.9994784478E-01   -4.8924736057E+01    3.5895940388E+01   -8.5851190775E+02
    9.9994779478E-01   -4.8751336869E+01    3.5857944770E+01   -8.5436257238E+02
    9.9994774477E-01   -4.8578231023E+01    3.5819881795E+01   -8.5022908010E+02
    9.9994769477E-01   -4.8405417125E+01    3.5781750903E+01   -8.4611133561E+02
    9.9994764476E-01   -4.8232893777E+01    3.5743551529E+01   -8.4200924405E+02
    9.9994759476E-01   -4.8060659579E+01    3.5705283104E+01   -8.3792271103E+02
    9.9994754475E-01   -4.7888713125E+01    3.5666945047E+01   -8.3385164258E+02
    9.9994749475E-01   -4.7717053004E+01    3.5628536776E+01   -8.2979594515E+02
    9.9994744474E-01   -4.7545677801E+01    3.5590057699E+01   -8.2575552562E+02
    9.9994739474E-01   -4.7374586094E+01    3.5551507219E+01   -8.2173029130E+02
    9.9994734473E-01   -4.7203776461E+01    3.5512884730E+01   -8.1772014992E+02
    9.9994729473E-01   -4.7033247469E+01    3.5474189621E+01   -8.1372500960E+02
    9.9994724472E-01   -4.6862997683E+01    3.5435421273E+01   -8.0974477889E+02
    9.9994719472E-01   -4.6693025662E+01    3.5396579059E+01   -8.0577936670E+02
    9.9994714471E-01   -4.6523329959E+01    3.5357662348E+01   -8.0182868239E+02
    9.9994709471E-01   -4.6353909121E+01    3.5318670496E+01   -7.9789263567E+02
    9.9994704470E-01   -4.6184761691E+01    3.5279602856E+01   -7.9397113664E+02
    9.9994699470E-01   -4.6015886202E+01    3.5240458770E+01   -7.9006409578E+02
    9.9994694469E-01   -4.5847281185E+01    3.5201237576E+01   -7.8617142397E+02
    9.9994689469E-01   -4.5678945163E+01    3.5161938599E+01   -7.8229303241E+02
    9.9994684468E-01   -4.5510876651E+01    3.5122561159E+01   -7.7842883269E+02
    9.9994679468E-01   -4.5343074159E+01    3.5083104568E+01   -7.7457873676E+02
    9.9994674467E-01   -4.5175536190E+01    3.5043568127E+01   -7.7074265692E+02
    9.9994669467E-01   -4.5008261240E+01    3.5003951130E+01   -7.6692050581E+02
    9.9994664466E-01   -4.4841247796E+01    3.4964252862E+01   -7.6311219641E+02
    9.9994659466E-01   -4.4674494338E+01    3.4924472599E+01   -7.5931764203E+02
    9.9994654465E-01   -4.4507999341E+01    3.4884609607E+01   -7.5553675633E+02
    9.9994649465E-01   -4.4341761270E+01    3.4844663144E+01   -7.5176945328E+02
    9.9994644464E-01   -4.4175778581E+01    3.4804632458E+01   -7.4801564717E+02
    9.9994639464E-01   -4.4010049723E+01    3.4764516786E+01   -7.4427525258E+02
    9.9994634463E-01   -4.3844573137E+01    3.4724315358E+01   -7.4054818443E+02
    9.9994629463E-01   -4.3679347255E+01    3.4684027390E+01   -7.3683435794E+02
    9.9994624462E-01   -4.3514370499E+01    3.4643652091E+01   -7.3313368859E+02
    9.9994619462E-01   -4.3349641283E+01    3.4603188659E+01   -7.2944609219E+02
    9.9994614461E-01   -4.3185158011E+01    3.4562636281E+01   -7.2577148478E+02
    9.9994609461E-01   -4.3020919078E+01    3.4521994131E+01   -7.2210978275E+02
    9.9994604460E-01   -4.2856922869E+01    3.4481261375E+01   -7.1846090269E+02
    9.9994599460E-01   -4.2693167757E+01    3.4440437167E+01   -7.1482476148E+02
    9.9994594459E-01   -4.2529652107E+01    3.4399520649E+01   -7.1120127627E+02
    9.9994589459E-01   -4.2366374274E+01    3.4358510951E+01   -7.0759036446E+02
    9.9994584458E-01   -4.2203332599E+01    3.4317407190E+01   -7.0399194367E+02
    9.9994579458E-01   -4.2040525414E+01    3.4276208474E+01   -7.0040593177E+02
    9.9994574457E-01   -4.1877951039E+01    3.4234913896E+01   -6.9683224686E+02
    9.9994569457E-01   -4.1715607782E+01    3.4193522536E+01   -6.9327080729E+02
    9.9994564456E-01   -4.1553493940E+01    3.4152033463E+01   -6.8972153160E+02
    9.9994559456E-01   -4.1391607795E+01    3.4110445731E+01   -6.8618433853E+02
    9.9994554455E-01   -4.1229947620E+01    3.4068758381E+01   -6.8265914706E+02
    9.9994549455E-01   -4.1068511672E+01    3.4026970440E+01   -6.7914587632E+02
    9.9994544454E-01   -4.0907298195E+01    3.3985080922E+01   -6.7564444569E+02
    9.9994539454E-01   -4.0746305422E+01    3.3943088825E+01   -6.7215477468E+02
    9.9994534453E-01   -4.0585531569E+01    3.3900993134E+01   -6.6867678299E+02
    9.9994529453E-01   -4.0424974837E+01    3.3858792816E+01   -6.6521039049E+02
    9.9994524452E-01   -4.0264633416E+01    3.3816486826E+01   -6.6175551723E+02
    9.9994519452E-01   -4.0104505478E+01    3.3774074102E+01   -6.5831208337E+02
    9.9994514451E-01   -3.9944589179E+01    3.3731553566E+01   -6.5488000924E+02
    9.9994509451E-01   -3.9784882660E+01    3.3688924123E+01   -6.5145921529E+02
    9.9994504450E-01   -3.9625384047E+01    3.3646184662E+01   -6.4804962212E+02
    9.9994499450E-01   -3.9466091448E+01    3.3603334055E+01   -6.4465115044E+02
    9.9994494449E-01   -3.9307002952E+01    3.3560371155E+01   -6.4126372105E+02
    9.9994489449E-01   -3.9148116633E+01    3.3517294801E+01   -6.3788725487E+02
    9.9994484448E-01   -3.8989430546E+01    3.3474103808E+01   -6.3452167292E+02
    9.9994479448E-01   -3.8830942726E+01    3.3430796978E+01   -6.3116689628E+02
    9.9994474447E-01   -3.8672651192E+01    3.3387373089E+01   -6.2782284613E+02
    9.9994469447E-01   -3.8514553939E+01    3.3343830904E+01   -6.2448944368E+02
    9.9994464446E-01   -3.8356648946E+01    3.3300169162E+01   -6.2116661024E+02
    9.9994459446E-01   -3.8198934168E+01    3.3256386583E+01   -6.1785426714E+02
    9.9994454445E-01   -3.8041407542E+01    3.3212481867E+01   -6.1455233573E+02
    9.9994449445E-01   -3.7884066980E+01    3.3168453692E+01   -6.1126073742E+02
    9.9994444444E-01   -3.7726910374E+01    3.3124300713E+01   -6.0797939359E+02
    9.9994439444E-01   -3.7569935592E+01    3.3080021564E+01   -6.0470822568E+02
    9.9994434443E-01   -3.7413140477E+01    3.3035614854E+01   -6.0144715508E+02
    9.9994429443E-01   -3.7256522851E+01    3.2991079171E+01   -5.9819610318E+02
    9.9994424442E-01   -3.7100080507E+01    3.2946413077E+01   -5.9495499130E+02
    9.9994419442E-01   -3.6943811217E+01    3.2901615110E+01   -5.9172374080E+02
    9.9994414441E-01   -3.6787712722E+01    3.2856683781E+01   -5.8850227290E+02
    9.9994409441E-01   -3.6631782739E+01    3.2811617578E+01   -5.8529050880E+02
    9.9994404440E-01   -3.6476018955E+01    3.2766414959E+01   -5.8208836960E+02
    9.9994399440E-01   -3.6320419031E+01    3.2721074357E+01   -5.7889577634E+02
    9.9994394439E-01   -3.6164980597E+01    3.2675594175E+01   -5.7571264991E+02
    9.9994389439E-01   -3.6009701253E+01    3.2629972791E+01   -5.7253891110E+02
    9.9994384438E-01   -3.5854578566E+01    3.2584208548E+01   -5.6937448056E+02
    9.9994379438E-01   -3.5699610074E+01    3.2538299763E+01   -5.6621927881E+02
    9.9994374437E-01   -3.5544793281E+01    3.2492244721E+01   -5.6307322619E+02
    9.9994369437E-01   -3.5390125657E+01    3.2446041673E+01   -5.5993624285E+02
    9.9994364436E-01   -3.5235604635E+01    3.2399688839E+01   -5.5680824875E+02
    9.9994359436E-01   -3.5081227616E+01    3.2353184406E+01   -5.5368916367E+02
    9.9994354435E-01   -3.4926991962E+01    3.2306526526E+01   -5.5057890711E+02
    9.9994349435E-01   -3.4772894996E+01    3.2259713313E+01   -5.4747739836E+02
    9.9994344434E-01   -3.4618934004E+01    3.2212742849E+01   -5.4438455642E+02
    9.9994339434E-01   -3.4465106229E+01    3.2165613174E+01   -5.4130030002E+02
    9.9994334433E-01   -3.4311408875E+01    3.2118322293E+01   -5.3822454759E+02
    9.9994329433E-01   -3.4157839102E+01    3.2070868169E+01   -5.3515721724E+02
    9.9994324432E-01   -3.4004394026E+01    3.2023248725E+01   -5.3209822673E+02
    9.9994319432E-01   -3.3851070716E+01    3.1975461843E+01   -5.2904749344E+02
    9.9994314431E-01   -3.3697866197E+01    3.1927505361E+01   -5.2600493439E+02
    9.9994309431E-01   -3.3544777443E+01    3.1879377072E+01   -5.2297046620E+02
    9.9994304430E-01   -3.3391801380E+01    3.1831074725E+01   -5.1994400502E+02
    9.9994299430E-01   -3.3238934881E+01    3.1782596019E+01   -5.1692546656E+02
    9.9994294429E-01   -3.3086174767E+01    3.1733938609E+01   -5.1391476607E+02
    9.9994289429E-01   -3.2933517804E+01    3.1685100095E+01   -5.1091181827E+02
    9.9994284428E-01   -3.2780960700E+01    3.1636078031E+01   -5.0791653734E+02
    9.9994279428E-01   -3.2628500106E+01    3.1586869912E+01   -5.0492883692E+02
    9.9994274427E-01   -3.2476132613E+01    3.1537473183E+01   -5.0194863005E+02
    9.9994269427E-01   -3.2323854749E+01    3.1487885232E+01   -4.9897582914E+02
    9.9994264426E-01   -3.2171662977E+01    3.1438103386E+01   -4.9601034596E+02
    9.9994259426E-01   -3.2019553695E+01    3.1388124915E+01   -4.9305209158E+02
    9.9994254425E-01   -3.1867523230E+01    3.1337947025E+01   -4.9010097637E+02
    9.9994249425E-01   -3.1715567840E+01    3.1287566861E+01   -4.8715690993E+02
    9.9994244424E-01   -3.1563683708E+01    3.1236981498E+01   -4.8421980108E+02
    9.9994239424E-01   -3.1411866941E+01    3.1186187947E+01   -4.8128955781E+02
    9.9994234423E-01   -3.1260113568E+01    3.1135183145E+01   -4.7836608722E+02
    9.9994229423E-01   -3.1108419536E+01    3.1083963958E+01   -4.7544929554E+02
    9.9994224422E-01   -3.0956780707E+01    3.1032527176E+01   -4.7253908802E+02
    9.9994219422E-01   -3.0805192856E+01    3.0980869513E+01   -4.6963536893E+02
    9.9994214421E-01   -3.0653651667E+01    3.0928987599E+01   -4.6673804146E+02
    9.9994209421E-01   -3.0502152731E+01    3.0876877984E+01   -4.6384700777E+02
    9.9994204420E-01   -3.0350691541E+01    3.0824537129E+01   -4.6096216882E+02
    9.9994199420E-01   -3.0199263487E+01    3.0771961408E+01   -4.5808342440E+02
    9.9994194419E-01   -3.0047863857E+01    3.0719147101E+01   -4.5521067303E+02
    9.9994189419E-01   -2.9896487829E+01    3.0666090392E+01   -4.5234381194E+02
    9.9994184418E-01   -2.9745130469E+01    3.0612787365E+01   -4.4948273698E+02
    9.9994179418E-01   -2.9593786723E+01    3.0559234003E+01   -4.4662734255E+02
    9.9994174417E-01   -2.9442451417E+01    3.0505426179E+01   -4.4377752157E+02
    9.9994169417E-01   -2.9291119251E+01    3.0451359656E+01   -4.4093316537E+02
    9.9994164416E-01   -2.9139784792E+01    3.0397030083E+01   -4.3809416364E+02
    9.9994159416E-01   -2.8988442470E+01    3.0342432987E+01   -4.3526040435E+02
    9.9994154415E-01   -2.8837086573E+01    3.0287563771E+01   -4.3243177366E+02
    9.9994149415E-01   -2.8685711240E+01    3.0232417709E+01   -4.2960815583E+02
    9.9994144414E-01   -2.8534310456E+01    3.0176989940E+01   -4.2678943317E+02
    9.9994139414E-01   -2.8382878044E+01    3.0121275461E+01   -4.2397548588E+02
    9.9994134413E-01   -2.8231407659E+01    3.0065269126E+01   -4.2116619200E+02
    9.9994129413E-01   -2.8079892782E+01    3.0008965635E+01   -4.1836142730E+02
    9.9994124412E-01   -2.7928326711E+01    2.9952359529E+01   -4.1556106516E+02
    9.9994119412E-01   -2.7776702553E+01    2.9895445184E+01   -4.1276497645E+02
    9.9994114411E-01   -2.7625013215E+01    2.9838216806E+01   -4.0997302941E+02
    9.9994109411E-01   -2.7473251396E+01    2.9780668417E+01   -4.0718508952E+02
    9.9994104410E-01   -2.7321409579E+01    2.9722793855E+01   -4.0440101938E+02
    9.9994099410E-01   -2.7169480017E+01    2.9664586758E+01   -4.0162067854E+02
    9.9994094409E-01   -2.7017454728E+01    2.9606040562E+01   -3.9884392335E+02
    9.9994089409E-01   -2.6865325477E+01    2.9547148485E+01   -3.9607060682E+02
    9.9994084408E-01   -2.6713083769E+01    2.9487903525E+01   -3.9330057843E+02
    9.9994079408E-01   -2.6560720836E+01    2.9428298439E+01   -3.9053368393E+02
    9.9994074407E-01   -2.6408227622E+01    2.9368325742E+01   -3.8776976518E+02
    9.9994069407E-01   -2.6255594767E+01    2.9307977688E+01   -3.8500865992E+02
    9.9994064406E-01   -2.6102812599E+01    2.9247246260E+01   -3.8225020158E+02
    9.9994059406E-01   -2.5949871107E+01    2.9186123158E+01   -3.7949421899E+02
    9.9994054405E-01   -2.5796759934E+01    2.9124599780E+01   -3.7674053618E+02
    9.9994049405E-01   -2.5643468352E+01    2.9062667212E+01   -3.7398897211E+02
    9.9994044404E-01   -2.5489985246E+01    2.9000316205E+01   -3.7123934034E+02
    9.9994039404E-01   -2.5336299091E+01    2.8937537167E+01   -3.6849144881E+02
    9.9994034403E-01   -2.5182397930E+01    2.8874320134E+01   -3.6574509942E+02
    9.9994029403E-01   -2.5028269350E+01    2.8810654757E+01   -3.6300008777E+02
    9.9994024402E-01   -2.4873900456E+01    2.8746530277E+01   -3.6025620270E+02
    9.9994019402E-01   -2.4719277845E+01    2.8681935504E+01   -3.5751322599E+02
    9.9994014401E-01   -2.4564387574E+01    2.8616858790E+01   -3.5477093182E+02
    9.9994009401E-01   -2.4409215129E+01    2.8551288005E+01   -3.5202908641E+02
    9.9994004400E-01   -2.4253745391E+01    2.8485210506E+01   -3.4928744745E+02
    9.9993999400E-01   -2.4097962597E+01    2.8418613108E+01   -3.4654576360E+02
    9.9993994399E-01   -2.3941850304E+01    2.8351482050E+01   -3.4380377391E+02
    9.9993989399E-01   -2.3785391340E+01    2.8283802958E+01   -3.4106120715E+02
    9.9993984398E-01   -2.3628567763E+01    2.8215560807E+01   -3.3831778120E+02
    9.9993979398E-01   -2.3471360804E+01    2.8146739882E+01   -3.3557320228E+02
    9.9993974397E-01   -2.3313750820E+01    2.8077323724E+01   -3.3282716412E+02
    9.9993969397E-01   -2.3155717224E+01    2.8007295090E+01   -3.3007934717E+02
    9.9993964396E-01   -2.2997238427E+01    2.7936635892E+01   -3.2732941757E+02
    9.9993959396E-01   -2.2838291767E+01    2.7865327142E+01   -3.2457702619E+02
    9.9993954395E-01   -2.2678853426E+01    2.7793348885E+01   -3.2182180745E+02
    9.9993949395E-01   -2.2518898348E+01    2.7720680132E+01   -3.1906337814E+02
    9.9993944394E-01   -2.2358400148E+01    2.7647298778E+01   -3.1630133600E+02
    9.9993939394E-01   -2.2197331003E+01    2.7573181522E+01   -3.1353525831E+02
    9.9993934393E-01   -2.2035661546E+01    2.7498303773E+01   -3.1076470021E+02
    9.9993929393E-01   -2.1873360738E+01    2.7422639545E+01   -3.0798919290E+02
    9.9993924392E-01   -2.1710395731E+01    2.7346161347E+01   -3.0520824165E+02
    9.9993919392E-01   -2.1546731716E+01    2.7268840055E+01   -3.0242132361E+02
    9.9993914391E-01   -2.1382331754E+01    2.7190644774E+01   -2.9962788534E+02
    9.9993909391E-01   -2.1217156585E+01    2.7111542683E+01   -2.9682734008E+02
    9.9993904390E-01   -2.1051164424E+01    2.7031498864E+01   -2.9401906470E+02
    9.9993899390E-01   -2.0884310719E+01    2.6950476105E+01   -2.9120239628E+02
    9.9993894389E-01   -2.0716547892E+01    2.6868434688E+01   -2.8837662833E+02
    9.9993889389E-01   -2.0547825038E+01    2.6785332142E+01   -2.8554100639E+02
    9.9993884388E-01   -2.0378087594E+01    2.6701122969E+01   -2.8269472326E+02
    9.9993879388E-01   -2.0207276956E+01    2.6615758336E+01   -2.7983691340E+02
    9.9993874387E-01   -2.0035330047E+01    2.6529185715E+01   -2.7696664668E+02
    9.9993869387E-01   -1.9862178826E+01    2.6441348487E+01   -2.7408292125E+02
    9.9993864386E-01   -1.9687749720E+01    2.6352185473E+01   -2.7118465527E+02
    9.9993859386E-01   -1.9511962977E+01    2.6261630410E+01   -2.6827067749E+02
    9.9993854385E-01   -1.9334731912E+01    2.6169611331E+01   -2.6533971633E+02
    9.9993849385E-01   -1.9155962038E+01    2.6076049860E+01   -2.6239038718E+02
    9.9993844384E-01   -1.8975550044E+01    2.5980860376E+01   -2.5942117757E+02
    9.9993839384E-01   -1.8793382601E+01    2.5883949040E+01   -2.5643042978E+02
    9.9993834383E-01   -1.8609334951E+01    2.5785212649E+01   -2.5341632029E+02
    9.9993829383E-01   -1.8423269230E+01    2.5684537270E+01   -2.5037683539E+02
    9.9993824382E-01   -1.8235032464E+01    2.5581796605E+01   -2.4730974188E+02
    9.9993819382E-01   -1.8044454146E+01    2.5476850033E+01   -2.4421255194E+02
    9.9993814381E-01   -1.7851343306E+01    2.5369540217E+01   -2.4108248023E+02
    9.9993809381E-01   -1.7655484904E+01    2.5259690190E+01   -2.3791639148E+02
    9.9993804380E-01   -1.7456635383E+01    2.5147099734E+01   -2.3471073545E+02
    9.9993799380E-01   -1.7254517087E+01    2.5031540867E+01   -2.3146146565E+02
    9.9993794379E-01   -1.7048811218E+01    2.4912752129E+01   -2.2816393647E+02
    9.9993789379E-01   -1.6839148793E+01    2.4790431265E+01   -2.2481277120E+02
    9.9993784378E-01   -1.6625098882E+01    2.4664225709E+01   -2.2140169027E+02
    9.9993779378E-01   -1.6406153061E+01    2.4533720012E+01   -2.1792328416E+02
    9.9993774377E-01   -1.6181704458E+01    2.4398418912E+01   -2.1436870729E+02
    9.9993769377E-01   -1.5951018925E+01    2.4257724055E+01   -2.1072725660E+02
    9.9993764376E-01   -1.5713194365E+01    2.4110901177E+01   -2.0698577702E+02
    9.9993759376E-01   -1.5467101696E+01    2.3957032489E+01   -2.0312779797E+02
    9.9993754375E-01   -1.5211296142E+01    2.3794945198E+01   -1.9913223581E+02
    9.9993749375E-01   -1.4943878363E+01    2.3623099658E+01   -1.9497136153E+02
    9.9993744374E-01   -1.4662265642E+01    2.3439405223E+01   -1.9060745149E+02
    9.9993739374E-01   -1.4362789803E+01    2.3240896856E+01   -1.8598689974E+02
    9.9993734373E-01   -1.4039928173E+01    2.3023117036E+01   -1.8102895358E+02
    9.9993729373E-01   -1.3684650462E+01    2.2778788014E+01   -1.7560149161E+02
    9.9993724372E-01   -1.3280190259E+01    2.2494418060E+01   -1.6945904540E+02
    9.9993719372E-01   -1.2787485324E+01    2.2138625296E+01   -1.6202931762E+02
    9.9993714371E-01   -1.2039244661E+01    2.1577276026E+01   -1.5085927736E+02
    9.9993709371E-01   -8.6189912419E+00    1.8727889478E+01   -1.0050994520E+02
    9.9993704370E-01   -8.8057077070E+00    1.8910412952E+01   -1.0308399310E+02
    9.9993699370E-01   -9.0153768347E+00    1.9112060376E+01   -1.0598736787E+02
    9.9993694369E-01   -9.2553766668E+00    1.9338812780E+01   -1.0932622967E+02
    9.9993689369E-01   -9.5405054649E+00    1.9602775969E+01   -1.1331406518E+02
    9.9993684368E-01   -9.9036794053E+00    1.9930834672E+01   -1.1842609450E+02
    9.9993679368E-01   -1.0464533527E+01    2.0420538821E+01   -1.2639096633E+02
    9.9993674367E-01   -1.0282595582E+01    2.0282556558E+01   -1.2359937445E+02
    9.9993669367E-01   -1.1240966334E+01    2.1091589018E+01   -1.3727640879E+02
    9.9993664366E-01   -8.7263689871E+00    1.8950769795E+01   -1.0085575688E+02
    9.9993659366E-01   -8.9434250162E+00    1.9161481699E+01   -1.0382318504E+02
    9.9993654365E-01   -9.1961163195E+00    1.9402176793E+01   -1.0729532188E+02
    9.9993649365E-01   -9.5038764429E+00    1.9688967195E+01   -1.1154841887E+02
    9.9993644364E-01   -9.9186249678E+00    2.0064946336E+01   -1.1732141043E+02
    9.9993639364E-01   -1.0869505503E+01    2.0885215220E+01   -1.3072816606E+02
    9.9993634363E-01   -1.2444286465E+01    2.2170805417E+01   -1.5300375096E+02
    9.9993629363E-01   -1.1875614019E+01    2.1735548543E+01   -1.4475207117E+02
    9.9993624362E-01   -1.1061436199E+01    2.1088256893E+01   -1.3302642049E+02
    9.9993619362E-01   -9.8601363177E+00    2.0084902855E+01   -1.1583056339E+02
    9.9993614361E-01   -1.1878671063E+01    2.1786795805E+01   -1.4422756693E+02
    9.9993609361E-01   -1.4409405856E+01    2.3750926241E+01   -1.7978657380E+02
    9.9993604360E-01   -1.4174481459E+01    2.3592692637E+01   -1.7629949593E+02
    9.9993599360E-01   -1.3928567371E+01    2.3424696643E+01   -1.7266363784E+02
    9.9993594359E-01   -1.3670017400E+01    2.3245441642E+01   -1.6885632415E+02
    9.9993589359E-01   -1.3395670592E+01    2.3052202773E+01   -1.6483369949E+02
    9.9993584358E-01   -1.3100830875E+01    2.2840937742E+01   -1.6053057405E+02
    9.9993579358E-01   -1.2777966552E+01    2.2605173020E+01   -1.5584233189E+02
    9.9993574357E-01   -1.2413519822E+01    2.2333273367E+01   -1.5058053278E+02
    9.9993569357E-01   -1.1977732396E+01    2.1999741124E+01   -1.4433127691E+02
    9.9993564356E-01   -1.1366803951E+01    2.1515801568E+01   -1.3564968313E+02
    9.9993559356E-01   -1.5009392800E+01    2.4359916810E+01   -1.8623869584E+02
    9.9993554355E-01   -1.4816142785E+01    2.4234179334E+01   -1.8337653571E+02
    9.9993549355E-01   -1.4617396876E+01    2.4103356668E+01   -1.8044287622E+02
    9.9993544354E-01   -1.4413390984E+01    2.3967522560E+01   -1.7744122675E+02
    9.9993539354E-01   -1.4203395033E+01    2.3826024093E+01   -1.7436168092E+02
    9.9993534353E-01   -1.3986503847E+01    2.3678052835E+01   -1.7119195267E+02
    9.9993529353E-01   -1.3761572270E+01    2.3522587409E+01   -1.6791649325E+02
    9.9993524352E-01   -1.3527115748E+01    2.3358305550E+01   -1.6451513745E+02
    9.9993519352E-01   -1.3281150793E+01    2.3183443070E+01   -1.6096093073E+02
    9.9993514351E-01   -1.3020923923E+01    2.2995554406E+01   -1.5721643615E+02
    9.9993509351E-01   -1.2742415880E+01    2.2791074934E+01   -1.5322697738E+02
    9.9993504350E-01   -1.2439340463E+01    2.2564437727E+01   -1.4890698938E+02
    9.9993499350E-01   -1.2100815877E+01    2.2306020642E+01   -1.4410826067E+02
    9.9993494349E-01   -1.1704595388E+01    2.1996183006E+01   -1.3852758173E+02
    9.9993489349E-01   -1.1186674212E+01    2.1578515313E+01   -1.3129194651E+02
    9.9993484348E-01   -1.0810023243E+01    2.1273163877E+01   -1.2599473436E+02
    9.9993479348E-01   -8.8318827786E+00    1.9515492631E+01   -9.8866402366E+01
    9.9993474347E-01   -9.2360561927E+00    1.9905681037E+01   -1.0423307869E+02
    9.9993469347E-01   -1.2763609876E+01    2.2942138831E+01   -1.5201098589E+02
    9.9993464346E-01   -1.2493322888E+01    2.2740294491E+01   -1.4819130376E+02
    9.9993459346E-01   -1.2198728113E+01    2.2516206552E+01   -1.4404894998E+02
    9.9993454345E-01   -1.1870461576E+01    2.2261356263E+01   -1.3945829242E+02
    9.9993449345E-01   -1.1488026008E+01    2.1957307861E+01   -1.3414385958E+02
    9.9993444344E-01   -1.0994640550E+01    2.1553078238E+01   -1.2734197855E+02
    9.9993439344E-01   -2.1037173451E+01    2.8942144607E+01   -2.6242350838E+02
    9.9993434343E-01   -2.0929987013E+01    2.8891496441E+01   -2.6075392680E+02
    9.9993429343E-01   -2.0820571509E+01    2.8839168700E+01   -2.5905751449E+02
    9.9993424342E-01   -2.0711127790E+01    2.8786568118E+01   -2.5736391297E+02
    9.9993419342E-01   -2.0601651343E+01    2.8733689869E+01   -2.5567304962E+02
    9.9993414341E-01   -2.0492137531E+01    2.8680528983E+01   -2.5398485051E+02
    9.9993409341E-01   -2.0382581587E+01    2.8627080347E+01   -2.5229924028E+02
    9.9993404340E-01   -2.0272978607E+01    2.8573338692E+01   -2.5061614213E+02
    9.9993399340E-01   -2.0163323549E+01    2.8519298588E+01   -2.4893547770E+02
    9.9993394339E-01   -2.0053611219E+01    2.8464954439E+01   -2.4725716699E+02
    9.9993389339E-01   -1.9943836273E+01    2.8410300475E+01   -2.4558112835E+02
    9.9993384338E-01   -1.9833993204E+01    2.8355330741E+01   -2.4390727830E+02
    9.9993379338E-01   -1.9724076334E+01    2.8300039095E+01   -2.4223553151E+02
    9.9993374337E-01   -1.9614079813E+01    2.8244419193E+01   -2.4056580068E+02
    9.9993369337E-01   -1.9503997601E+01    2.8188464485E+01   -2.3889799643E+02
    9.9993364336E-01   -1.9393823469E+01    2.8132168200E+01   -2.3723202721E+02
    9.9993359336E-01   -1.9283550981E+01    2.8075523342E+01   -2.3556779919E+02
    9.9993354335E-01   -1.9173173490E+01    2.8018522673E+01   -2.3390521611E+02
    9.9993349335E-01   -1.9062684124E+01    2.7961158704E+01   -2.3224417918E+02
    9.9993344334E-01   -1.8952075776E+01    2.7903423684E+01   -2.3058458696E+02
    9.9993339334E-01   -1.8841341092E+01    2.7845309584E+01   -2.2892633516E+02
    9.9993334333E-01   -1.8730472458E+01    2.7786808084E+01   -2.2726931653E+02
    9.9993329333E-01   -1.8619461986E+01    2.7727910559E+01   -2.2561342066E+02
    9.9993324332E-01   -1.8508301500E+01    2.7668608062E+01   -2.2395853388E+02
    9.9993319332E-01   -1.8396982519E+01    2.7608891306E+01   -2.2230453896E+02
    9.9993314331E-01   -1.8285496242E+01    2.7548750647E+01   -2.2065131500E+02
    9.9993309331E-01   -1.8173833529E+01    2.7488176065E+01   -2.1899873717E+02
    9.9993304330E-01   -1.8061984883E+01    2.7427157141E+01   -2.1734667648E+02
    9.9993299330E-01   -1.7949940426E+01    2.7365683036E+01   -2.1569499956E+02
    9.9993294329E-01   -1.7837689881E+01    2.7303742464E+01   -2.1404356835E+02
    9.9993289329E-01   -1.7725222546E+01    2.7241323673E+01   -2.1239223987E+02
    9.9993284328E-01   -1.7612527267E+01    2.7178414407E+01   -2.1074086585E+02
    9.9993279328E-01   -1.7499592415E+01    2.7115001884E+01   -2.0908929243E+02
    9.9993274327E-01   -1.7386405849E+01    2.7051072759E+01   -2.0743735979E+02
    9.9993269327E-01   -1.7272954890E+01    2.6986613090E+01   -2.0578490178E+02
    9.9993264326E-01   -1.7159226282E+01    2.6921608300E+01   -2.0413174546E+02
    9.9993259326E-01   -1.7045206156E+01    2.6856043136E+01   -2.0247771067E+02
    9.9993254325E-01   -1.6930879988E+01    2.6789901624E+01   -2.0082260954E+02
    9.9993249325E-01   -1.6816232552E+01    2.6723167017E+01   -1.9916624590E+02
    9.9993244324E-01   -1.6701247874E+01    2.6655821747E+01   -1.9750841476E+02
    9.9993239324E-01   -1.6585909179E+01    2.6587847364E+01   -1.9584890163E+02
    9.9993234323E-01   -1.6470198830E+01    2.6519224475E+01   -1.9418748178E+02
    9.9993229323E-01   -1.6354098263E+01    2.6449932669E+01   -1.9252391956E+02
    9.9993224322E-01   -1.6237587921E+01    2.6379950450E+01   -1.9085796745E+02
    9.9993219322E-01   -1.6120647175E+01    2.6309255146E+01   -1.8918936524E+02
    9.9993214321E-01   -1.6003254238E+01    2.6237822819E+01   -1.8751783891E+02
    9.9993209321E-01   -1.5885386072E+01    2.6165628168E+01   -1.8584309955E+02
    9.9993204320E-01   -1.5767018284E+01    2.6092644412E+01   -1.8416484209E+02
    9.9993199320E-01   -1.5648125012E+01    2.6018843167E+01   -1.8248274397E+02
    9.9993194319E-01   -1.5528678797E+01    2.5944194311E+01   -1.8079646350E+02
    9.9993189319E-01   -1.5408650439E+01    2.5868665826E+01   -1.7910563822E+02
    9.9993184318E-01   -1.5288008839E+01    2.5792223633E+01   -1.7740988296E+02
    9.9993179318E-01   -1.5166720824E+01    2.5714831395E+01   -1.7570878772E+02
    9.9993174317E-01   -1.5044750942E+01    2.5636450305E+01   -1.7400191517E+02
    9.9993169317E-01   -1.4922061239E+01    2.5557038842E+01   -1.7228879805E+02
    9.9993164316E-01   -1.4798611005E+01    2.5476552498E+01   -1.7056893598E+02
    9.9993159316E-01   -1.4674356484E+01    2.5394943470E+01   -1.6884179207E+02
    9.9993154315E-01   -1.4549250546E+01    2.5312160304E+01   -1.6710678886E+02
    9.9993149315E-01   -1.4423242310E+01    2.5228147495E+01   -1.6536330386E+02
    9.9993144314E-01   -1.4296276714E+01    2.5142845023E+01   -1.6361066426E+02
    9.9993139314E-01   -1.4168294015E+01    2.5056187821E+01   -1.6184814097E+02
    9.9993134313E-01   -1.4039229221E+01    2.4968105163E+01   -1.6007494168E+02
    9.9993129313E-01   -1.3909011415E+01    2.4878519944E+01   -1.5829020270E+02
    9.9993124312E-01   -1.3777562974E+01    2.4787347848E+01   -1.5649297957E+02
    9.9993119312E-01   -1.3644798652E+01    2.4694496363E+01   -1.5468223588E+02
    9.9993114311E-01   -1.3510624490E+01    2.4599863622E+01   -1.5285683010E+02
    9.9993109311E-01   -1.3374936521E+01    2.4503337020E+01   -1.5101549990E+02
    9.9993104310E-01   -1.3237619213E+01    2.4404791558E+01   -1.4915684333E+02
    9.9993099310E-01   -1.3098543597E+01    2.4304087841E+01   -1.4727929603E+02
    9.9993094309E-01   -1.2957564974E+01    2.4201069647E+01   -1.4538110356E+02
    9.9993089309E-01   -1.2814520107E+01    2.4095560935E+01   -1.4346028728E+02
    9.9993084308E-01   -1.2669223726E+01    2.3987362129E+01   -1.4151460196E+02
    9.9993079308E-01   -1.2521464145E+01    2.3876245463E+01   -1.3954148265E+02
    9.9993074307E-01   -1.2370997694E+01    2.3761949069E+01   -1.3753797708E+02
    9.9993069307E-01   -1.2217541540E+01    2.3644169360E+01   -1.3550065850E+02
    9.9993064306E-01   -1.2060764308E+01    2.3522551085E+01   -1.3342551186E+02
    9.9993059306E-01   -1.1900273604E+01    2.3396674106E+01   -1.3130778215E+02
    9.9993054305E-01   -1.1735599085E+01    2.3266035474E+01   -1.2914176884E+02
    9.9993049305E-01   -1.1566168994E+01    2.3130024590E+01   -1.2692054061E+02
    9.9993044304E-01   -1.1391276752E+01    2.2987887877E+01   -1.2463552920E+02
    9.9993039304E-01   -1.1210031942E+01    2.2838676971E+01   -1.2227593335E+02
    9.9993034303E-01   -1.1021285730E+01    2.2681169954E+01   -1.1982781158E+02
    9.9993029303E-01   -1.0823512270E+01    2.2513746169E+01   -1.1727263904E+02
    9.9993024302E-01   -1.0614609459E+01    2.2334176052E+01   -1.1458488223E+02
    9.9993019302E-01   -1.0391539860E+01    2.2139242620E+01   -1.1172762679E+02
    9.9993014301E-01   -1.0149620100E+01    2.1923992923E+01   -1.0864392231E+02
    9.9993009301E-01   -9.8809165125E+00    2.1680049174E+01   -1.0523723446E+02
    9.9993004300E-01   -9.5698060931E+00    2.1390939327E+01   -1.0131734057E+02
    9.9992999300E-01   -9.1751030136E+00    2.1013311837E+01   -9.6382401137E+01
    9.9992994299E-01   -8.2725260533E+00    2.0100681035E+01   -8.5257388080E+01
    9.9992989299E-01   -1.0959893773E+01    2.2767682620E+01   -1.1792288608E+02
    9.9992984298E-01   -1.0775872656E+01    2.2611149416E+01   -1.1556811507E+02
    9.9992979298E-01   -1.0582390195E+01    2.2444138732E+01   -1.1310235140E+02
    9.9992974297E-01   -1.0377999619E+01    2.2264992113E+01   -1.1050839239E+02
    9.9992969297E-01   -1.0159718928E+01    2.2070489746E+01   -1.0775048823E+02
    9.9992964296E-01   -9.9229467580E+00    2.1855670578E+01   -1.0477344346E+02
    9.9992959296E-01   -9.6598794971E+00    2.1612133570E+01   -1.0148359210E+02
    9.9992954295E-01   -9.3551204050E+00    2.1323328881E+01   -9.7696005055E+01
    9.9992949295E-01   -8.9679034992E+00    2.0945510740E+01   -9.2920684731E+01
    9.9992944294E-01   -8.0475523374E+00    1.9994929529E+01   -8.1735029626E+01
    9.9992939294E-01   -9.2487584015E+00    2.1261481412E+01   -9.6085853787E+01
    9.9992934293E-01   -8.8462884581E+00    2.0864698409E+01   -9.1149609439E+01
    9.9992929293E-01   -8.9771166285E+00    2.1014539789E+01   -9.2610609867E+01
    9.9992924292E-01   -8.3899965120E+00    2.0416663259E+01   -8.5480479431E+01
    9.9992919292E-01   -7.6517969079E+00    1.9632580550E+01   -7.6564656528E+01
    9.9992914291E-01   -4.8784582462E+00    1.6299221381E+01   -4.3365431885E+01
    9.9992909291E-01   -4.9408370016E+00    1.6395977827E+01   -4.4019369786E+01
    9.9992904290E-01   -5.0063698638E+00    1.6496603819E+01   -4.4708910631E+01
    9.9992899290E-01   -5.0746944433E+00    1.6600575466E+01   -4.5429565020E+01
    9.9992894289E-01   -5.1460977147E+00    1.6708224917E+01   -4.6184570817E+01
    9.9992889289E-01   -5.2209182198E+00    1.6819943456E+01   -4.6977750051E+01
    9.9992884288E-01   -5.2995599788E+00    1.6936197378E+01   -4.7813666813E+01
    9.9992879288E-01   -5.3825116255E+00    1.7057549829E+01   -4.8697844501E+01
    9.9992874287E-01   -5.4703733774E+00    1.7184691562E+01   -4.9637072122E+01
    9.9992869287E-01   -5.5638961598E+00    1.7318485522E+01   -5.0639848755E+01
    9.9992864286E-01   -5.6640403262E+00    1.7460033724E+01   -5.1717050852E+01
    9.9992859286E-01   -5.7720674879E+00    1.7610781768E+01   -5.2882976098E+01
    9.9992854285E-01   -5.8896915850E+00    1.7772690667E+01   -5.4157061255E+01
    9.9992849285E-01   -6.0193438671E+00    1.7948538036E+01   -5.5566896203E+01
    9.9992844284E-01   -6.1646784265E+00    1.8142492322E+01   -5.7153976045E+01
    9.9992839284E-01   -6.3316550180E+00    1.8361341935E+01   -5.8986025725E+01
    9.9992834283E-01   -6.5312934421E+00    1.8617619669E+01   -6.1188360901E+01
    9.9992829283E-01   -6.7890587179E+00    1.8940241294E+01   -6.4050783722E+01
    9.9992824282E-01   -7.2105784193E+00    1.9448943712E+01   -6.8776409820E+01
    9.9992819282E-01   -8.4054908503E+00    2.0802605483E+01   -8.2307367324E+01
    9.9992814281E-01   -7.6679067443E+00    2.0000138113E+01   -7.3825013718E+01
    9.9992809281E-01   -6.1009416665E+00    1.8155815725E+01   -5.5927065920E+01
    9.9992804280E-01   -6.2711722954E+00    1.8381167367E+01   -5.7773826160E+01
    9.9992799280E-01   -6.4778912240E+00    1.8648933421E+01   -6.0029369269E+01
    9.9992794279E-01   -6.7530692234E+00    1.8995897935E+01   -6.3053068845E+01
    9.9992789279E-01   -7.2995453058E+00    1.9655155235E+01   -6.9127429453E+01
    9.9992784278E-01   -7.3142693532E+00    1.9686430217E+01   -6.9210454622E+01
    9.9992779278E-01   -7.5221906480E+00    1.9940844893E+01   -7.1463492564E+01
    9.9992774277E-01   -5.4245099661E+00    1.7377986567E+01   -4.7842829944E+01
    9.9992769277E-01   -5.5279285175E+00    1.7528004119E+01   -4.8920608705E+01
    9.9992764276E-01   -5.6411252336E+00    1.7689896305E+01   -5.0104979033E+01
    9.9992759276E-01   -5.7660152324E+00    1.7865877083E+01   -5.1416806104E+01
    9.9992754275E-01   -5.9061984770E+00    1.8060216888E+01   -5.2895570286E+01
    9.9992749275E-01   -6.0675855579E+00    1.8279916555E+01   -5.4606137603E+01
    9.9992744274E-01   -6.2612238834E+00    1.8538041209E+01   -5.6669835395E+01
    9.9992739274E-01   -6.5131948890E+00    1.8865387261E+01   -5.9373317023E+01
    9.9992734273E-01   -6.9413540256E+00    1.9400873179E+01   -6.4013031160E+01
    9.9992729273E-01   -6.9414455097E+00    1.9400986016E+01   -6.4014022522E+01
    9.9992724272E-01   -6.9414455097E+00    1.9400986016E+01   -6.4014022522E+01
    9.9992719272E-01   -6.9414455097E+00    1.9400986016E+01   -6.4014022522E+01
    9.9992714271E-01   -6.9414455097E+00    1.9400986016E+01   -6.4014022522E+01
    9.9992709271E-01   -6.9414455097E+00    1.9400986016E+01   -6.4014022522E+01
    9.9992704270E-01   -6.9414455097E+00    1.9400986016E+01   -6.4014022522E+01
    9.9992699270E-01   -6.9414455097E+00    1.9400986016E+01   -6.4014022522E+01
    9.9992694269E-01   -6.9414455097E+00    1.9400986016E+01   -6.4014022522E+01
    9.9992689269E-01   -6.9414455097E+00    1.9400986016E+01   -6.4014022522E+01
    9.9992684268E-01   -6.9414455097E+00    1.9400986016E+01   -6.4014022522E+01
    9.9992679268E-01   -6.9414455097E+00    1.9400986016E+01   -6.4014022522E+01
    9.9992674267E-01   -6.9414455097E+00    1.9400986016E+01   -6.4014022522E+01
    9.9992669267E-01   -6.9414455097E+00    1.9400986016E+01   -6.4014022522E+01
    9.9992664266E-01   -6.9414455097E+00    1.9400986016E+01   -6.4014022522E+01
    9.9992659266E-01   -6.9414455097E+00    1.9400986016E+01   -6.4014022522E+01
    9.9992654265E-01   -6.9414455097E+00    1.9400986016E+01   -6.4014022522E+01
    9.9992649265E-01   -6.9414455097E+00    1.9400986016E+01   -6.4014022522E+01
    9.9992644264E-01   -6.9414455097E+00    1.9400986016E+01   -6.4014022522E+01
    9.9992639264E-01   -6.9414455097E+00    1.9400986016E+01   -6.4014022522E+01
    9.9992634263E-01   -6.9414455097E+00    1.9400986016E+01   -6.4014022522E+01
    9.9992629263E-01   -6.9414455097E+00    1.9400986016E+01   -6.4014022522E+01
    9.9992624262E-01   -6.9414455097E+00    1.9400986016E+01   -6.4014022522E+01
    9.9992619262E-01   -6.9414455097E+00    1.9400986016E+01   -6.4014022522E+01
    9.9992614261E-01   -6.9414455097E+00    1.9400986016E+01   -6.4014022522E+01
    9.9992609261E-01   -6.9414455097E+00    1.9400986016E+01   -6.4014022522E+01
    9.9992604260E-01   -6.9414455097E+00    1.9400986016E+01   -6.4014022522E+01
    9.9992599260E-01   -6.9414455097E+00    1.9400986016E+01   -6.4014022522E+01
    9.9992594259E-01   -6.9414455097E+00    1.9400986016E+01   -6.4014022522E+01
    9.9992589259E-01   -6.9414455097E+00    1.9400986016E+01   -6.4014022522E+01
    9.9992584258E-01   -6.9414455097E+00    1.9400986016E+01   -6.4014022522E+01
    9.9992579258E-01   -6.9414455097E+00    1.9400986016E+01   -6.4014022522E+01
    9.9992574257E-01   -6.9414455097E+00    1.9400986016E+01   -6.4014022522E+01
    9.9992569257E-01   -6.9414455097E+00    1.9400986016E+01   -6.4014022522E+01
    9.9992564256E-01   -6.9414455097E+00    1.9400986016E+01   -6.4014022522E+01
    9.9992559256E-01   -6.9414455097E+00    1.9400986016E+01   -6.4014022522E+01
    9.9992554255E-01   -6.9414455097E+00    1.9400986016E+01   -6.4014022522E+01
    9.9992549255E-01   -6.9414455097E+00    1.9400986016E+01   -6.4014022522E+01
    9.9992544254E-01   -6.9414455097E+00    1.9400986016E+01   -6.4014022522E+01
    9.9992539254E-01   -6.9414455097E+00    1.9400986016E+01   -6.4014022522E+01
    9.9992534253E-01   -6.9414455097E+00    1.9400986016E+01   -6.4014022522E+01
    9.9992529253E-01   -6.9414455097E+00    1.9400986016E+01   -6.4014022522E+01
    9.9992524252E-01   -6.9414455097E+00    1.9400986016E+01   -6.4014022522E+01
    9.9992519252E-01   -6.9414455097E+00    1.9400986016E+01   -6.4014022522E+01
    9.9992514251E-01   -6.9414455097E+00    1.9400986016E+01   -6.4014022522E+01
    9.9992509251E-01   -6.9414455097E+00    1.9400986016E+01   -6.4014022522E+01
    9.9992504250E-01   -6.9414455097E+00    1.9400986016E+01   -6.4014022522E+01
    9.9992499250E-01   -6.9414455097E+00    1.9400986016E+01   -6.4014022522E+01
    9.9992494249E-01   -6.9414455097E+00    1.9400986016E+01   -6.4014022522E+01
    9.9992489249E-01   -6.9414455097E+00    1.9400986016E+01   -6.4014022522E+01
    9.9992484248E-01   -6.9414455097E+00    1.9400986016E+01   -6.4014022522E+01
    9.9992479248E-01   -6.9414455097E+00    1.9400986016E+01   -6.4014022522E+01
    9.9992474247E-01   -6.9414455097E+00    1.9400986016E+01   -6.4014022522E+01
    9.9992469247E-01   -6.9414455097E+00    1.9400986016E+01   -6.4014022522E+01
    9.9992464246E-01   -6.9414455097E+00    1.9400986016E+01   -6.4014022522E+01
    9.9992459246E-01   -6.9414455097E+00    1.9400986016E+01   -6.4014022522E+01
    9.9992454245E-01   -6.9414455097E+00    1.9400986016E+01   -6.4014022522E+01
    9.9992449245E-01   -6.9414455097E+00    1.9400986016E+01   -6.4014022522E+01
    9.9992444244E-01   -6.9414455097E+00    1.9400986016E+01   -6.4014022522E+01
    9.9992439244E-01   -6.9414455097E+00    1.9400986016E+01   -6.4014022522E+01
    9.9992434243E-01   -6.9414455097E+00    1.9400986016E+01   -6.4014022522E+01
    9.9992429243E-01   -6.9414455097E+00    1.9400986016E+01   -6.4014022522E+01
    9.9992424242E-01   -6.9414455097E+00    1.9400986016E+01   -6.4014022522E+01
    9.9992419242E-01   -6.9414455097E+00    1.9400986016E+01   -6.4014022522E+01
    9.9992414241E-01   -6.9414455097E+00    1.9400986016E+01   -6.4014022522E+01
    9.9992409241E-01   -6.9414455097E+00    1.9400986016E+01   -6.4014022522E+01
    9.9992404240E-01   -6.9414455097E+00    1.9400986016E+01   -6.4014022522E+01
    9.9992399240E-01   -6.9414455097E+00    1.9400986016E+01   -6.4014022522E+01
    9.9992394239E-01   -6.9414455097E+00    1.9400986016E+01   -6.4014022522E+01
    9.9992389239E-01   -6.9414455097E+00    1.9400986016E+01   -6.4014022522E+01
    9.9992384238E-01   -6.9414455097E+00    1.9400986016E+01   -6.4014022522E+01
    9.9992379238E-01   -6.9414455097E+00    1.9400986016E+01   -6.4014022522E+01
    9.9992374237E-01   -6.9414455097E+00    1.9400986016E+01   -6.4014022522E+01
    9.9992369237E-01   -6.9414455097E+00    1.9400986016E+01   -6.4014022522E+01
    9.9992364236E-01   -6.9414455097E+00    1.9400986016E+01   -6.4014022522E+01
    9.9992359236E-01   -6.9414455097E+00    1.9400986016E+01   -6.4014022522E+01
    9.9992354235E-01   -6.9414455097E+00    1.9400986016E+01   -6.4014022522E+01
    9.9992349235E-01   -6.9414455097E+00    1.9400986016E+01   -6.4014022522E+01
    9.9992344234E-01   -6.9414455097E+00    1.9400986016E+01   -6.4014022522E+01
    9.9992339234E-01   -6.9414455097E+00    1.9400986016E+01   -6.4014022522E+01
    9.9992334233E-01   -6.9414455097E+00    1.9400986016E+01   -6.4014022522E+01
    9.9992329233E-01   -6.9414455097E+00    1.9400986016E+01   -6.4014022522E+01
    9.9992324232E-01   -6.9414455097E+00    1.9400986016E+01   -6.4014022522E+01
    9.9992319232E-01   -6.9414455097E+00    1.9400986016E+01   -6.4014022522E+01
    9.9992314231E-01   -6.9414455097E+00    1.9400986016E+01   -6.4014022522E+01
    9.9992309231E-01   -6.9414455097E+00    1.9400986016E+01   -6.4014022522E+01
    9.9992304230E-01   -6.9414455097E+00    1.9400986016E+01   -6.4014022522E+01
    9.9992299230E-01   -6.9414455097E+00    1.9400986016E+01   -6.4014022522E+01
    9.9992294229E-01   -6.9414455097E+00    1.9400986016E+01   -6.4014022522E+01
    9.9992289229E-01   -6.9414455097E+00    1.9400986016E+01   -6.4014022522E+01
    9.9992284228E-01   -6.9414455097E+00    1.9400986016E+01   -6.4014022522E+01
    9.9992279228E-01   -6.9414455097E+00    1.9400986016E+01   -6.4014022522E+01
    9.9992274227E-01   -6.9414455097E+00    1.9400986016E+01   -6.4014022522E+01
    9.9992269227E-01   -6.9414455097E+00    1.9400986016E+01   -6.4014022522E+01
    9.9992264226E-01   -6.9414455097E+00    1.9400986016E+01   -6.4014022522E+01
    9.9992259226E-01   -6.9414455097E+00    1.9400986016E+01   -6.4014022522E+01
    9.9992254225E-01   -6.9414455097E+00    1.9400986016E+01   -6.4014022522E+01
    9.9992249225E-01   -6.9414455097E+00    1.9400986016E+01   -6.4014022522E+01
    9.9992244224E-01   -6.9414455097E+00    1.9400986016E+01   -6.4014022522E+01
    9.9992239224E-01   -6.9414455097E+00    1.9400986016E+01   -6.4014022522E+01
    9.9992234223E-01   -6.9414455097E+00    1.9400986016E+01   -6.4014022522E+01
    9.9992229223E-01   -6.9414455097E+00    1.9400986016E+01   -6.4014022522E+01
    9.9992224222E-01   -6.9414455097E+00    1.9400986016E+01   -6.4014022522E+01
    9.9992219222E-01   -6.9414455097E+00    1.9400986016E+01   -6.4014022522E+01
    9.9992214221E-01   -6.9414455097E+00    1.9400986016E+01   -6.4014022522E+01
    9.9992209221E-01   -6.9414455097E+00    1.9400986016E+01   -6.4014022522E+01
    9.9992204220E-01   -6.9414455097E+00    1.9400986016E+01   -6.4014022522E+01
    9.9992199220E-01   -6.9414455097E+00    1.9400986016E+01   -6.4014022522E+01
    9.9992194219E-01   -6.9414455097E+00    1.9400986016E+01   -6.4014022522E+01
    9.9992189219E-01   -6.9414455097E+00    1.9400986016E+01   -6.4014022522E+01
    9.9992184218E-01   -6.9414455097E+00    1.9400986016E+01   -6.4014022522E+01
    9.9992179218E-01   -6.9414455097E+00    1.9400986016E+01   -6.4014022522E+01
    9.9992174217E-01   -6.9414455097E+00    1.9400986016E+01   -6.4014022522E+01
    9.9992169217E-01   -6.9414455097E+00    1.9400986016E+01   -6.4014022522E+01
    9.9992164216E-01   -6.9414455097E+00    1.9400986016E+01   -6.4014022522E+01
    9.9992159216E-01   -6.9414455097E+00    1.9400986016E+01   -6.4014022522E+01
    9.9992154215E-01   -6.9414455097E+00    1.9400986016E+01   -6.4014022522E+01
    9.9992149215E-01   -6.9414455097E+00    1.9400986016E+01   -6.4014022522E+01
    9.9992144214E-01   -6.9414455097E+00    1.9400986016E+01   -6.4014022522E+01
    9.9992139214E-01   -6.9414455097E+00    1.9400986016E+01   -6.4014022522E+01
    9.9992134213E-01   -6.9414455097E+00    1.9400986016E+01   -6.4014022522E+01
    9.9992129213E-01   -6.9414455097E+00    1.9400986016E+01   -6.4014022522E+01
    9.9992124212E-01   -6.9414455097E+00    1.9400986016E+01   -6.4014022522E+01
    9.9992119212E-01   -6.9414455097E+00    1.9400986016E+01   -6.4014022522E+01
    9.9992114211E-01   -6.9414455097E+00    1.9400986016E+01   -6.4014022522E+01
    9.9992109211E-01   -6.9414455097E+00    1.9400986016E+01   -6.4014022522E+01
    9.9992104210E-01   -6.9414455097E+00    1.9400986016E+01   -6.4014022522E+01
    9.9992099210E-01   -6.9414455097E+00    1.9400986016E+01   -6.4014022522E+01
    9.9992094209E-01   -6.9414455097E+00    1.9400986016E+01   -6.4014022522E+01
    9.9992089209E-01   -6.9414455097E+00    1.9400986016E+01   -6.4014022522E+01
    9.9992084208E-01   -6.9414455097E+00    1.9400986016E+01   -6.4014022522E+01
    9.9992079208E-01   -6.9414455097E+00    1.9400986016E+01   -6.4014022522E+01
    9.9992074207E-01   -6.9414455097E+00    1.9400986016E+01   -6.4014022522E+01
    9.9992069207E-01   -6.9414455097E+00    1.9400986016E+01   -6.4014022522E+01
    9.9992064206E-01   -6.9414455097E+00    1.9400986016E+01   -6.4014022522E+01
    9.9992059206E-01   -6.9414455097E+00    1.9400986016E+01   -6.4014022522E+01
    9.9992054205E-01   -6.9414455097E+00    1.9400986016E+01   -6.4014022522E+01
    9.9992049205E-01   -6.9414455097E+00    1.9400986016E+01   -6.4014022522E+01
    9.9992044204E-01   -6.9414455097E+00    1.9400986016E+01   -6.4014022522E+01
    9.9992039204E-01   -6.9414455097E+00    1.9400986016E+01   -6.4014022522E+01
    9.9992034203E-01   -6.9414455097E+00    1.9400986016E+01   -6.4014022522E+01
    9.9992029203E-01   -6.9414455097E+00    1.9400986016E+01   -6.4014022522E+01
    9.9992024202E-01   -6.9414455097E+00    1.9400986016E+01   -6.4014022522E+01
    9.9992019202E-01   -6.9414455097E+00    1.9400986016E+01   -6.4014022522E+01
    9.9992014201E-01   -6.9414455097E+00    1.9400986016E+01   -6.4014022522E+01
    9.9992009201E-01   -6.9414455097E+00    1.9400986016E+01   -6.4014022522E+01
    9.9992004200E-01   -6.9414455097E+00    1.9400986016E+01   -6.4014022522E+01
    9.9991999200E-01   -6.9414455097E+00    1.9400986016E+01   -6.4014022522E+01
    9.9991994199E-01   -6.9414455097E+00    1.9400986016E+01   -6.4014022522E+01
    9.9991989199E-01   -6.9414455097E+00    1.9400986016E+01   -6.4014022522E+01
    9.9991984198E-01   -6.9414455097E+00    1.9400986016E+01   -6.4014022522E+01
    9.9991979198E-01   -6.9414455097E+00    1.9400986016E+01   -6.4014022522E+01
    9.9991974197E-01   -6.9414455097E+00    1.9400986016E+01   -6.4014022522E+01
    9.9991969197E-01   -6.9414455097E+00    1.9400986016E+01   -6.4014022522E+01
    9.9991964196E-01   -6.9414455097E+00    1.9400986016E+01   -6.4014022522E+01
    9.9991959196E-01   -6.9414455097E+00    1.9400986016E+01   -6.4014022522E+01
    9.9991954195E-01   -6.9414455097E+00    1.9400986016E+01   -6.4014022522E+01
    9.9991949195E-01   -6.9414455097E+00    1.9400986016E+01   -6.4014022522E+01
    9.9991944194E-01   -6.9414455097E+00    1.9400986016E+01   -6.4014022522E+01
    9.9991939194E-01   -6.9414455097E+00    1.9400986016E+01   -6.4014022522E+01
    9.9991934193E-01   -6.9414455097E+00    1.9400986016E+01   -6.4014022522E+01
    9.9991929193E-01   -6.9414455097E+00    1.9400986016E+01   -6.4014022522E+01
    9.9991924192E-01   -6.9414455097E+00    1.9400986016E+01   -6.4014022522E+01
    9.9991919192E-01   -6.9414455097E+00    1.9400986016E+01   -6.4014022522E+01
    9.9991914191E-01   -6.9414455097E+00    1.9400986016E+01   -6.4014022522E+01
    9.9991909191E-01   -6.9414455097E+00    1.9400986016E+01   -6.4014022522E+01
    9.9991904190E-01   -6.9414455097E+00    1.9400986016E+01   -6.4014022522E+01
    9.9991899190E-01   -6.9414455097E+00    1.9400986016E+01   -6.4014022522E+01
    9.9991894189E-01   -6.9414455097E+00    1.9400986016E+01   -6.4014022522E+01
    9.9991889189E-01   -6.9414455097E+00    1.9400986016E+01   -6.4014022522E+01
    9.9991884188E-01   -6.9414455097E+00    1.9400986016E+01   -6.4014022522E+01
    9.9991879188E-01   -6.9414455097E+00    1.9400986016E+01   -6.4014022522E+01
    9.9991874187E-01   -6.9414455097E+00    1.9400986016E+01   -6.4014022522E+01
    9.9991869187E-01   -6.9414455097E+00    1.9400986016E+01   -6.4014022522E+01
    9.9991864186E-01   -6.9414455097E+00    1.9400986016E+01   -6.4014022522E+01
    9.9991859186E-01   -6.9414455097E+00    1.9400986016E+01   -6.4014022522E+01
    9.9991854185E-01   -6.9414455097E+00    1.9400986016E+01   -6.4014022522E+01
    9.9991849185E-01   -6.9414455097E+00    1.9400986016E+01   -6.4014022522E+01
    9.9991844184E-01   -6.9414455097E+00    1.9400986016E+01   -6.4014022522E+01
    9.9991839184E-01   -6.9414455097E+00    1.9400986016E+01   -6.4014022522E+01
    9.9991834183E-01   -6.9414455097E+00    1.9400986016E+01   -6.4014022522E+01
    9.9991829183E-01   -6.9414455097E+00    1.9400986016E+01   -6.4014022522E+01
    9.9991824182E-01   -6.9414455097E+00    1.9400986016E+01   -6.4014022522E+01
    9.9991819182E-01   -6.9414455097E+00    1.9400986016E+01   -6.4014022522E+01
    9.9991814181E-01   -6.9414455097E+00    1.9400986016E+01   -6.4014022522E+01
    9.9991809181E-01   -6.9414455097E+00    1.9400986016E+01   -6.4014022522E+01
    9.9991804180E-01   -6.9414455097E+00    1.9400986016E+01   -6.4014022522E+01
    9.9991799180E-01   -6.9414455097E+00    1.9400986016E+01   -6.4014022522E+01
    9.9991794179E-01   -6.9414455097E+00    1.9400986016E+01   -6.4014022522E+01
    9.9991789179E-01   -6.9414455097E+00    1.9400986016E+01   -6.4014022522E+01
    9.9991784178E-01   -6.9414455097E+00    1.9400986016E+01   -6.4014022522E+01
    9.9991779178E-01   -6.9414455097E+00    1.9400986016E+01   -6.4014022522E+01
    9.9991774177E-01   -6.9414455097E+00    1.9400986016E+01   -6.4014022522E+01
    9.9991769177E-01   -6.9414455097E+00    1.9400986016E+01   -6.4014022522E+01
    9.9991764176E-01   -6.9414455097E+00    1.9400986016E+01   -6.4014022522E+01
    9.9991759176E-01   -6.9414455097E+00    1.9400986016E+01   -6.4014022522E+01
    9.9991754175E-01   -6.9414455097E+00    1.9400986016E+01   -6.4014022522E+01
    9.9991749175E-01   -6.9414455097E+00    1.9400986016E+01   -6.4014022522E+01
    9.9991744174E-01   -6.9414455097E+00    1.9400986016E+01   -6.4014022522E+01
    9.9991739174E-01   -6.9414455097E+00    1.9400986016E+01   -6.4014022522E+01
    9.9991734173E-01   -6.9414455097E+00    1.9400986016E+01   -6.4014022522E+01
    9.9991729173E-01   -6.9414455097E+00    1.9400986016E+01   -6.4014022522E+01
    9.9991724172E-01   -6.9414455097E+00    1.9400986016E+01   -6.4014022522E+01
    9.9991719172E-01   -6.9414455097E+00    1.9400986016E+01   -6.4014022522E+01
    9.9991714171E-01   -6.9414455097E+00    1.9400986016E+01   -6.4014022522E+01
    9.9991709171E-01   -6.9414455097E+00    1.9400986016E+01   -6.4014022522E+01
    9.9991704170E-01   -6.9414455097E+00    1.9400986016E+01   -6.4014022522E+01
    9.9991699170E-01   -6.9414455097E+00    1.9400986016E+01   -6.4014022522E+01
    9.9991694169E-01   -6.9414455097E+00    1.9400986016E+01   -6.4014022522E+01
    9.9991689169E-01   -6.9414455097E+00    1.9400986016E+01   -6.4014022522E+01
    9.9991684168E-01   -6.9414455097E+00    1.9400986016E+01   -6.4014022522E+01
    9.9991679168E-01   -6.9414455097E+00    1.9400986016E+01   -6.4014022522E+01
    9.9991674167E-01   -6.9414455097E+00    1.9400986016E+01   -6.4014022522E+01
    9.9991669167E-01   -6.9414455097E+00    1.9400986016E+01   -6.4014022522E+01
    9.9991664166E-01   -6.9414455097E+00    1.9400986016E+01   -6.4014022522E+01
    9.9991659166E-01   -6.9414455097E+00    1.9400986016E+01   -6.4014022522E+01
    9.9991654165E-01   -6.9414455097E+00    1.9400986016E+01   -6.4014022522E+01
    9.9991649165E-01   -6.9414455097E+00    1.9400986016E+01   -6.4014022522E+01
    9.9991644164E-01   -6.9414455097E+00    1.9400986016E+01   -6.4014022522E+01
    9.9991639164E-01   -6.9414455097E+00    1.9400986016E+01   -6.4014022522E+01
    9.9991634163E-01   -6.9414455097E+00    1.9400986016E+01   -6.4014022522E+01
    9.9991629163E-01   -6.9414455097E+00    1.9400986016E+01   -6.4014022522E+01
    9.9991624162E-01   -6.9414455097E+00    1.9400986016E+01   -6.4014022522E+01
    9.9991619162E-01   -6.9414455097E+00    1.9400986016E+01   -6.4014022522E+01
    9.9991614161E-01   -6.9414455097E+00    1.9400986016E+01   -6.4014022522E+01
    9.9991609161E-01   -6.9414455097E+00    1.9400986016E+01   -6.4014022522E+01
    9.9991604160E-01   -6.9414455097E+00    1.9400986016E+01   -6.4014022522E+01
    9.9991599160E-01   -6.9414455097E+00    1.9400986016E+01   -6.4014022522E+01
    9.9991594159E-01   -6.9414455097E+00    1.9400986016E+01   -6.4014022522E+01
    9.9991589159E-01   -6.9414455097E+00    1.9400986016E+01   -6.4014022522E+01
    9.9991584158E-01   -6.9414455097E+00    1.9400986016E+01   -6.4014022522E+01
    9.9991579158E-01   -6.9414455097E+00    1.9400986016E+01   -6.4014022522E+01
    9.9991574157E-01   -6.9414455097E+00    1.9400986016E+01   -6.4014022522E+01
    9.9991569157E-01   -6.9414455097E+00    1.9400986016E+01   -6.4014022522E+01
    9.9991564156E-01   -6.9414455097E+00    1.9400986016E+01   -6.4014022522E+01
    9.9991559156E-01   -6.9414455097E+00    1.9400986016E+01   -6.4014022522E+01
    9.9991554155E-01   -6.9414455097E+00    1.9400986016E+01   -6.4014022522E+01
    9.9991549155E-01   -6.9414455097E+00    1.9400986016E+01   -6.4014022522E+01
    9.9991544154E-01   -6.9414455097E+00    1.9400986016E+01   -6.4014022522E+01
    9.9991539154E-01   -6.9414455097E+00    1.9400986016E+01   -6.4014022522E+01
    9.9991534153E-01   -6.9414455097E+00    1.9400986016E+01   -6.4014022522E+01
    9.9991529153E-01   -6.9414455097E+00    1.9400986016E+01   -6.4014022522E+01
    9.9991524152E-01   -6.9414455097E+00    1.9400986016E+01   -6.4014022522E+01
    9.9991519152E-01   -6.9414455097E+00    1.9400986016E+01   -6.4014022522E+01
    9.9991514151E-01   -6.9414455097E+00    1.9400986016E+01   -6.4014022522E+01
    9.9991509151E-01   -6.9414455097E+00    1.9400986016E+01   -6.4014022522E+01
    9.9991504150E-01   -6.9414455097E+00    1.9400986016E+01   -6.4014022522E+01
    9.9991499150E-01   -6.9414455097E+00    1.9400986016E+01   -6.4014022522E+01
    9.9991494149E-01   -6.9414455097E+00    1.9400986016E+01   -6.4014022522E+01
    9.9991489149E-01   -6.9414455097E+00    1.9400986016E+01   -6.4014022522E+01
    9.9991484148E-01   -6.9414455097E+00    1.9400986016E+01   -6.4014022522E+01
    9.9991479148E-01   -6.9414455097E+00    1.9400986016E+01   -6.4014022522E+01
    9.9991474147E-01   -6.9414455097E+00    1.9400986016E+01   -6.4014022522E+01
    9.9991469147E-01   -6.9414455097E+00    1.9400986016E+01   -6.4014022522E+01
    9.9991464146E-01   -6.9414455097E+00    1.9400986016E+01   -6.4014022522E+01
    9.9991459146E-01   -6.9414455097E+00    1.9400986016E+01   -6.4014022522E+01
    9.9991454145E-01   -6.9414455097E+00    1.9400986016E+01   -6.4014022522E+01
    9.9991449145E-01   -6.9414455097E+00    1.9400986016E+01   -6.4014022522E+01
    9.9991444144E-01   -6.9414455097E+00    1.9400986016E+01   -6.4014022522E+01
    9.9991439144E-01   -6.9414455097E+00    1.9400986016E+01   -6.4014022522E+01
    9.9991434143E-01   -6.9414455097E+00    1.9400986016E+01   -6.4014022522E+01
    9.9991429143E-01   -6.9414455097E+00    1.9400986016E+01   -6.4014022522E+01
    9.9991424142E-01   -6.9414455097E+00    1.9400986016E+01   -6.4014022522E+01
    9.9991419142E-01   -6.9414455097E+00    1.9400986016E+01   -6.4014022522E+01
    9.9991414141E-01   -6.9414455097E+00    1.9400986016E+01   -6.4014022522E+01
    9.9991409141E-01   -6.9414455097E+00    1.9400986016E+01   -6.4014022522E+01
    9.9991404140E-01   -6.9414455097E+00    1.9400986016E+01   -6.4014022522E+01
    9.9991399140E-01   -6.9414455097E+00    1.9400986016E+01   -6.4014022522E+01
    9.9991394139E-01   -6.9414455097E+00    1.9400986016E+01   -6.4014022522E+01
    9.9991389139E-01   -6.9414455097E+00    1.9400986016E+01   -6.4014022522E+01
    9.9991384138E-01   -6.9414455097E+00    1.9400986016E+01   -6.4014022522E+01
    9.9991379138E-01   -6.9414455097E+00    1.9400986016E+01   -6.4014022522E+01
    9.9991374137E-01   -6.9414455097E+00    1.9400986016E+01   -6.4014022522E+01
    9.9991369137E-01   -6.9414455097E+00    1.9400986016E+01   -6.4014022522E+01
    9.9991364136E-01   -6.9414455097E+00    1.9400986016E+01   -6.4014022522E+01
    9.9991359136E-01   -6.9414455097E+00    1.9400986016E+01   -6.4014022522E+01
    9.9991354135E-01   -6.9414455097E+00    1.9400986016E+01   -6.4014022522E+01
    9.9991349135E-01   -6.9414455097E+00    1.9400986016E+01   -6.4014022522E+01
    9.9991344134E-01   -6.9414455097E+00    1.9400986016E+01   -6.4014022522E+01
    9.9991339134E-01   -6.9414455097E+00    1.9400986016E+01   -6.4014022522E+01
    9.9991334133E-01   -6.9414455097E+00    1.9400986016E+01   -6.4014022522E+01
    9.9991329133E-01   -6.9414455097E+00    1.9400986016E+01   -6.4014022522E+01
    9.9991324132E-01   -6.9414455097E+00    1.9400986016E+01   -6.4014022522E+01
    9.9991319132E-01   -6.9414455097E+00    1.9400986016E+01   -6.4014022522E+01
    9.9991314131E-01   -6.9414455097E+00    1.9400986016E+01   -6.4014022522E+01
    9.9991309131E-01   -6.9414455097E+00    1.9400986016E+01   -6.4014022522E+01
    9.9991304130E-01   -6.9414455097E+00    1.9400986016E+01   -6.4014022522E+01
    9.9991299130E-01   -6.9414455097E+00    1.9400986016E+01   -6.4014022522E+01
    9.9991294129E-01   -6.9414455097E+00    1.9400986016E+01   -6.4014022522E+01
    9.9991289129E-01   -6.9414455097E+00    1.9400986016E+01   -6.4014022522E+01
    9.9991284128E-01   -6.9414455097E+00    1.9400986016E+01   -6.4014022522E+01
    9.9991279128E-01   -6.9414455097E+00    1.9400986016E+01   -6.4014022522E+01
    9.9991274127E-01   -6.9414455097E+00    1.9400986016E+01   -6.4014022522E+01
    9.9991269127E-01   -6.9414455097E+00    1.9400986016E+01   -6.4014022522E+01
    9.9991264126E-01   -6.9414455097E+00    1.9400986016E+01   -6.4014022522E+01
    9.9991259126E-01   -6.9414455097E+00    1.9400986016E+01   -6.4014022522E+01
    9.9991254125E-01   -6.9414455097E+00    1.9400986016E+01   -6.4014022522E+01
    9.9991249125E-01   -6.9414455097E+00    1.9400986016E+01   -6.4014022522E+01
    9.9991244124E-01   -6.9414455097E+00    1.9400986016E+01   -6.4014022522E+01
    9.9991239124E-01   -6.9414455097E+00    1.9400986016E+01   -6.4014022522E+01
    9.9991234123E-01   -6.9414455097E+00    1.9400986016E+01   -6.4014022522E+01
    9.9991229123E-01   -6.9414455097E+00    1.9400986016E+01   -6.4014022522E+01
    9.9991224122E-01   -6.9414455097E+00    1.9400986016E+01   -6.4014022522E+01
    9.9991219122E-01   -6.9414455097E+00    1.9400986016E+01   -6.4014022522E+01
    9.9991214121E-01   -6.9414455097E+00    1.9400986016E+01   -6.4014022522E+01
    9.9991209121E-01   -6.9414455097E+00    1.9400986016E+01   -6.4014022522E+01
    9.9991204120E-01   -6.9414455097E+00    1.9400986016E+01   -6.4014022522E+01
    9.9991199120E-01   -6.9414455097E+00    1.9400986016E+01   -6.4014022522E+01
    9.9991194119E-01   -6.9414455097E+00    1.9400986016E+01   -6.4014022522E+01
    9.9991189119E-01   -6.9414455097E+00    1.9400986016E+01   -6.4014022522E+01
    9.9991184118E-01   -6.9414455097E+00    1.9400986016E+01   -6.4014022522E+01
    9.9991179118E-01   -6.9414455097E+00    1.9400986016E+01   -6.4014022522E+01
    9.9991174117E-01   -6.9414455097E+00    1.9400986016E+01   -6.4014022522E+01
    9.9991169117E-01   -6.9414455097E+00    1.9400986016E+01   -6.4014022522E+01
    9.9991164116E-01   -6.9414455097E+00    1.9400986016E+01   -6.4014022522E+01
    9.9991159116E-01   -6.9414455097E+00    1.9400986016E+01   -6.4014022522E+01
    9.9991154115E-01   -6.9414455097E+00    1.9400986016E+01   -6.4014022522E+01
    9.9991149115E-01   -6.9414455097E+00    1.9400986016E+01   -6.4014022522E+01
    9.9991144114E-01   -6.9414455097E+00    1.9400986016E+01   -6.4014022522E+01
    9.9991139114E-01   -6.9414455097E+00    1.9400986016E+01   -6.4014022522E+01
    9.9991134113E-01   -6.9414455097E+00    1.9400986016E+01   -6.4014022522E+01
    9.9991129113E-01   -6.9414455097E+00    1.9400986016E+01   -6.4014022522E+01
    9.9991124112E-01   -6.9414455097E+00    1.9400986016E+01   -6.4014022522E+01
    9.9991119112E-01   -6.9414455097E+00    1.9400986016E+01   -6.4014022522E+01
    9.9991114111E-01   -6.9414455097E+00    1.9400986016E+01   -6.4014022522E+01
    9.9991109111E-01   -6.9414455097E+00    1.9400986016E+01   -6.4014022522E+01
    9.9991104110E-01   -6.9414455097E+00    1.9400986016E+01   -6.4014022522E+01
    9.9991099110E-01   -6.9414455097E+00    1.9400986016E+01   -6.4014022522E+01
    9.9991094109E-01   -6.9414455097E+00    1.9400986016E+01   -6.4014022522E+01
    9.9991089109E-01   -6.9414455097E+00    1.9400986016E+01   -6.4014022522E+01
    9.9991084108E-01   -6.9414455097E+00    1.9400986016E+01   -6.4014022522E+01
    9.9991079108E-01   -6.9414455097E+00    1.9400986016E+01   -6.4014022522E+01
    9.9991074107E-01   -6.9414455097E+00    1.9400986016E+01   -6.4014022522E+01
    9.9991069107E-01   -6.9414455097E+00    1.9400986016E+01   -6.4014022522E+01
    9.9991064106E-01   -6.9414455097E+00    1.9400986016E+01   -6.4014022522E+01
    9.9991059106E-01   -6.9414455097E+00    1.9400986016E+01   -6.4014022522E+01
    9.9991054105E-01   -6.9414455097E+00    1.9400986016E+01   -6.4014022522E+01
    9.9991049105E-01   -6.9414455097E+00    1.9400986016E+01   -6.4014022522E+01
    9.9991044104E-01   -6.9414455097E+00    1.9400986016E+01   -6.4014022522E+01
    9.9991039104E-01   -6.9414455097E+00    1.9400986016E+01   -6.4014022522E+01
    9.9991034103E-01   -6.9414455097E+00    1.9400986016E+01   -6.4014022522E+01
    9.9991029103E-01   -6.9414455097E+00    1.9400986016E+01   -6.4014022522E+01
    9.9991024102E-01   -6.9414455097E+00    1.9400986016E+01   -6.4014022522E+01
    9.9991019102E-01   -6.9414455097E+00    1.9400986016E+01   -6.4014022522E+01
    9.9991014101E-01   -6.9414455097E+00    1.9400986016E+01   -6.4014022522E+01
    9.9991009101E-01   -6.9414455097E+00    1.9400986016E+01   -6.4014022522E+01
    9.9991004100E-01   -6.9414455097E+00    1.9400986016E+01   -6.4014022522E+01
    9.9990999100E-01   -6.9414455097E+00    1.9400986016E+01   -6.4014022522E+01
    9.9990994099E-01   -6.9414455097E+00    1.9400986016E+01   -6.4014022522E+01
    9.9990989099E-01   -6.9414455097E+00    1.9400986016E+01   -6.4014022522E+01
    9.9990984098E-01   -6.9414455097E+00    1.9400986016E+01   -6.4014022522E+01
    9.9990979098E-01   -6.9414455097E+00    1.9400986016E+01   -6.4014022522E+01
    9.9990974097E-01   -6.9414455097E+00    1.9400986016E+01   -6.4014022522E+01
    9.9990969097E-01   -6.9414455097E+00    1.9400986016E+01   -6.4014022522E+01
    9.9990964096E-01   -6.9414455097E+00    1.9400986016E+01   -6.4014022522E+01
    9.9990959096E-01   -6.9414455097E+00    1.9400986016E+01   -6.4014022522E+01
    9.9990954095E-01   -6.9414455097E+00    1.9400986016E+01   -6.4014022522E+01
    9.9990949095E-01   -6.9414455097E+00    1.9400986016E+01   -6.4014022522E+01
    9.9990944094E-01   -6.9414455097E+00    1.9400986016E+01   -6.4014022522E+01
    9.9990939094E-01   -6.9414455097E+00    1.9400986016E+01   -6.4014022522E+01
    9.9990934093E-01   -6.9414455097E+00    1.9400986016E+01   -6.4014022522E+01
    9.9990929093E-01   -6.9414455097E+00    1.9400986016E+01   -6.4014022522E+01
    9.9990924092E-01   -6.9414455097E+00    1.9400986016E+01   -6.4014022522E+01
    9.9990919092E-01   -6.9414455097E+00    1.9400986016E+01   -6.4014022522E+01
    9.9990914091E-01   -6.9414455097E+00    1.9400986016E+01   -6.4014022522E+01
    9.9990909091E-01   -6.9414455097E+00    1.9400986016E+01   -6.4014022522E+01
    9.9990904090E-01   -6.9414455097E+00    1.9400986016E+01   -6.4014022522E+01
    9.9990899090E-01   -6.9414455097E+00    1.9400986016E+01   -6.4014022522E+01
    9.9990894089E-01   -6.9414455097E+00    1.9400986016E+01   -6.4014022522E+01
    9.9990889089E-01   -6.9414455097E+00    1.9400986016E+01   -6.4014022522E+01
    9.9990884088E-01   -6.9414455097E+00    1.9400986016E+01   -6.4014022522E+01
    9.9990879088E-01   -6.9414455097E+00    1.9400986016E+01   -6.4014022522E+01
    9.9990874087E-01   -6.9414455097E+00    1.9400986016E+01   -6.4014022522E+01
    9.9990869087E-01   -6.9414455097E+00    1.9400986016E+01   -6.4014022522E+01
    9.9990864086E-01   -6.9414455097E+00    1.9400986016E+01   -6.4014022522E+01
    9.9990859086E-01   -6.9414455097E+00    1.9400986016E+01   -6.4014022522E+01
    9.9990854085E-01   -6.9414455097E+00    1.9400986016E+01   -6.4014022522E+01
    9.9990849085E-01   -6.9414455097E+00    1.9400986016E+01   -6.4014022522E+01
    9.9990844084E-01   -6.9414455097E+00    1.9400986016E+01   -6.4014022522E+01
    9.9990839084E-01   -6.9414455097E+00    1.9400986016E+01   -6.4014022522E+01
    9.9990834083E-01   -6.9414455097E+00    1.9400986016E+01   -6.4014022522E+01
    9.9990829083E-01   -6.9414455097E+00    1.9400986016E+01   -6.4014022522E+01
    9.9990824082E-01   -6.9414455097E+00    1.9400986016E+01   -6.4014022522E+01
    9.9990819082E-01   -6.9414455097E+00    1.9400986016E+01   -6.4014022522E+01
    9.9990814081E-01   -6.9414455097E+00    1.9400986016E+01   -6.4014022522E+01
    9.9990809081E-01   -6.9414455097E+00    1.9400986016E+01   -6.4014022522E+01
    9.9990804080E-01   -6.9414455097E+00    1.9400986016E+01   -6.4014022522E+01
    9.9990799080E-01   -6.9414455097E+00    1.9400986016E+01   -6.4014022522E+01
    9.9990794079E-01   -6.9414455097E+00    1.9400986016E+01   -6.4014022522E+01
    9.9990789079E-01   -6.9414455097E+00    1.9400986016E+01   -6.4014022522E+01
    9.9990784078E-01   -6.9414455097E+00    1.9400986016E+01   -6.4014022522E+01
    9.9990779078E-01   -6.9414455097E+00    1.9400986016E+01   -6.4014022522E+01
    9.9990774077E-01   -6.9414455097E+00    1.9400986016E+01   -6.4014022522E+01
    9.9990769077E-01   -6.9414455097E+00    1.9400986016E+01   -6.4014022522E+01
    9.9990764076E-01   -6.9414455097E+00    1.9400986016E+01   -6.4014022522E+01
    9.9990759076E-01   -6.9414455097E+00    1.9400986016E+01   -6.4014022522E+01
    9.9990754075E-01   -6.9414455097E+00    1.9400986016E+01   -6.4014022522E+01
    9.9990749075E-01   -6.9414455097E+00    1.9400986016E+01   -6.4014022522E+01
    9.9990744074E-01   -6.9414455097E+00    1.9400986016E+01   -6.4014022522E+01
    9.9990739074E-01   -6.9414455097E+00    1.9400986016E+01   -6.4014022522E+01
    9.9990734073E-01   -6.9414455097E+00    1.9400986016E+01   -6.4014022522E+01
    9.9990729073E-01   -6.9414455097E+00    1.9400986016E+01   -6.4014022522E+01
    9.9990724072E-01   -6.9414455097E+00    1.9400986016E+01   -6.4014022522E+01
    9.9990719072E-01   -6.9414455097E+00    1.9400986016E+01   -6.4014022522E+01
    9.9990714071E-01   -6.9414455097E+00    1.9400986016E+01   -6.4014022522E+01
    9.9990709071E-01   -6.9414455097E+00    1.9400986016E+01   -6.4014022522E+01
    9.9990704070E-01   -6.9414455097E+00    1.9400986016E+01   -6.4014022522E+01
    9.9990699070E-01   -6.9414455097E+00    1.9400986016E+01   -6.4014022522E+01
    9.9990694069E-01   -6.9414455097E+00    1.9400986016E+01   -6.4014022522E+01
    9.9990689069E-01   -6.9414455097E+00    1.9400986016E+01   -6.4014022522E+01
    9.9990684068E-01   -6.9414455097E+00    1.9400986016E+01   -6.4014022522E+01
    9.9990679068E-01   -6.9414455097E+00    1.9400986016E+01   -6.4014022522E+01
    9.9990674067E-01   -6.9414455097E+00    1.9400986016E+01   -6.4014022522E+01
    9.9990669067E-01   -6.9414455097E+00    1.9400986016E+01   -6.4014022522E+01
    9.9990664066E-01   -6.9414455097E+00    1.9400986016E+01   -6.4014022522E+01
    9.9990659066E-01   -6.9414455097E+00    1.9400986016E+01   -6.4014022522E+01
    9.9990654065E-01   -6.9414455097E+00    1.9400986016E+01   -6.4014022522E+01
    9.9990649065E-01   -6.9414455097E+00    1.9400986016E+01   -6.4014022522E+01
    9.9990644064E-01   -6.9414455097E+00    1.9400986016E+01   -6.4014022522E+01
    9.9990639064E-01   -6.9414455097E+00    1.9400986016E+01   -6.4014022522E+01
    9.9990634063E-01   -6.9414455097E+00    1.9400986016E+01   -6.4014022522E+01
    9.9990629063E-01   -6.9414455097E+00    1.9400986016E+01   -6.4014022522E+01
    9.9990624062E-01   -6.9414455097E+00    1.9400986016E+01   -6.4014022522E+01
    9.9990619062E-01   -6.9414455097E+00    1.9400986016E+01   -6.4014022522E+01
    9.9990614061E-01   -6.9414455097E+00    1.9400986016E+01   -6.4014022522E+01
    9.9990609061E-01   -6.9414455097E+00    1.9400986016E+01   -6.4014022522E+01
    9.9990604060E-01   -6.9414455097E+00    1.9400986016E+01   -6.4014022522E+01
    9.9990599060E-01   -6.9414455097E+00    1.9400986016E+01   -6.4014022522E+01
    9.9990594059E-01   -6.9414455097E+00    1.9400986016E+01   -6.4014022522E+01
    9.9990589059E-01   -6.9414455097E+00    1.9400986016E+01   -6.4014022522E+01
    9.9990584058E-01   -6.9414455097E+00    1.9400986016E+01   -6.4014022522E+01
    9.9990579058E-01   -6.9414455097E+00    1.9400986016E+01   -6.4014022522E+01
    9.9990574057E-01   -6.9414455097E+00    1.9400986016E+01   -6.4014022522E+01
    9.9990569057E-01   -6.9414455097E+00    1.9400986016E+01   -6.4014022522E+01
    9.9990564056E-01   -6.9414455097E+00    1.9400986016E+01   -6.4014022522E+01
    9.9990559056E-01   -6.9414455097E+00    1.9400986016E+01   -6.4014022522E+01
    9.9990554055E-01   -6.9414455097E+00    1.9400986016E+01   -6.4014022522E+01
    9.9990549055E-01   -6.9414455097E+00    1.9400986016E+01   -6.4014022522E+01
    9.9990544054E-01   -6.9414455097E+00    1.9400986016E+01   -6.4014022522E+01
    9.9990539054E-01   -6.9414455097E+00    1.9400986016E+01   -6.4014022522E+01
    9.9990534053E-01   -6.9414455097E+00    1.9400986016E+01   -6.4014022522E+01
    9.9990529053E-01   -6.9414455097E+00    1.9400986016E+01   -6.4014022522E+01
    9.9990524052E-01   -6.9414455097E+00    1.9400986016E+01   -6.4014022522E+01
    9.9990519052E-01   -6.9414455097E+00    1.9400986016E+01   -6.4014022522E+01
    9.9990514051E-01   -6.9414455097E+00    1.9400986016E+01   -6.4014022522E+01
    9.9990509051E-01   -6.9414455097E+00    1.9400986016E+01   -6.4014022522E+01
    9.9990504050E-01   -6.9414455097E+00    1.9400986016E+01   -6.4014022522E+01
    9.9990499050E-01   -6.9414455097E+00    1.9400986016E+01   -6.4014022522E+01
    9.9990494049E-01   -6.9414455097E+00    1.9400986016E+01   -6.4014022522E+01
    9.9990489049E-01   -6.9414455097E+00    1.9400986016E+01   -6.4014022522E+01
    9.9990484048E-01   -6.9414455097E+00    1.9400986016E+01   -6.4014022522E+01
    9.9990479048E-01   -6.9414455097E+00    1.9400986016E+01   -6.4014022522E+01
    9.9990474047E-01   -6.9414455097E+00    1.9400986016E+01   -6.4014022522E+01
    9.9990469047E-01   -6.9414455097E+00    1.9400986016E+01   -6.4014022522E+01
    9.9990464046E-01   -6.9414455097E+00    1.9400986016E+01   -6.4014022522E+01
    9.9990459046E-01   -6.9414455097E+00    1.9400986016E+01   -6.4014022522E+01
    9.9990454045E-01   -6.9414455097E+00    1.9400986016E+01   -6.4014022522E+01
    9.9990449045E-01   -6.9414455097E+00    1.9400986016E+01   -6.4014022522E+01
    9.9990444044E-01   -6.9414455097E+00    1.9400986016E+01   -6.4014022522E+01
    9.9990439044E-01   -6.9414455097E+00    1.9400986016E+01   -6.4014022522E+01
    9.9990434043E-01   -6.9414455097E+00    1.9400986016E+01   -6.4014022522E+01
    9.9990429043E-01   -6.9414455097E+00    1.9400986016E+01   -6.4014022522E+01
    9.9990424042E-01   -6.9414455097E+00    1.9400986016E+01   -6.4014022522E+01
    9.9990419042E-01   -6.9414455097E+00    1.9400986016E+01   -6.4014022522E+01
    9.9990414041E-01   -6.9414455097E+00    1.9400986016E+01   -6.4014022522E+01
    9.9990409041E-01   -6.9414455097E+00    1.9400986016E+01   -6.4014022522E+01
    9.9990404040E-01   -6.9414455097E+00    1.9400986016E+01   -6.4014022522E+01
    9.9990399040E-01   -6.9414455097E+00    1.9400986016E+01   -6.4014022522E+01
    9.9990394039E-01   -6.9414455097E+00    1.9400986016E+01   -6.4014022522E+01
    9.9990389039E-01   -6.9414455097E+00    1.9400986016E+01   -6.4014022522E+01
    9.9990384038E-01   -6.9414455097E+00    1.9400986016E+01   -6.4014022522E+01
    9.9990379038E-01   -6.9414455097E+00    1.9400986016E+01   -6.4014022522E+01
    9.9990374037E-01   -6.9414455097E+00    1.9400986016E+01   -6.4014022522E+01
    9.9990369037E-01   -6.9414455097E+00    1.9400986016E+01   -6.4014022522E+01
    9.9990364036E-01   -6.9414455097E+00    1.9400986016E+01   -6.4014022522E+01
    9.9990359036E-01   -6.9414455097E+00    1.9400986016E+01   -6.4014022522E+01
    9.9990354035E-01   -6.9414455097E+00    1.9400986016E+01   -6.4014022522E+01
    9.9990349035E-01   -6.9414455097E+00    1.9400986016E+01   -6.4014022522E+01
    9.9990344034E-01   -6.9414455097E+00    1.9400986016E+01   -6.4014022522E+01
    9.9990339034E-01   -6.9414455097E+00    1.9400986016E+01   -6.4014022522E+01
    9.9990334033E-01   -6.9414455097E+00    1.9400986016E+01   -6.4014022522E+01
    9.9990329033E-01   -6.9414455097E+00    1.9400986016E+01   -6.4014022522E+01
    9.9990324032E-01   -6.9414455097E+00    1.9400986016E+01   -6.4014022522E+01
    9.9990319032E-01   -6.9414455097E+00    1.9400986016E+01   -6.4014022522E+01
    9.9990314031E-01   -6.9414455097E+00    1.9400986016E+01   -6.4014022522E+01
    9.9990309031E-01   -6.9414455097E+00    1.9400986016E+01   -6.4014022522E+01
    9.9990304030E-01   -6.9414455097E+00    1.9400986016E+01   -6.4014022522E+01
    9.9990299030E-01   -6.9414455097E+00    1.9400986016E+01   -6.4014022522E+01
    9.9990294029E-01   -6.9414455097E+00    1.9400986016E+01   -6.4014022522E+01
    9.9990289029E-01   -6.9414455097E+00    1.9400986016E+01   -6.4014022522E+01
    9.9990284028E-01   -6.9414455097E+00    1.9400986016E+01   -6.4014022522E+01
    9.9990279028E-01   -6.9414455097E+00    1.9400986016E+01   -6.4014022522E+01
    9.9990274027E-01   -6.9414455097E+00    1.9400986016E+01   -6.4014022522E+01
    9.9990269027E-01   -6.9414455097E+00    1.9400986016E+01   -6.4014022522E+01
    9.9990264026E-01   -6.9414455097E+00    1.9400986016E+01   -6.4014022522E+01
    9.9990259026E-01   -6.9414455097E+00    1.9400986016E+01   -6.4014022522E+01
    9.9990254025E-01   -6.9414455097E+00    1.9400986016E+01   -6.4014022522E+01
    9.9990249025E-01   -6.9414455097E+00    1.9400986016E+01   -6.4014022522E+01
    9.9990244024E-01   -6.9414455097E+00    1.9400986016E+01   -6.4014022522E+01
    9.9990239024E-01   -6.9414455097E+00    1.9400986016E+01   -6.4014022522E+01
    9.9990234023E-01   -6.9414455097E+00    1.9400986016E+01   -6.4014022522E+01
    9.9990229023E-01   -6.9414455097E+00    1.9400986016E+01   -6.4014022522E+01
    9.9990224022E-01   -6.9414455097E+00    1.9400986016E+01   -6.4014022522E+01
    9.9990219022E-01   -6.9414455097E+00    1.9400986016E+01   -6.4014022522E+01
    9.9990214021E-01   -6.9414455097E+00    1.9400986016E+01   -6.4014022522E+01
    9.9990209021E-01   -6.9414455097E+00    1.9400986016E+01   -6.4014022522E+01
    9.9990204020E-01   -6.9414455097E+00    1.9400986016E+01   -6.4014022522E+01
    9.9990199020E-01   -6.9414455097E+00    1.9400986016E+01   -6.4014022522E+01
    9.9990194019E-01   -6.9414455097E+00    1.9400986016E+01   -6.4014022522E+01
    9.9990189019E-01   -6.9414455097E+00    1.9400986016E+01   -6.4014022522E+01
    9.9990184018E-01   -6.9414455097E+00    1.9400986016E+01   -6.4014022522E+01
    9.9990179018E-01   -6.9414455097E+00    1.9400986016E+01   -6.4014022522E+01
    9.9990174017E-01   -6.9414455097E+00    1.9400986016E+01   -6.4014022522E+01
    9.9990169017E-01   -6.9414455097E+00    1.9400986016E+01   -6.4014022522E+01
    9.9990164016E-01   -6.9414455097E+00    1.9400986016E+01   -6.4014022522E+01
    9.9990159016E-01   -6.9414455097E+00    1.9400986016E+01   -6.4014022522E+01
    9.9990154015E-01   -6.9414455097E+00    1.9400986016E+01   -6.4014022522E+01
    9.9990149015E-01   -6.9414455097E+00    1.9400986016E+01   -6.4014022522E+01
    9.9990144014E-01   -6.9414455097E+00    1.9400986016E+01   -6.4014022522E+01
    9.9990139014E-01   -6.9414455097E+00    1.9400986016E+01   -6.4014022522E+01
    9.9990134013E-01   -6.9414455097E+00    1.9400986016E+01   -6.4014022522E+01
    9.9990129013E-01   -6.9414455097E+00    1.9400986016E+01   -6.4014022522E+01
    9.9990124012E-01   -6.9414455097E+00    1.9400986016E+01   -6.4014022522E+01
    9.9990119012E-01   -6.9414455097E+00    1.9400986016E+01   -6.4014022522E+01
    9.9990114011E-01   -6.9414455097E+00    1.9400986016E+01   -6.4014022522E+01
    9.9990109011E-01   -6.9414455097E+00    1.9400986016E+01   -6.4014022522E+01
    9.9990104010E-01   -6.9414455097E+00    1.9400986016E+01   -6.4014022522E+01
    9.9990099010E-01   -6.9414455097E+00    1.9400986016E+01   -6.4014022522E+01
    9.9990094009E-01   -6.9414455097E+00    1.9400986016E+01   -6.4014022522E+01
    9.9990089009E-01   -6.9414455097E+00    1.9400986016E+01   -6.4014022522E+01
    9.9990084008E-01   -6.9414455097E+00    1.9400986016E+01   -6.4014022522E+01
    9.9990079008E-01   -6.9414455097E+00    1.9400986016E+01   -6.4014022522E+01
    9.9990074007E-01   -6.9414455097E+00    1.9400986016E+01   -6.4014022522E+01
    9.9990069007E-01   -6.9414455097E+00    1.9400986016E+01   -6.4014022522E+01
    9.9990064006E-01   -6.9414455097E+00    1.9400986016E+01   -6.4014022522E+01
    9.9990059006E-01   -6.9414455097E+00    1.9400986016E+01   -6.4014022522E+01
    9.9990054005E-01   -6.9414455097E+00    1.9400986016E+01   -6.4014022522E+01
    9.9990049005E-01   -6.9414455097E+00    1.9400986016E+01   -6.4014022522E+01
    9.9990044004E-01   -6.9414455097E+00    1.9400986016E+01   -6.4014022522E+01
    9.9990039004E-01   -6.9414455097E+00    1.9400986016E+01   -6.4014022522E+01
    9.9990034003E-01   -6.9414455097E+00    1.9400986016E+01   -6.4014022522E+01
    9.9990029003E-01   -6.9414455097E+00    1.9400986016E+01   -6.4014022522E+01
    9.9990024002E-01   -6.9414455097E+00    1.9400986016E+01   -6.4014022522E+01
    9.9990019002E-01   -6.9414455097E+00    1.9400986016E+01   -6.4014022522E+01
    9.9990014001E-01   -6.9414455097E+00    1.9400986016E+01   -6.4014022522E+01
    9.9990009001E-01   -6.9414455097E+00    1.9400986016E+01   -6.4014022522E+01
    9.9990004000E-01   -6.9414455097E+00    1.9400986016E+01   -6.4014022522E+01
    9.9989999000E-01   -6.9414455097E+00    1.9400986016E+01   -6.4014022522E+01
    9.9989993999E-01   -6.9414455097E+00    1.9400986016E+01   -6.4014022522E+01
    9.9989988999E-01   -6.9414455097E+00    1.9400986016E+01   -6.4014022522E+01
    9.9989983998E-01   -6.9414455097E+00    1.9400986016E+01   -6.4014022522E+01
    9.9989978998E-01   -6.9414455097E+00    1.9400986016E+01   -6.4014022522E+01
    9.9989973997E-01   -6.9414455097E+00    1.9400986016E+01   -6.4014022522E+01
    9.9989968997E-01   -6.9414455097E+00    1.9400986016E+01   -6.4014022522E+01
    9.9989963996E-01   -6.9414455097E+00    1.9400986016E+01   -6.4014022522E+01
    9.9989958996E-01   -6.9414455097E+00    1.9400986016E+01   -6.4014022522E+01
    9.9989953995E-01   -6.9414455097E+00    1.9400986016E+01   -6.4014022522E+01
    9.9989948995E-01   -6.9414455097E+00    1.9400986016E+01   -6.4014022522E+01
    9.9989943994E-01   -6.9414455097E+00    1.9400986016E+01   -6.4014022522E+01
    9.9989938994E-01   -6.9414455097E+00    1.9400986016E+01   -6.4014022522E+01
    9.9989933993E-01   -6.9414455097E+00    1.9400986016E+01   -6.4014022522E+01
    9.9989928993E-01   -6.9414455097E+00    1.9400986016E+01   -6.4014022522E+01
    9.9989923992E-01   -6.9414455097E+00    1.9400986016E+01   -6.4014022522E+01
    9.9989918992E-01   -6.9414455097E+00    1.9400986016E+01   -6.4014022522E+01
    9.9989913991E-01   -6.9414455097E+00    1.9400986016E+01   -6.4014022522E+01
    9.9989908991E-01   -6.9414455097E+00    1.9400986016E+01   -6.4014022522E+01
    9.9989903990E-01   -6.9414455097E+00    1.9400986016E+01   -6.4014022522E+01
    9.9989898990E-01   -6.9414455097E+00    1.9400986016E+01   -6.4014022522E+01
    9.9989893989E-01   -6.9414455097E+00    1.9400986016E+01   -6.4014022522E+01
    9.9989888989E-01   -6.9414455097E+00    1.9400986016E+01   -6.4014022522E+01
    9.9989883988E-01   -6.9414455097E+00    1.9400986016E+01   -6.4014022522E+01
    9.9989878988E-01   -6.9414455097E+00    1.9400986016E+01   -6.4014022522E+01
    9.9989873987E-01   -6.9414455097E+00    1.9400986016E+01   -6.4014022522E+01
    9.9989868987E-01   -6.9414455097E+00    1.9400986016E+01   -6.4014022522E+01
    9.9989863986E-01   -6.9414455097E+00    1.9400986016E+01   -6.4014022522E+01
    9.9989858986E-01   -6.9414455097E+00    1.9400986016E+01   -6.4014022522E+01
    9.9989853985E-01   -6.9414455097E+00    1.9400986016E+01   -6.4014022522E+01
    9.9989848985E-01   -6.9414455097E+00    1.9400986016E+01   -6.4014022522E+01
    9.9989843984E-01   -6.9414455097E+00    1.9400986016E+01   -6.4014022522E+01
    9.9989838984E-01   -6.9414455097E+00    1.9400986016E+01   -6.4014022522E+01
    9.9989833983E-01   -6.9414455097E+00    1.9400986016E+01   -6.4014022522E+01
    9.9989828983E-01   -6.9414455097E+00    1.9400986016E+01   -6.4014022522E+01
    9.9989823982E-01   -6.9414455097E+00    1.9400986016E+01   -6.4014022522E+01
    9.9989818982E-01   -6.9414455097E+00    1.9400986016E+01   -6.4014022522E+01
    9.9989813981E-01   -6.9414455097E+00    1.9400986016E+01   -6.4014022522E+01
    9.9989808981E-01   -6.9414455097E+00    1.9400986016E+01   -6.4014022522E+01
    9.9989803980E-01   -6.9414455097E+00    1.9400986016E+01   -6.4014022522E+01
    9.9989798980E-01   -6.9414455097E+00    1.9400986016E+01   -6.4014022522E+01
    9.9989793979E-01   -6.9414455097E+00    1.9400986016E+01   -6.4014022522E+01
    9.9989788979E-01   -6.9414455097E+00    1.9400986016E+01   -6.4014022522E+01
    9.9989783978E-01   -6.9414455097E+00    1.9400986016E+01   -6.4014022522E+01
    9.9989778978E-01   -6.9414455097E+00    1.9400986016E+01   -6.4014022522E+01
    9.9989773977E-01   -6.9414455097E+00    1.9400986016E+01   -6.4014022522E+01
    9.9989768977E-01   -6.9414455097E+00    1.9400986016E+01   -6.4014022522E+01
    9.9989763976E-01   -6.9414455097E+00    1.9400986016E+01   -6.4014022522E+01
    9.9989758976E-01   -6.9414455097E+00    1.9400986016E+01   -6.4014022522E+01
    9.9989753975E-01   -6.9414455097E+00    1.9400986016E+01   -6.4014022522E+01
    9.9989748975E-01   -6.9414455097E+00    1.9400986016E+01   -6.4014022522E+01
    9.9989743974E-01   -6.9414455097E+00    1.9400986016E+01   -6.4014022522E+01
    9.9989738974E-01   -6.9414455097E+00    1.9400986016E+01   -6.4014022522E+01
    9.9989733973E-01   -6.9414455097E+00    1.9400986016E+01   -6.4014022522E+01
    9.9989728973E-01   -6.9414455097E+00    1.9400986016E+01   -6.4014022522E+01
    9.9989723972E-01   -6.9414455097E+00    1.9400986016E+01   -6.4014022522E+01
    9.9989718972E-01   -6.9414455097E+00    1.9400986016E+01   -6.4014022522E+01
    9.9989713971E-01   -6.9414455097E+00    1.9400986016E+01   -6.4014022522E+01
    9.9989708971E-01   -6.9414455097E+00    1.9400986016E+01   -6.4014022522E+01
    9.9989703970E-01   -6.9414455097E+00    1.9400986016E+01   -6.4014022522E+01
    9.9989698970E-01   -6.9414455097E+00    1.9400986016E+01   -6.4014022522E+01
    9.9989693969E-01   -6.9414455097E+00    1.9400986016E+01   -6.4014022522E+01
    9.9989688969E-01   -6.9414455097E+00    1.9400986016E+01   -6.4014022522E+01
    9.9989683968E-01   -6.9414455097E+00    1.9400986016E+01   -6.4014022522E+01
    9.9989678968E-01   -6.9414455097E+00    1.9400986016E+01   -6.4014022522E+01
    9.9989673967E-01   -6.9414455097E+00    1.9400986016E+01   -6.4014022522E+01
    9.9989668967E-01   -6.9414455097E+00    1.9400986016E+01   -6.4014022522E+01
    9.9989663966E-01   -6.9414455097E+00    1.9400986016E+01   -6.4014022522E+01
    9.9989658966E-01   -6.9414455097E+00    1.9400986016E+01   -6.4014022522E+01
    9.9989653965E-01   -6.9414455097E+00    1.9400986016E+01   -6.4014022522E+01
    9.9989648965E-01   -6.9414455097E+00    1.9400986016E+01   -6.4014022522E+01
    9.9989643964E-01   -6.9414455097E+00    1.9400986016E+01   -6.4014022522E+01
    9.9989638964E-01   -6.9414455097E+00    1.9400986016E+01   -6.4014022522E+01
    9.9989633963E-01   -6.9414455097E+00    1.9400986016E+01   -6.4014022522E+01
    9.9989628963E-01   -6.9414455097E+00    1.9400986016E+01   -6.4014022522E+01
    9.9989623962E-01   -6.9414455097E+00    1.9400986016E+01   -6.4014022522E+01
    9.9989618962E-01   -6.9414455097E+00    1.9400986016E+01   -6.4014022522E+01
    9.9989613961E-01   -6.9414455097E+00    1.9400986016E+01   -6.4014022522E+01
    9.9989608961E-01   -6.9414455097E+00    1.9400986016E+01   -6.4014022522E+01
    9.9989603960E-01   -6.9414455097E+00    1.9400986016E+01   -6.4014022522E+01
    9.9989598960E-01   -6.9414455097E+00    1.9400986016E+01   -6.4014022522E+01
    9.9989593959E-01   -6.9414455097E+00    1.9400986016E+01   -6.4014022522E+01
    9.9989588959E-01   -6.9414455097E+00    1.9400986016E+01   -6.4014022522E+01
    9.9989583958E-01   -6.9414455097E+00    1.9400986016E+01   -6.4014022522E+01
    9.9989578958E-01   -6.9414455097E+00    1.9400986016E+01   -6.4014022522E+01
    9.9989573957E-01   -6.9414455097E+00    1.9400986016E+01   -6.4014022522E+01
    9.9989568957E-01   -6.9414455097E+00    1.9400986016E+01   -6.4014022522E+01
    9.9989563956E-01   -6.9414455097E+00    1.9400986016E+01   -6.4014022522E+01
    9.9989558956E-01   -6.9414455097E+00    1.9400986016E+01   -6.4014022522E+01
    9.9989553955E-01   -6.9414455097E+00    1.9400986016E+01   -6.4014022522E+01
    9.9989548955E-01   -6.9414455097E+00    1.9400986016E+01   -6.4014022522E+01
    9.9989543954E-01   -6.9414455097E+00    1.9400986016E+01   -6.4014022522E+01
    9.9989538954E-01   -6.9414455097E+00    1.9400986016E+01   -6.4014022522E+01
    9.9989533953E-01   -6.9414455097E+00    1.9400986016E+01   -6.4014022522E+01
    9.9989528953E-01   -6.9414455097E+00    1.9400986016E+01   -6.4014022522E+01
    9.9989523952E-01   -6.9414455097E+00    1.9400986016E+01   -6.4014022522E+01
    9.9989518952E-01   -6.9414455097E+00    1.9400986016E+01   -6.4014022522E+01
    9.9989513951E-01   -6.9414455097E+00    1.9400986016E+01   -6.4014022522E+01
    9.9989508951E-01   -6.9414455097E+00    1.9400986016E+01   -6.4014022522E+01
    9.9989503950E-01   -6.9414455097E+00    1.9400986016E+01   -6.4014022522E+01
    9.9989498950E-01   -6.9414455097E+00    1.9400986016E+01   -6.4014022522E+01
    9.9989493949E-01   -6.9414455097E+00    1.9400986016E+01   -6.4014022522E+01
    9.9989488949E-01   -6.9414455097E+00    1.9400986016E+01   -6.4014022522E+01
    9.9989483948E-01   -6.9414455097E+00    1.9400986016E+01   -6.4014022522E+01
    9.9989478948E-01   -6.9414455097E+00    1.9400986016E+01   -6.4014022522E+01
    9.9989473947E-01   -6.9414455097E+00    1.9400986016E+01   -6.4014022522E+01
    9.9989468947E-01   -6.9414455097E+00    1.9400986016E+01   -6.4014022522E+01
    9.9989463946E-01   -6.9414455097E+00    1.9400986016E+01   -6.4014022522E+01
    9.9989458946E-01   -6.9414455097E+00    1.9400986016E+01   -6.4014022522E+01
    9.9989453945E-01   -6.9414455097E+00    1.9400986016E+01   -6.4014022522E+01
    9.9989448945E-01   -6.9414455097E+00    1.9400986016E+01   -6.4014022522E+01
    9.9989443944E-01   -6.9414455097E+00    1.9400986016E+01   -6.4014022522E+01
    9.9989438944E-01   -6.9414455097E+00    1.9400986016E+01   -6.4014022522E+01
    9.9989433943E-01   -6.9414455097E+00    1.9400986016E+01   -6.4014022522E+01
    9.9989428943E-01   -6.9414455097E+00    1.9400986016E+01   -6.4014022522E+01
    9.9989423942E-01   -6.9414455097E+00    1.9400986016E+01   -6.4014022522E+01
    9.9989418942E-01   -6.9414455097E+00    1.9400986016E+01   -6.4014022522E+01
    9.9989413941E-01   -6.9414455097E+00    1.9400986016E+01   -6.4014022522E+01
    9.9989408941E-01   -6.9414455097E+00    1.9400986016E+01   -6.4014022522E+01
    9.9989403940E-01   -6.9414455097E+00    1.9400986016E+01   -6.4014022522E+01
    9.9989398940E-01   -6.9414455097E+00    1.9400986016E+01   -6.4014022522E+01
    9.9989393939E-01   -6.9414455097E+00    1.9400986016E+01   -6.4014022522E+01
    9.9989388939E-01   -6.9414455097E+00    1.9400986016E+01   -6.4014022522E+01
    9.9989383938E-01   -6.9414455097E+00    1.9400986016E+01   -6.4014022522E+01
    9.9989378938E-01   -6.9414455097E+00    1.9400986016E+01   -6.4014022522E+01
    9.9989373937E-01   -6.9414455097E+00    1.9400986016E+01   -6.4014022522E+01
    9.9989368937E-01   -6.9414455097E+00    1.9400986016E+01   -6.4014022522E+01
    9.9989363936E-01   -6.9414455097E+00    1.9400986016E+01   -6.4014022522E+01
    9.9989358936E-01   -6.9414455097E+00    1.9400986016E+01   -6.4014022522E+01
    9.9989353935E-01   -6.9414455097E+00    1.9400986016E+01   -6.4014022522E+01
    9.9989348935E-01   -6.9414455097E+00    1.9400986016E+01   -6.4014022522E+01
    9.9989343934E-01   -6.9414455097E+00    1.9400986016E+01   -6.4014022522E+01
    9.9989338934E-01   -6.9414455097E+00    1.9400986016E+01   -6.4014022522E+01
    9.9989333933E-01   -6.9414455097E+00    1.9400986016E+01   -6.4014022522E+01
    9.9989328933E-01   -6.9414455097E+00    1.9400986016E+01   -6.4014022522E+01
    9.9989323932E-01   -6.9414455097E+00    1.9400986016E+01   -6.4014022522E+01
    9.9989318932E-01   -6.9414455097E+00    1.9400986016E+01   -6.4014022522E+01
    9.9989313931E-01   -6.9414455097E+00    1.9400986016E+01   -6.4014022522E+01
    9.9989308931E-01   -6.9414455097E+00    1.9400986016E+01   -6.4014022522E+01
    9.9989303930E-01   -6.9414455097E+00    1.9400986016E+01   -6.4014022522E+01
    9.9989298930E-01   -6.9414455097E+00    1.9400986016E+01   -6.4014022522E+01
    9.9989293929E-01   -6.9414455097E+00    1.9400986016E+01   -6.4014022522E+01
    9.9989288929E-01   -6.9414455097E+00    1.9400986016E+01   -6.4014022522E+01
    9.9989283928E-01   -6.9414455097E+00    1.9400986016E+01   -6.4014022522E+01
    9.9989278928E-01   -6.9414455097E+00    1.9400986016E+01   -6.4014022522E+01
    9.9989273927E-01   -6.9414455097E+00    1.9400986016E+01   -6.4014022522E+01
    9.9989268927E-01   -6.9414455097E+00    1.9400986016E+01   -6.4014022522E+01
    9.9989263926E-01   -6.9414455097E+00    1.9400986016E+01   -6.4014022522E+01
    9.9989258926E-01   -6.9414455097E+00    1.9400986016E+01   -6.4014022522E+01
    9.9989253925E-01   -6.9414455097E+00    1.9400986016E+01   -6.4014022522E+01
    9.9989248925E-01   -6.9414455097E+00    1.9400986016E+01   -6.4014022522E+01
    9.9989243924E-01   -6.9414455097E+00    1.9400986016E+01   -6.4014022522E+01
    9.9989238924E-01   -6.9414455097E+00    1.9400986016E+01   -6.4014022522E+01
    9.9989233923E-01   -6.9414455097E+00    1.9400986016E+01   -6.4014022522E+01
    9.9989228923E-01   -6.9414455097E+00    1.9400986016E+01   -6.4014022522E+01
    9.9989223922E-01   -6.9414455097E+00    1.9400986016E+01   -6.4014022522E+01
    9.9989218922E-01   -6.9414455097E+00    1.9400986016E+01   -6.4014022522E+01
    9.9989213921E-01   -6.9414455097E+00    1.9400986016E+01   -6.4014022522E+01
    9.9989208921E-01   -6.9414455097E+00    1.9400986016E+01   -6.4014022522E+01
    9.9989203920E-01   -6.9414455097E+00    1.9400986016E+01   -6.4014022522E+01
    9.9989198920E-01   -6.9414455097E+00    1.9400986016E+01   -6.4014022522E+01
    9.9989193919E-01   -6.9414455097E+00    1.9400986016E+01   -6.4014022522E+01
    9.9989188919E-01   -6.9414455097E+00    1.9400986016E+01   -6.4014022522E+01
    9.9989183918E-01   -6.9414455097E+00    1.9400986016E+01   -6.4014022522E+01
    9.9989178918E-01   -6.9414455097E+00    1.9400986016E+01   -6.4014022522E+01
    9.9989173917E-01   -6.9414455097E+00    1.9400986016E+01   -6.4014022522E+01
    9.9989168917E-01   -6.9414455097E+00    1.9400986016E+01   -6.4014022522E+01
    9.9989163916E-01   -6.9414455097E+00    1.9400986016E+01   -6.4014022522E+01
    9.9989158916E-01   -6.9414455097E+00    1.9400986016E+01   -6.4014022522E+01
    9.9989153915E-01   -6.9414455097E+00    1.9400986016E+01   -6.4014022522E+01
    9.9989148915E-01   -6.9414455097E+00    1.9400986016E+01   -6.4014022522E+01
    9.9989143914E-01   -6.9414455097E+00    1.9400986016E+01   -6.4014022522E+01
    9.9989138914E-01   -6.9414455097E+00    1.9400986016E+01   -6.4014022522E+01
    9.9989133913E-01   -6.9414455097E+00    1.9400986016E+01   -6.4014022522E+01
    9.9989128913E-01   -6.9414455097E+00    1.9400986016E+01   -6.4014022522E+01
    9.9989123912E-01   -6.9414455097E+00    1.9400986016E+01   -6.4014022522E+01
    9.9989118912E-01   -6.9414455097E+00    1.9400986016E+01   -6.4014022522E+01
    9.9989113911E-01   -6.9414455097E+00    1.9400986016E+01   -6.4014022522E+01
    9.9989108911E-01   -6.9414455097E+00    1.9400986016E+01   -6.4014022522E+01
    9.9989103910E-01   -6.9414455097E+00    1.9400986016E+01   -6.4014022522E+01
    9.9989098910E-01   -6.9414455097E+00    1.9400986016E+01   -6.4014022522E+01
    9.9989093909E-01   -6.9414455097E+00    1.9400986016E+01   -6.4014022522E+01
    9.9989088909E-01   -6.9414455097E+00    1.9400986016E+01   -6.4014022522E+01
    9.9989083908E-01   -6.9414455097E+00    1.9400986016E+01   -6.4014022522E+01
    9.9989078908E-01   -6.9414455097E+00    1.9400986016E+01   -6.4014022522E+01
    9.9989073907E-01   -6.9414455097E+00    1.9400986016E+01   -6.4014022522E+01
    9.9989068907E-01   -6.9414455097E+00    1.9400986016E+01   -6.4014022522E+01
    9.9989063906E-01   -6.9414455097E+00    1.9400986016E+01   -6.4014022522E+01
    9.9989058906E-01   -6.9414455097E+00    1.9400986016E+01   -6.4014022522E+01
    9.9989053905E-01   -6.9414455097E+00    1.9400986016E+01   -6.4014022522E+01
    9.9989048905E-01   -6.9414455097E+00    1.9400986016E+01   -6.4014022522E+01
    9.9989043904E-01   -6.9414455097E+00    1.9400986016E+01   -6.4014022522E+01
    9.9989038904E-01   -6.9414455097E+00    1.9400986016E+01   -6.4014022522E+01
    9.9989033903E-01   -6.9414455097E+00    1.9400986016E+01   -6.4014022522E+01
    9.9989028903E-01   -6.9414455097E+00    1.9400986016E+01   -6.4014022522E+01
    9.9989023902E-01   -6.9414455097E+00    1.9400986016E+01   -6.4014022522E+01
    9.9989018902E-01   -6.9414455097E+00    1.9400986016E+01   -6.4014022522E+01
    9.9989013901E-01   -6.9414455097E+00    1.9400986016E+01   -6.4014022522E+01
    9.9989008901E-01   -6.9414455097E+00    1.9400986016E+01   -6.4014022522E+01
    9.9989003900E-01   -6.9414455097E+00    1.9400986016E+01   -6.4014022522E+01
    9.9988998900E-01   -6.9414455097E+00    1.9400986016E+01   -6.4014022522E+01
    9.9988993899E-01   -6.9414455097E+00    1.9400986016E+01   -6.4014022522E+01
    9.9988988899E-01   -6.9414455097E+00    1.9400986016E+01   -6.4014022522E+01
    9.9988983898E-01   -6.9414455097E+00    1.9400986016E+01   -6.4014022522E+01
    9.9988978898E-01   -6.9414455097E+00    1.9400986016E+01   -6.4014022522E+01
    9.9988973897E-01   -6.9414455097E+00    1.9400986016E+01   -6.4014022522E+01
    9.9988968897E-01   -6.9414455097E+00    1.9400986016E+01   -6.4014022522E+01
    9.9988963896E-01   -6.9414455097E+00    1.9400986016E+01   -6.4014022522E+01
    9.9988958896E-01   -6.9414455097E+00    1.9400986016E+01   -6.4014022522E+01
    9.9988953895E-01   -6.9414455097E+00    1.9400986016E+01   -6.4014022522E+01
    9.9988948895E-01   -6.9414455097E+00    1.9400986016E+01   -6.4014022522E+01
    9.9988943894E-01   -6.9414455097E+00    1.9400986016E+01   -6.4014022522E+01
    9.9988938894E-01   -6.9414455097E+00    1.9400986016E+01   -6.4014022522E+01
    9.9988933893E-01   -6.9414455097E+00    1.9400986016E+01   -6.4014022522E+01
    9.9988928893E-01   -6.9414455097E+00    1.9400986016E+01   -6.4014022522E+01
    9.9988923892E-01   -6.9414455097E+00    1.9400986016E+01   -6.4014022522E+01
    9.9988918892E-01   -6.9414455097E+00    1.9400986016E+01   -6.4014022522E+01
    9.9988913891E-01   -6.9414455097E+00    1.9400986016E+01   -6.4014022522E+01
    9.9988908891E-01   -6.9414455097E+00    1.9400986016E+01   -6.4014022522E+01
    9.9988903890E-01   -6.9414455097E+00    1.9400986016E+01   -6.4014022522E+01
    9.9988898890E-01   -6.9414455097E+00    1.9400986016E+01   -6.4014022522E+01
    9.9988893889E-01   -6.9414455097E+00    1.9400986016E+01   -6.4014022522E+01
    9.9988888889E-01   -6.9414455097E+00    1.9400986016E+01   -6.4014022522E+01
    9.9988883888E-01   -6.9414455097E+00    1.9400986016E+01   -6.4014022522E+01
    9.9988878888E-01   -6.9414455097E+00    1.9400986016E+01   -6.4014022522E+01
    9.9988873887E-01   -6.9414455097E+00    1.9400986016E+01   -6.4014022522E+01
    9.9988868887E-01   -6.9414455097E+00    1.9400986016E+01   -6.4014022522E+01
    9.9988863886E-01   -6.9414455097E+00    1.9400986016E+01   -6.4014022522E+01
    9.9988858886E-01   -6.9414455097E+00    1.9400986016E+01   -6.4014022522E+01
    9.9988853885E-01   -6.9414455097E+00    1.9400986016E+01   -6.4014022522E+01
    9.9988848885E-01   -6.9414455097E+00    1.9400986016E+01   -6.4014022522E+01
    9.9988843884E-01   -6.9414455097E+00    1.9400986016E+01   -6.4014022522E+01
    9.9988838884E-01   -6.9414455097E+00    1.9400986016E+01   -6.4014022522E+01
    9.9988833883E-01   -6.9414455097E+00    1.9400986016E+01   -6.4014022522E+01
    9.9988828883E-01   -6.9414455097E+00    1.9400986016E+01   -6.4014022522E+01
    9.9988823882E-01   -6.9414455097E+00    1.9400986016E+01   -6.4014022522E+01
    9.9988818882E-01   -6.9414455097E+00    1.9400986016E+01   -6.4014022522E+01
    9.9988813881E-01   -6.9414455097E+00    1.9400986016E+01   -6.4014022522E+01
    9.9988808881E-01   -6.9414455097E+00    1.9400986016E+01   -6.4014022522E+01
    9.9988803880E-01   -6.9414455097E+00    1.9400986016E+01   -6.4014022522E+01
    9.9988798880E-01   -6.9414455097E+00    1.9400986016E+01   -6.4014022522E+01
    9.9988793879E-01   -6.9414455097E+00    1.9400986016E+01   -6.4014022522E+01
    9.9988788879E-01   -6.9414455097E+00    1.9400986016E+01   -6.4014022522E+01
    9.9988783878E-01   -6.9414455097E+00    1.9400986016E+01   -6.4014022522E+01
    9.9988778878E-01   -6.9414455097E+00    1.9400986016E+01   -6.4014022522E+01
    9.9988773877E-01   -6.9414455097E+00    1.9400986016E+01   -6.4014022522E+01
    9.9988768877E-01   -6.9414455097E+00    1.9400986016E+01   -6.4014022522E+01
    9.9988763876E-01   -6.9414455097E+00    1.9400986016E+01   -6.4014022522E+01
    9.9988758876E-01   -6.9414455097E+00    1.9400986016E+01   -6.4014022522E+01
    9.9988753875E-01   -6.9414455097E+00    1.9400986016E+01   -6.4014022522E+01
    9.9988748875E-01   -6.9414455097E+00    1.9400986016E+01   -6.4014022522E+01
    9.9988743874E-01   -6.9414455097E+00    1.9400986016E+01   -6.4014022522E+01
    9.9988738874E-01   -6.9414455097E+00    1.9400986016E+01   -6.4014022522E+01
    9.9988733873E-01   -6.9414455097E+00    1.9400986016E+01   -6.4014022522E+01
    9.9988728873E-01   -6.9414455097E+00    1.9400986016E+01   -6.4014022522E+01
    9.9988723872E-01   -6.9414455097E+00    1.9400986016E+01   -6.4014022522E+01
    9.9988718872E-01   -6.9414455097E+00    1.9400986016E+01   -6.4014022522E+01
    9.9988713871E-01   -6.9414455097E+00    1.9400986016E+01   -6.4014022522E+01
    9.9988708871E-01   -6.9414455097E+00    1.9400986016E+01   -6.4014022522E+01
    9.9988703870E-01   -6.9414455097E+00    1.9400986016E+01   -6.4014022522E+01
    9.9988698870E-01   -6.9414455097E+00    1.9400986016E+01   -6.4014022522E+01
    9.9988693869E-01   -6.9414455097E+00    1.9400986016E+01   -6.4014022522E+01
    9.9988688869E-01   -6.9414455097E+00    1.9400986016E+01   -6.4014022522E+01
    9.9988683868E-01   -6.9414455097E+00    1.9400986016E+01   -6.4014022522E+01
    9.9988678868E-01   -6.9414455097E+00    1.9400986016E+01   -6.4014022522E+01
    9.9988673867E-01   -6.9414455097E+00    1.9400986016E+01   -6.4014022522E+01
    9.9988668867E-01   -6.9414455097E+00    1.9400986016E+01   -6.4014022522E+01
    9.9988663866E-01   -6.9414455097E+00    1.9400986016E+01   -6.4014022522E+01
    9.9988658866E-01   -6.9414455097E+00    1.9400986016E+01   -6.4014022522E+01
    9.9988653865E-01   -6.9414455097E+00    1.9400986016E+01   -6.4014022522E+01
    9.9988648865E-01   -6.9414455097E+00    1.9400986016E+01   -6.4014022522E+01
    9.9988643864E-01   -6.9414455097E+00    1.9400986016E+01   -6.4014022522E+01
    9.9988638864E-01   -6.9414455097E+00    1.9400986016E+01   -6.4014022522E+01
    9.9988633863E-01   -6.9414455097E+00    1.9400986016E+01   -6.4014022522E+01
    9.9988628863E-01   -6.9414455097E+00    1.9400986016E+01   -6.4014022522E+01
    9.9988623862E-01   -6.9414455097E+00    1.9400986016E+01   -6.4014022522E+01
    9.9988618862E-01   -6.9414455097E+00    1.9400986016E+01   -6.4014022522E+01
    9.9988613861E-01   -6.9414455097E+00    1.9400986016E+01   -6.4014022522E+01
    9.9988608861E-01   -6.9414455097E+00    1.9400986016E+01   -6.4014022522E+01
    9.9988603860E-01   -6.9414455097E+00    1.9400986016E+01   -6.4014022522E+01
    9.9988598860E-01   -6.9414455097E+00    1.9400986016E+01   -6.4014022522E+01
    9.9988593859E-01   -6.9414455097E+00    1.9400986016E+01   -6.4014022522E+01
    9.9988588859E-01   -6.9414455097E+00    1.9400986016E+01   -6.4014022522E+01
    9.9988583858E-01   -6.9414455097E+00    1.9400986016E+01   -6.4014022522E+01
    9.9988578858E-01   -6.9414455097E+00    1.9400986016E+01   -6.4014022522E+01
    9.9988573857E-01   -6.9414455097E+00    1.9400986016E+01   -6.4014022522E+01
    9.9988568857E-01   -6.9414455097E+00    1.9400986016E+01   -6.4014022522E+01
    9.9988563856E-01   -6.9414455097E+00    1.9400986016E+01   -6.4014022522E+01
    9.9988558856E-01   -6.9414455097E+00    1.9400986016E+01   -6.4014022522E+01
    9.9988553855E-01   -6.9414455097E+00    1.9400986016E+01   -6.4014022522E+01
    9.9988548855E-01   -6.9414455097E+00    1.9400986016E+01   -6.4014022522E+01
    9.9988543854E-01   -6.9414455097E+00    1.9400986016E+01   -6.4014022522E+01
    9.9988538854E-01   -6.9414455097E+00    1.9400986016E+01   -6.4014022522E+01
    9.9988533853E-01   -6.9414455097E+00    1.9400986016E+01   -6.4014022522E+01
    9.9988528853E-01   -6.9414455097E+00    1.9400986016E+01   -6.4014022522E+01
    9.9988523852E-01   -6.9414455097E+00    1.9400986016E+01   -6.4014022522E+01
    9.9988518852E-01   -6.9414455097E+00    1.9400986016E+01   -6.4014022522E+01
    9.9988513851E-01   -6.9414455097E+00    1.9400986016E+01   -6.4014022522E+01
    9.9988508851E-01   -6.9414455097E+00    1.9400986016E+01   -6.4014022522E+01
    9.9988503850E-01   -6.9414455097E+00    1.9400986016E+01   -6.4014022522E+01
    9.9988498850E-01   -6.9414455097E+00    1.9400986016E+01   -6.4014022522E+01
    9.9988493849E-01   -6.9414455097E+00    1.9400986016E+01   -6.4014022522E+01
    9.9988488849E-01   -6.9414455097E+00    1.9400986016E+01   -6.4014022522E+01
    9.9988483848E-01   -6.9414455097E+00    1.9400986016E+01   -6.4014022522E+01
    9.9988478848E-01   -6.9414455097E+00    1.9400986016E+01   -6.4014022522E+01
    9.9988473847E-01   -6.9414455097E+00    1.9400986016E+01   -6.4014022522E+01
    9.9988468847E-01   -6.9414455097E+00    1.9400986016E+01   -6.4014022522E+01
    9.9988463846E-01   -6.9414455097E+00    1.9400986016E+01   -6.4014022522E+01
    9.9988458846E-01   -6.9414455097E+00    1.9400986016E+01   -6.4014022522E+01
    9.9988453845E-01   -6.9414455097E+00    1.9400986016E+01   -6.4014022522E+01
    9.9988448845E-01   -6.9414455097E+00    1.9400986016E+01   -6.4014022522E+01
    9.9988443844E-01   -6.9414455097E+00    1.9400986016E+01   -6.4014022522E+01
    9.9988438844E-01   -6.9414455097E+00    1.9400986016E+01   -6.4014022522E+01
    9.9988433843E-01   -6.9414455097E+00    1.9400986016E+01   -6.4014022522E+01
    9.9988428843E-01   -6.9414455097E+00    1.9400986016E+01   -6.4014022522E+01
    9.9988423842E-01   -6.9414455097E+00    1.9400986016E+01   -6.4014022522E+01
    9.9988418842E-01   -6.9414455097E+00    1.9400986016E+01   -6.4014022522E+01
    9.9988413841E-01   -6.9414455097E+00    1.9400986016E+01   -6.4014022522E+01
    9.9988408841E-01   -6.9414455097E+00    1.9400986016E+01   -6.4014022522E+01
    9.9988403840E-01   -6.9414455097E+00    1.9400986016E+01   -6.4014022522E+01
    9.9988398840E-01   -6.9414455097E+00    1.9400986016E+01   -6.4014022522E+01
    9.9988393839E-01   -6.9414455097E+00    1.9400986016E+01   -6.4014022522E+01
    9.9988388839E-01   -6.9414455097E+00    1.9400986016E+01   -6.4014022522E+01
    9.9988383838E-01   -6.9414455097E+00    1.9400986016E+01   -6.4014022522E+01
    9.9988378838E-01   -6.9414455097E+00    1.9400986016E+01   -6.4014022522E+01
    9.9988373837E-01   -6.9414455097E+00    1.9400986016E+01   -6.4014022522E+01
    9.9988368837E-01   -6.9414455097E+00    1.9400986016E+01   -6.4014022522E+01
    9.9988363836E-01   -6.9414455097E+00    1.9400986016E+01   -6.4014022522E+01
    9.9988358836E-01   -6.9414455097E+00    1.9400986016E+01   -6.4014022522E+01
    9.9988353835E-01   -6.9414455097E+00    1.9400986016E+01   -6.4014022522E+01
    9.9988348835E-01   -6.9414455097E+00    1.9400986016E+01   -6.4014022522E+01
    9.9988343834E-01   -6.9414455097E+00    1.9400986016E+01   -6.4014022522E+01
    9.9988338834E-01   -6.9414455097E+00    1.9400986016E+01   -6.4014022522E+01
    9.9988333833E-01   -6.9414455097E+00    1.9400986016E+01   -6.4014022522E+01
    9.9988328833E-01   -6.9414455097E+00    1.9400986016E+01   -6.4014022522E+01
    9.9988323832E-01   -6.9414455097E+00    1.9400986016E+01   -6.4014022522E+01
    9.9988318832E-01   -6.9414455097E+00    1.9400986016E+01   -6.4014022522E+01
    9.9988313831E-01   -6.9414455097E+00    1.9400986016E+01   -6.4014022522E+01
    9.9988308831E-01   -6.9414455097E+00    1.9400986016E+01   -6.4014022522E+01
    9.9988303830E-01   -6.9414455097E+00    1.9400986016E+01   -6.4014022522E+01
    9.9988298830E-01   -6.9414455097E+00    1.9400986016E+01   -6.4014022522E+01
    9.9988293829E-01   -6.9414455097E+00    1.9400986016E+01   -6.4014022522E+01
    9.9988288829E-01   -6.9414455097E+00    1.9400986016E+01   -6.4014022522E+01
    9.9988283828E-01   -6.9414455097E+00    1.9400986016E+01   -6.4014022522E+01
    9.9988278828E-01   -6.9414455097E+00    1.9400986016E+01   -6.4014022522E+01
    9.9988273827E-01   -6.9414455097E+00    1.9400986016E+01   -6.4014022522E+01
    9.9988268827E-01   -6.9414455097E+00    1.9400986016E+01   -6.4014022522E+01
    9.9988263826E-01   -6.9414455097E+00    1.9400986016E+01   -6.4014022522E+01
    9.9988258826E-01   -6.9414455097E+00    1.9400986016E+01   -6.4014022522E+01
    9.9988253825E-01   -6.9414455097E+00    1.9400986016E+01   -6.4014022522E+01
    9.9988248825E-01   -6.9414455097E+00    1.9400986016E+01   -6.4014022522E+01
    9.9988243824E-01   -6.9414455097E+00    1.9400986016E+01   -6.4014022522E+01
    9.9988238824E-01   -6.9414455097E+00    1.9400986016E+01   -6.4014022522E+01
    9.9988233823E-01   -6.9414455097E+00    1.9400986016E+01   -6.4014022522E+01
    9.9988228823E-01   -6.9414455097E+00    1.9400986016E+01   -6.4014022522E+01
    9.9988223822E-01   -6.9414455097E+00    1.9400986016E+01   -6.4014022522E+01
    9.9988218822E-01   -6.9414455097E+00    1.9400986016E+01   -6.4014022522E+01
    9.9988213821E-01   -6.9414455097E+00    1.9400986016E+01   -6.4014022522E+01
    9.9988208821E-01   -6.9414455097E+00    1.9400986016E+01   -6.4014022522E+01
    9.9988203820E-01   -6.9414455097E+00    1.9400986016E+01   -6.4014022522E+01
    9.9988198820E-01   -6.9414455097E+00    1.9400986016E+01   -6.4014022522E+01
    9.9988193819E-01   -6.9414455097E+00    1.9400986016E+01   -6.4014022522E+01
    9.9988188819E-01   -6.9414455097E+00    1.9400986016E+01   -6.4014022522E+01
    9.9988183818E-01   -6.9414455097E+00    1.9400986016E+01   -6.4014022522E+01
    9.9988178818E-01   -6.9414455097E+00    1.9400986016E+01   -6.4014022522E+01
    9.9988173817E-01   -6.9414455097E+00    1.9400986016E+01   -6.4014022522E+01
    9.9988168817E-01   -6.9414455097E+00    1.9400986016E+01   -6.4014022522E+01
    9.9988163816E-01   -6.9414455097E+00    1.9400986016E+01   -6.4014022522E+01
    9.9988158816E-01   -6.9414455097E+00    1.9400986016E+01   -6.4014022522E+01
    9.9988153815E-01   -6.9414455097E+00    1.9400986016E+01   -6.4014022522E+01
    9.9988148815E-01   -6.9414455097E+00    1.9400986016E+01   -6.4014022522E+01
    9.9988143814E-01   -6.9414455097E+00    1.9400986016E+01   -6.4014022522E+01
    9.9988138814E-01   -6.9414455097E+00    1.9400986016E+01   -6.4014022522E+01
    9.9988133813E-01   -6.9414455097E+00    1.9400986016E+01   -6.4014022522E+01
    9.9988128813E-01   -6.9414455097E+00    1.9400986016E+01   -6.4014022522E+01
    9.9988123812E-01   -6.9414455097E+00    1.9400986016E+01   -6.4014022522E+01
    9.9988118812E-01   -6.9414455097E+00    1.9400986016E+01   -6.4014022522E+01
    9.9988113811E-01   -6.9414455097E+00    1.9400986016E+01   -6.4014022522E+01
    9.9988108811E-01   -6.9414455097E+00    1.9400986016E+01   -6.4014022522E+01
    9.9988103810E-01   -6.9414455097E+00    1.9400986016E+01   -6.4014022522E+01
    9.9988098810E-01   -6.9414455097E+00    1.9400986016E+01   -6.4014022522E+01
    9.9988093809E-01   -6.9414455097E+00    1.9400986016E+01   -6.4014022522E+01
    9.9988088809E-01   -6.9414455097E+00    1.9400986016E+01   -6.4014022522E+01
    9.9988083808E-01   -6.9414455097E+00    1.9400986016E+01   -6.4014022522E+01
    9.9988078808E-01   -6.9414455097E+00    1.9400986016E+01   -6.4014022522E+01
    9.9988073807E-01   -6.9414455097E+00    1.9400986016E+01   -6.4014022522E+01
    9.9988068807E-01   -6.9414455097E+00    1.9400986016E+01   -6.4014022522E+01
    9.9988063806E-01   -6.9414455097E+00    1.9400986016E+01   -6.4014022522E+01
    9.9988058806E-01   -6.9414455097E+00    1.9400986016E+01   -6.4014022522E+01
    9.9988053805E-01   -6.9414455097E+00    1.9400986016E+01   -6.4014022522E+01
    9.9988048805E-01   -6.9414455097E+00    1.9400986016E+01   -6.4014022522E+01
    9.9988043804E-01   -6.9414455097E+00    1.9400986016E+01   -6.4014022522E+01
    9.9988038804E-01   -6.9414455097E+00    1.9400986016E+01   -6.4014022522E+01
    9.9988033803E-01   -6.9414455097E+00    1.9400986016E+01   -6.4014022522E+01
    9.9988028803E-01   -6.9414455097E+00    1.9400986016E+01   -6.4014022522E+01
    9.9988023802E-01   -6.9414455097E+00    1.9400986016E+01   -6.4014022522E+01
    9.9988018802E-01   -6.9414455097E+00    1.9400986016E+01   -6.4014022522E+01
    9.9988013801E-01   -6.9414455097E+00    1.9400986016E+01   -6.4014022522E+01
    9.9988008801E-01   -6.9414455097E+00    1.9400986016E+01   -6.4014022522E+01
    9.9988003800E-01   -6.9414455097E+00    1.9400986016E+01   -6.4014022522E+01
    9.9987998800E-01   -6.9414455097E+00    1.9400986016E+01   -6.4014022522E+01
    9.9987993799E-01   -6.9414455097E+00    1.9400986016E+01   -6.4014022522E+01
    9.9987988799E-01   -6.9414455097E+00    1.9400986016E+01   -6.4014022522E+01
    9.9987983798E-01   -6.9414455097E+00    1.9400986016E+01   -6.4014022522E+01
    9.9987978798E-01   -6.9414455097E+00    1.9400986016E+01   -6.4014022522E+01
    9.9987973797E-01   -6.9414455097E+00    1.9400986016E+01   -6.4014022522E+01
    9.9987968797E-01   -6.9414455097E+00    1.9400986016E+01   -6.4014022522E+01
    9.9987963796E-01   -6.9414455097E+00    1.9400986016E+01   -6.4014022522E+01
    9.9987958796E-01   -6.9414455097E+00    1.9400986016E+01   -6.4014022522E+01
    9.9987953795E-01   -6.9414455097E+00    1.9400986016E+01   -6.4014022522E+01
    9.9987948795E-01   -6.9414455097E+00    1.9400986016E+01   -6.4014022522E+01
    9.9987943794E-01   -6.9414455097E+00    1.9400986016E+01   -6.4014022522E+01
    9.9987938794E-01   -6.9414455097E+00    1.9400986016E+01   -6.4014022522E+01
    9.9987933793E-01   -6.9414455097E+00    1.9400986016E+01   -6.4014022522E+01
    9.9987928793E-01   -6.9414455097E+00    1.9400986016E+01   -6.4014022522E+01
    9.9987923792E-01   -6.9414455097E+00    1.9400986016E+01   -6.4014022522E+01
    9.9987918792E-01   -6.9414455097E+00    1.9400986016E+01   -6.4014022522E+01
    9.9987913791E-01   -6.9414455097E+00    1.9400986016E+01   -6.4014022522E+01
    9.9987908791E-01   -6.9414455097E+00    1.9400986016E+01   -6.4014022522E+01
    9.9987903790E-01   -6.9414455097E+00    1.9400986016E+01   -6.4014022522E+01
    9.9987898790E-01   -6.9414455097E+00    1.9400986016E+01   -6.4014022522E+01
    9.9987893789E-01   -6.9414455097E+00    1.9400986016E+01   -6.4014022522E+01
    9.9987888789E-01   -6.9414455097E+00    1.9400986016E+01   -6.4014022522E+01
    9.9987883788E-01   -6.9414455097E+00    1.9400986016E+01   -6.4014022522E+01
    9.9987878788E-01   -6.9414455097E+00    1.9400986016E+01   -6.4014022522E+01
    9.9987873787E-01   -6.9414455097E+00    1.9400986016E+01   -6.4014022522E+01
    9.9987868787E-01   -6.9414455097E+00    1.9400986016E+01   -6.4014022522E+01
    9.9987863786E-01   -6.9414455097E+00    1.9400986016E+01   -6.4014022522E+01
    9.9987858786E-01   -6.9414455097E+00    1.9400986016E+01   -6.4014022522E+01
    9.9987853785E-01   -6.9414455097E+00    1.9400986016E+01   -6.4014022522E+01
    9.9987848785E-01   -6.9414455097E+00    1.9400986016E+01   -6.4014022522E+01
    9.9987843784E-01   -6.9414455097E+00    1.9400986016E+01   -6.4014022522E+01
    9.9987838784E-01   -6.9414455097E+00    1.9400986016E+01   -6.4014022522E+01
    9.9987833783E-01   -6.9414455097E+00    1.9400986016E+01   -6.4014022522E+01
    9.9987828783E-01   -6.9414455097E+00    1.9400986016E+01   -6.4014022522E+01
    9.9987823782E-01   -6.9414455097E+00    1.9400986016E+01   -6.4014022522E+01
    9.9987818782E-01   -6.9414455097E+00    1.9400986016E+01   -6.4014022522E+01
    9.9987813781E-01   -6.9414455097E+00    1.9400986016E+01   -6.4014022522E+01
    9.9987808781E-01   -6.9414455097E+00    1.9400986016E+01   -6.4014022522E+01
    9.9987803780E-01   -6.9414455097E+00    1.9400986016E+01   -6.4014022522E+01
    9.9987798780E-01   -6.9414455097E+00    1.9400986016E+01   -6.4014022522E+01
    9.9987793779E-01   -6.9414455097E+00    1.9400986016E+01   -6.4014022522E+01
    9.9987788779E-01   -6.9414455097E+00    1.9400986016E+01   -6.4014022522E+01
    9.9987783778E-01   -6.9414455097E+00    1.9400986016E+01   -6.4014022522E+01
    9.9987778778E-01   -6.9414455097E+00    1.9400986016E+01   -6.4014022522E+01
    9.9987773777E-01   -6.9414455097E+00    1.9400986016E+01   -6.4014022522E+01
    9.9987768777E-01   -6.9414455097E+00    1.9400986016E+01   -6.4014022522E+01
    9.9987763776E-01   -6.9414455097E+00    1.9400986016E+01   -6.4014022522E+01
    9.9987758776E-01   -6.9414455097E+00    1.9400986016E+01   -6.4014022522E+01
    9.9987753775E-01   -6.9414455097E+00    1.9400986016E+01   -6.4014022522E+01
    9.9987748775E-01   -6.9414455097E+00    1.9400986016E+01   -6.4014022522E+01
    9.9987743774E-01   -6.9414455097E+00    1.9400986016E+01   -6.4014022522E+01
    9.9987738774E-01   -6.9414455097E+00    1.9400986016E+01   -6.4014022522E+01
    9.9987733773E-01   -6.9414455097E+00    1.9400986016E+01   -6.4014022522E+01
    9.9987728773E-01   -6.9414455097E+00    1.9400986016E+01   -6.4014022522E+01
    9.9987723772E-01   -6.9414455097E+00    1.9400986016E+01   -6.4014022522E+01
    9.9987718772E-01   -6.9414455097E+00    1.9400986016E+01   -6.4014022522E+01
    9.9987713771E-01   -6.9414455097E+00    1.9400986016E+01   -6.4014022522E+01
    9.9987708771E-01   -6.9414455097E+00    1.9400986016E+01   -6.4014022522E+01
    9.9987703770E-01   -6.9414455097E+00    1.9400986016E+01   -6.4014022522E+01
    9.9987698770E-01   -6.9414455097E+00    1.9400986016E+01   -6.4014022522E+01
    9.9987693769E-01   -6.9414455097E+00    1.9400986016E+01   -6.4014022522E+01
    9.9987688769E-01   -6.9414455097E+00    1.9400986016E+01   -6.4014022522E+01
    9.9987683768E-01   -6.9414455097E+00    1.9400986016E+01   -6.4014022522E+01
    9.9987678768E-01   -6.9414455097E+00    1.9400986016E+01   -6.4014022522E+01
    9.9987673767E-01   -6.9414455097E+00    1.9400986016E+01   -6.4014022522E+01
    9.9987668767E-01   -6.9414455097E+00    1.9400986016E+01   -6.4014022522E+01
    9.9987663766E-01   -6.9414455097E+00    1.9400986016E+01   -6.4014022522E+01
    9.9987658766E-01   -6.9414455097E+00    1.9400986016E+01   -6.4014022522E+01
    9.9987653765E-01   -6.9414455097E+00    1.9400986016E+01   -6.4014022522E+01
    9.9987648765E-01   -6.9414455097E+00    1.9400986016E+01   -6.4014022522E+01
    9.9987643764E-01   -6.9414455097E+00    1.9400986016E+01   -6.4014022522E+01
    9.9987638764E-01   -6.9414455097E+00    1.9400986016E+01   -6.4014022522E+01
    9.9987633763E-01   -6.9414455097E+00    1.9400986016E+01   -6.4014022522E+01
    9.9987628763E-01   -6.9414455097E+00    1.9400986016E+01   -6.4014022522E+01
    9.9987623762E-01   -6.9414455097E+00    1.9400986016E+01   -6.4014022522E+01
    9.9987618762E-01   -6.9414455097E+00    1.9400986016E+01   -6.4014022522E+01
    9.9987613761E-01   -6.9414455097E+00    1.9400986016E+01   -6.4014022522E+01
    9.9987608761E-01   -6.9414455097E+00    1.9400986016E+01   -6.4014022522E+01
    9.9987603760E-01   -6.9414455097E+00    1.9400986016E+01   -6.4014022522E+01
    9.9987598760E-01   -6.9414455097E+00    1.9400986016E+01   -6.4014022522E+01
    9.9987593759E-01   -6.9414455097E+00    1.9400986016E+01   -6.4014022522E+01
    9.9987588759E-01   -6.9414455097E+00    1.9400986016E+01   -6.4014022522E+01
    9.9987583758E-01   -6.9414455097E+00    1.9400986016E+01   -6.4014022522E+01
    9.9987578758E-01   -6.9414455097E+00    1.9400986016E+01   -6.4014022522E+01
    9.9987573757E-01   -6.9414455097E+00    1.9400986016E+01   -6.4014022522E+01
    9.9987568757E-01   -6.9414455097E+00    1.9400986016E+01   -6.4014022522E+01
    9.9987563756E-01   -6.9414455097E+00    1.9400986016E+01   -6.4014022522E+01
    9.9987558756E-01   -6.9414455097E+00    1.9400986016E+01   -6.4014022522E+01
    9.9987553755E-01   -6.9414455097E+00    1.9400986016E+01   -6.4014022522E+01
    9.9987548755E-01   -6.9414455097E+00    1.9400986016E+01   -6.4014022522E+01
    9.9987543754E-01   -6.9414455097E+00    1.9400986016E+01   -6.4014022522E+01
    9.9987538754E-01   -6.9414455097E+00    1.9400986016E+01   -6.4014022522E+01
    9.9987533753E-01   -6.9414455097E+00    1.9400986016E+01   -6.4014022522E+01
    9.9987528753E-01   -6.9414455097E+00    1.9400986016E+01   -6.4014022522E+01
    9.9987523752E-01   -6.9414455097E+00    1.9400986016E+01   -6.4014022522E+01
    9.9987518752E-01   -6.9414455097E+00    1.9400986016E+01   -6.4014022522E+01
    9.9987513751E-01   -6.9414455097E+00    1.9400986016E+01   -6.4014022522E+01
    9.9987508751E-01   -6.9414455097E+00    1.9400986016E+01   -6.4014022522E+01
    9.9987503750E-01   -6.9414455097E+00    1.9400986016E+01   -6.4014022522E+01
    9.9987498750E-01   -6.9414455097E+00    1.9400986016E+01   -6.4014022522E+01
    9.9987493749E-01   -6.9414455097E+00    1.9400986016E+01   -6.4014022522E+01
    9.9987488749E-01   -6.9414455097E+00    1.9400986016E+01   -6.4014022522E+01
    9.9987483748E-01   -6.9414455097E+00    1.9400986016E+01   -6.4014022522E+01
    9.9987478748E-01   -6.9414455097E+00    1.9400986016E+01   -6.4014022522E+01
    9.9987473747E-01   -6.9414455097E+00    1.9400986016E+01   -6.4014022522E+01
    9.9987468747E-01   -6.9414455097E+00    1.9400986016E+01   -6.4014022522E+01
    9.9987463746E-01   -6.9414455097E+00    1.9400986016E+01   -6.4014022522E+01
    9.9987458746E-01   -6.9414455097E+00    1.9400986016E+01   -6.4014022522E+01
    9.9987453745E-01   -6.9414455097E+00    1.9400986016E+01   -6.4014022522E+01
    9.9987448745E-01   -6.9414455097E+00    1.9400986016E+01   -6.4014022522E+01
    9.9987443744E-01   -6.9414455097E+00    1.9400986016E+01   -6.4014022522E+01
    9.9987438744E-01   -6.9414455097E+00    1.9400986016E+01   -6.4014022522E+01
    9.9987433743E-01   -6.9414455097E+00    1.9400986016E+01   -6.4014022522E+01
    9.9987428743E-01   -6.9414455097E+00    1.9400986016E+01   -6.4014022522E+01
    9.9987423742E-01   -6.9414455097E+00    1.9400986016E+01   -6.4014022522E+01
    9.9987418742E-01   -6.9414455097E+00    1.9400986016E+01   -6.4014022522E+01
    9.9987413741E-01   -6.9414455097E+00    1.9400986016E+01   -6.4014022522E+01
    9.9987408741E-01   -6.9414455097E+00    1.9400986016E+01   -6.4014022522E+01
    9.9987403740E-01   -6.9414455097E+00    1.9400986016E+01   -6.4014022522E+01
    9.9987398740E-01   -6.9414455097E+00    1.9400986016E+01   -6.4014022522E+01
    9.9987393739E-01   -6.9414455097E+00    1.9400986016E+01   -6.4014022522E+01
    9.9987388739E-01   -6.9414455097E+00    1.9400986016E+01   -6.4014022522E+01
    9.9987383738E-01   -6.9414455097E+00    1.9400986016E+01   -6.4014022522E+01
    9.9987378738E-01   -6.9414455097E+00    1.9400986016E+01   -6.4014022522E+01
    9.9987373737E-01   -6.9414455097E+00    1.9400986016E+01   -6.4014022522E+01
    9.9987368737E-01   -6.9414455097E+00    1.9400986016E+01   -6.4014022522E+01
    9.9987363736E-01   -6.9414455097E+00    1.9400986016E+01   -6.4014022522E+01
    9.9987358736E-01   -6.9414455097E+00    1.9400986016E+01   -6.4014022522E+01
    9.9987353735E-01   -6.9414455097E+00    1.9400986016E+01   -6.4014022522E+01
    9.9987348735E-01   -6.9414455097E+00    1.9400986016E+01   -6.4014022522E+01
    9.9987343734E-01   -6.9414455097E+00    1.9400986016E+01   -6.4014022522E+01
    9.9987338734E-01   -6.9414455097E+00    1.9400986016E+01   -6.4014022522E+01
    9.9987333733E-01   -6.9414455097E+00    1.9400986016E+01   -6.4014022522E+01
    9.9987328733E-01   -6.9414455097E+00    1.9400986016E+01   -6.4014022522E+01
    9.9987323732E-01   -6.9414455097E+00    1.9400986016E+01   -6.4014022522E+01
    9.9987318732E-01   -6.9414455097E+00    1.9400986016E+01   -6.4014022522E+01
    9.9987313731E-01   -6.9414455097E+00    1.9400986016E+01   -6.4014022522E+01
    9.9987308731E-01   -6.9414455097E+00    1.9400986016E+01   -6.4014022522E+01
    9.9987303730E-01   -6.9414455097E+00    1.9400986016E+01   -6.4014022522E+01
    9.9987298730E-01   -6.9414455097E+00    1.9400986016E+01   -6.4014022522E+01
    9.9987293729E-01   -6.9414455097E+00    1.9400986016E+01   -6.4014022522E+01
    9.9987288729E-01   -6.9414455097E+00    1.9400986016E+01   -6.4014022522E+01
    9.9987283728E-01   -6.9414455097E+00    1.9400986016E+01   -6.4014022522E+01
    9.9987278728E-01   -6.9414455097E+00    1.9400986016E+01   -6.4014022522E+01
    9.9987273727E-01   -6.9414455097E+00    1.9400986016E+01   -6.4014022522E+01
    9.9987268727E-01   -6.9414455097E+00    1.9400986016E+01   -6.4014022522E+01
    9.9987263726E-01   -6.9414455097E+00    1.9400986016E+01   -6.4014022522E+01
    9.9987258726E-01   -6.9414455097E+00    1.9400986016E+01   -6.4014022522E+01
    9.9987253725E-01   -6.9414455097E+00    1.9400986016E+01   -6.4014022522E+01
    9.9987248725E-01   -6.9414455097E+00    1.9400986016E+01   -6.4014022522E+01
    9.9987243724E-01   -6.9414455097E+00    1.9400986016E+01   -6.4014022522E+01
    9.9987238724E-01   -6.9414455097E+00    1.9400986016E+01   -6.4014022522E+01
    9.9987233723E-01   -6.9414455097E+00    1.9400986016E+01   -6.4014022522E+01
    9.9987228723E-01   -6.9414455097E+00    1.9400986016E+01   -6.4014022522E+01
    9.9987223722E-01   -6.9414455097E+00    1.9400986016E+01   -6.4014022522E+01
    9.9987218722E-01   -6.9414455097E+00    1.9400986016E+01   -6.4014022522E+01
    9.9987213721E-01   -6.9414455097E+00    1.9400986016E+01   -6.4014022522E+01
    9.9987208721E-01   -6.9414455097E+00    1.9400986016E+01   -6.4014022522E+01
    9.9987203720E-01   -6.9414455097E+00    1.9400986016E+01   -6.4014022522E+01
    9.9987198720E-01   -6.9414455097E+00    1.9400986016E+01   -6.4014022522E+01
    9.9987193719E-01   -6.9414455097E+00    1.9400986016E+01   -6.4014022522E+01
    9.9987188719E-01   -6.9414455097E+00    1.9400986016E+01   -6.4014022522E+01
    9.9987183718E-01   -6.9414455097E+00    1.9400986016E+01   -6.4014022522E+01
    9.9987178718E-01   -6.9414455097E+00    1.9400986016E+01   -6.4014022522E+01
    9.9987173717E-01   -6.9414455097E+00    1.9400986016E+01   -6.4014022522E+01
    9.9987168717E-01   -6.9414455097E+00    1.9400986016E+01   -6.4014022522E+01
    9.9987163716E-01   -6.9414455097E+00    1.9400986016E+01   -6.4014022522E+01
    9.9987158716E-01   -6.9414455097E+00    1.9400986016E+01   -6.4014022522E+01
    9.9987153715E-01   -6.9414455097E+00    1.9400986016E+01   -6.4014022522E+01
    9.9987148715E-01   -6.9414455097E+00    1.9400986016E+01   -6.4014022522E+01
    9.9987143714E-01   -6.9414455097E+00    1.9400986016E+01   -6.4014022522E+01
    9.9987138714E-01   -6.9414455097E+00    1.9400986016E+01   -6.4014022522E+01
    9.9987133713E-01   -6.9414455097E+00    1.9400986016E+01   -6.4014022522E+01
    9.9987128713E-01   -6.9414455097E+00    1.9400986016E+01   -6.4014022522E+01
    9.9987123712E-01   -6.9414455097E+00    1.9400986016E+01   -6.4014022522E+01
    9.9987118712E-01   -6.9414455097E+00    1.9400986016E+01   -6.4014022522E+01
    9.9987113711E-01   -6.9414455097E+00    1.9400986016E+01   -6.4014022522E+01
    9.9987108711E-01   -6.9414455097E+00    1.9400986016E+01   -6.4014022522E+01
    9.9987103710E-01   -6.9414455097E+00    1.9400986016E+01   -6.4014022522E+01
    9.9987098710E-01   -6.9414455097E+00    1.9400986016E+01   -6.4014022522E+01
    9.9987093709E-01   -6.9414455097E+00    1.9400986016E+01   -6.4014022522E+01
    9.9987088709E-01   -6.9414455097E+00    1.9400986016E+01   -6.4014022522E+01
    9.9987083708E-01   -6.9414455097E+00    1.9400986016E+01   -6.4014022522E+01
    9.9987078708E-01   -6.9414455097E+00    1.9400986016E+01   -6.4014022522E+01
    9.9987073707E-01   -6.9414455097E+00    1.9400986016E+01   -6.4014022522E+01
    9.9987068707E-01   -6.9414455097E+00    1.9400986016E+01   -6.4014022522E+01
    9.9987063706E-01   -6.9414455097E+00    1.9400986016E+01   -6.4014022522E+01
    9.9987058706E-01   -6.9414455097E+00    1.9400986016E+01   -6.4014022522E+01
    9.9987053705E-01   -6.9414455097E+00    1.9400986016E+01   -6.4014022522E+01
    9.9987048705E-01   -6.9414455097E+00    1.9400986016E+01   -6.4014022522E+01
    9.9987043704E-01   -6.9414455097E+00    1.9400986016E+01   -6.4014022522E+01
    9.9987038704E-01   -6.9414455097E+00    1.9400986016E+01   -6.4014022522E+01
    9.9987033703E-01   -6.9414455097E+00    1.9400986016E+01   -6.4014022522E+01
    9.9987028703E-01   -6.9414455097E+00    1.9400986016E+01   -6.4014022522E+01
    9.9987023702E-01   -6.9414455097E+00    1.9400986016E+01   -6.4014022522E+01
    9.9987018702E-01   -6.9414455097E+00    1.9400986016E+01   -6.4014022522E+01
    9.9987013701E-01   -6.9414455097E+00    1.9400986016E+01   -6.4014022522E+01
    9.9987008701E-01   -6.9414455097E+00    1.9400986016E+01   -6.4014022522E+01
    9.9987003700E-01   -6.9414455097E+00    1.9400986016E+01   -6.4014022522E+01
    9.9986998700E-01   -6.9414455097E+00    1.9400986016E+01   -6.4014022522E+01
    9.9986993699E-01   -6.9414455097E+00    1.9400986016E+01   -6.4014022522E+01
    9.9986988699E-01   -6.9414455097E+00    1.9400986016E+01   -6.4014022522E+01
    9.9986983698E-01   -6.9414455097E+00    1.9400986016E+01   -6.4014022522E+01
    9.9986978698E-01   -6.9414455097E+00    1.9400986016E+01   -6.4014022522E+01
    9.9986973697E-01   -6.9414455097E+00    1.9400986016E+01   -6.4014022522E+01
    9.9986968697E-01   -6.9414455097E+00    1.9400986016E+01   -6.4014022522E+01
    9.9986963696E-01   -6.9414455097E+00    1.9400986016E+01   -6.4014022522E+01
    9.9986958696E-01   -6.9414455097E+00    1.9400986016E+01   -6.4014022522E+01
    9.9986953695E-01   -6.9414455097E+00    1.9400986016E+01   -6.4014022522E+01
    9.9986948695E-01   -6.9414455097E+00    1.9400986016E+01   -6.4014022522E+01
    9.9986943694E-01   -6.9414455097E+00    1.9400986016E+01   -6.4014022522E+01
    9.9986938694E-01   -6.9414455097E+00    1.9400986016E+01   -6.4014022522E+01
    9.9986933693E-01   -6.9414455097E+00    1.9400986016E+01   -6.4014022522E+01
    9.9986928693E-01   -6.9414455097E+00    1.9400986016E+01   -6.4014022522E+01
    9.9986923692E-01   -6.9414455097E+00    1.9400986016E+01   -6.4014022522E+01
    9.9986918692E-01   -6.9414455097E+00    1.9400986016E+01   -6.4014022522E+01
    9.9986913691E-01   -6.9414455097E+00    1.9400986016E+01   -6.4014022522E+01
    9.9986908691E-01   -6.9414455097E+00    1.9400986016E+01   -6.4014022522E+01
    9.9986903690E-01   -6.9414455097E+00    1.9400986016E+01   -6.4014022522E+01
    9.9986898690E-01   -6.9414455097E+00    1.9400986016E+01   -6.4014022522E+01
    9.9986893689E-01   -6.9414455097E+00    1.9400986016E+01   -6.4014022522E+01
    9.9986888689E-01   -6.9414455097E+00    1.9400986016E+01   -6.4014022522E+01
    9.9986883688E-01   -6.9414455097E+00    1.9400986016E+01   -6.4014022522E+01
    9.9986878688E-01   -6.9414455097E+00    1.9400986016E+01   -6.4014022522E+01
    9.9986873687E-01   -6.9414455097E+00    1.9400986016E+01   -6.4014022522E+01
    9.9986868687E-01   -6.9414455097E+00    1.9400986016E+01   -6.4014022522E+01
    9.9986863686E-01   -6.9414455097E+00    1.9400986016E+01   -6.4014022522E+01
    9.9986858686E-01   -6.9414455097E+00    1.9400986016E+01   -6.4014022522E+01
    9.9986853685E-01   -6.9414455097E+00    1.9400986016E+01   -6.4014022522E+01
    9.9986848685E-01   -6.9414455097E+00    1.9400986016E+01   -6.4014022522E+01
    9.9986843684E-01   -6.9414455097E+00    1.9400986016E+01   -6.4014022522E+01
    9.9986838684E-01   -6.9414455097E+00    1.9400986016E+01   -6.4014022522E+01
    9.9986833683E-01   -6.9414455097E+00    1.9400986016E+01   -6.4014022522E+01
    9.9986828683E-01   -6.9414455097E+00    1.9400986016E+01   -6.4014022522E+01
    9.9986823682E-01   -6.9414455097E+00    1.9400986016E+01   -6.4014022522E+01
    9.9986818682E-01   -6.9414455097E+00    1.9400986016E+01   -6.4014022522E+01
    9.9986813681E-01   -6.9414455097E+00    1.9400986016E+01   -6.4014022522E+01
    9.9986808681E-01   -6.9414455097E+00    1.9400986016E+01   -6.4014022522E+01
    9.9986803680E-01   -6.9414455097E+00    1.9400986016E+01   -6.4014022522E+01
    9.9986798680E-01   -6.9414455097E+00    1.9400986016E+01   -6.4014022522E+01
    9.9986793679E-01   -6.9414455097E+00    1.9400986016E+01   -6.4014022522E+01
    9.9986788679E-01   -6.9414455097E+00    1.9400986016E+01   -6.4014022522E+01
    9.9986783678E-01   -6.9414455097E+00    1.9400986016E+01   -6.4014022522E+01
    9.9986778678E-01   -6.9414455097E+00    1.9400986016E+01   -6.4014022522E+01
    9.9986773677E-01   -6.9414455097E+00    1.9400986016E+01   -6.4014022522E+01
    9.9986768677E-01   -6.9414455097E+00    1.9400986016E+01   -6.4014022522E+01
    9.9986763676E-01   -6.9414455097E+00    1.9400986016E+01   -6.4014022522E+01
    9.9986758676E-01   -6.9414455097E+00    1.9400986016E+01   -6.4014022522E+01
    9.9986753675E-01   -6.9414455097E+00    1.9400986016E+01   -6.4014022522E+01
    9.9986748675E-01   -6.9414455097E+00    1.9400986016E+01   -6.4014022522E+01
    9.9986743674E-01   -6.9414455097E+00    1.9400986016E+01   -6.4014022522E+01
    9.9986738674E-01   -6.9414455097E+00    1.9400986016E+01   -6.4014022522E+01
    9.9986733673E-01   -6.9414455097E+00    1.9400986016E+01   -6.4014022522E+01
    9.9986728673E-01   -6.9414455097E+00    1.9400986016E+01   -6.4014022522E+01
    9.9986723672E-01   -6.9414455097E+00    1.9400986016E+01   -6.4014022522E+01
    9.9986718672E-01   -6.9414455097E+00    1.9400986016E+01   -6.4014022522E+01
    9.9986713671E-01   -6.9414455097E+00    1.9400986016E+01   -6.4014022522E+01
    9.9986708671E-01   -6.9414455097E+00    1.9400986016E+01   -6.4014022522E+01
    9.9986703670E-01   -6.9414455097E+00    1.9400986016E+01   -6.4014022522E+01
    9.9986698670E-01   -6.9414455097E+00    1.9400986016E+01   -6.4014022522E+01
    9.9986693669E-01   -6.9414455097E+00    1.9400986016E+01   -6.4014022522E+01
    9.9986688669E-01   -6.9414455097E+00    1.9400986016E+01   -6.4014022522E+01
    9.9986683668E-01   -6.9414455097E+00    1.9400986016E+01   -6.4014022522E+01
    9.9986678668E-01   -6.9414455097E+00    1.9400986016E+01   -6.4014022522E+01
    9.9986673667E-01   -6.9414455097E+00    1.9400986016E+01   -6.4014022522E+01
    9.9986668667E-01   -6.9414455097E+00    1.9400986016E+01   -6.4014022522E+01
    9.9986663666E-01   -6.9414455097E+00    1.9400986016E+01   -6.4014022522E+01
    9.9986658666E-01   -6.9414455097E+00    1.9400986016E+01   -6.4014022522E+01
    9.9986653665E-01   -6.9414455097E+00    1.9400986016E+01   -6.4014022522E+01
    9.9986648665E-01   -6.9414455097E+00    1.9400986016E+01   -6.4014022522E+01
    9.9986643664E-01   -6.9414455097E+00    1.9400986016E+01   -6.4014022522E+01
    9.9986638664E-01   -6.9414455097E+00    1.9400986016E+01   -6.4014022522E+01
    9.9986633663E-01   -6.9414455097E+00    1.9400986016E+01   -6.4014022522E+01
    9.9986628663E-01   -6.9414455097E+00    1.9400986016E+01   -6.4014022522E+01
    9.9986623662E-01   -6.9414455097E+00    1.9400986016E+01   -6.4014022522E+01
    9.9986618662E-01   -6.9414455097E+00    1.9400986016E+01   -6.4014022522E+01
    9.9986613661E-01   -6.9414455097E+00    1.9400986016E+01   -6.4014022522E+01
    9.9986608661E-01   -6.9414455097E+00    1.9400986016E+01   -6.4014022522E+01
    9.9986603660E-01   -6.9414455097E+00    1.9400986016E+01   -6.4014022522E+01
    9.9986598660E-01   -6.9414455097E+00    1.9400986016E+01   -6.4014022522E+01
    9.9986593659E-01   -6.9414455097E+00    1.9400986016E+01   -6.4014022522E+01
    9.9986588659E-01   -6.9414455097E+00    1.9400986016E+01   -6.4014022522E+01
    9.9986583658E-01   -6.9414455097E+00    1.9400986016E+01   -6.4014022522E+01
    9.9986578658E-01   -6.9414455097E+00    1.9400986016E+01   -6.4014022522E+01
    9.9986573657E-01   -6.9414455097E+00    1.9400986016E+01   -6.4014022522E+01
    9.9986568657E-01   -6.9414455097E+00    1.9400986016E+01   -6.4014022522E+01
    9.9986563656E-01   -6.9414455097E+00    1.9400986016E+01   -6.4014022522E+01
    9.9986558656E-01   -6.9414455097E+00    1.9400986016E+01   -6.4014022522E+01
    9.9986553655E-01   -6.9414455097E+00    1.9400986016E+01   -6.4014022522E+01
    9.9986548655E-01   -6.9414455097E+00    1.9400986016E+01   -6.4014022522E+01
    9.9986543654E-01   -6.9414455097E+00    1.9400986016E+01   -6.4014022522E+01
    9.9986538654E-01   -6.9414455097E+00    1.9400986016E+01   -6.4014022522E+01
    9.9986533653E-01   -6.9414455097E+00    1.9400986016E+01   -6.4014022522E+01
    9.9986528653E-01   -6.9414455097E+00    1.9400986016E+01   -6.4014022522E+01
    9.9986523652E-01   -6.9414455097E+00    1.9400986016E+01   -6.4014022522E+01
    9.9986518652E-01   -6.9414455097E+00    1.9400986016E+01   -6.4014022522E+01
    9.9986513651E-01   -6.9414455097E+00    1.9400986016E+01   -6.4014022522E+01
    9.9986508651E-01   -6.9414455097E+00    1.9400986016E+01   -6.4014022522E+01
    9.9986503650E-01   -6.9414455097E+00    1.9400986016E+01   -6.4014022522E+01
    9.9986498650E-01   -6.9414455097E+00    1.9400986016E+01   -6.4014022522E+01
    9.9986493649E-01   -6.9414455097E+00    1.9400986016E+01   -6.4014022522E+01
    9.9986488649E-01   -6.9414455097E+00    1.9400986016E+01   -6.4014022522E+01
    9.9986483648E-01   -6.9414455097E+00    1.9400986016E+01   -6.4014022522E+01
    9.9986478648E-01   -6.9414455097E+00    1.9400986016E+01   -6.4014022522E+01
    9.9986473647E-01   -6.9414455097E+00    1.9400986016E+01   -6.4014022522E+01
    9.9986468647E-01   -6.9414455097E+00    1.9400986016E+01   -6.4014022522E+01
    9.9986463646E-01   -6.9414455097E+00    1.9400986016E+01   -6.4014022522E+01
    9.9986458646E-01   -6.9414455097E+00    1.9400986016E+01   -6.4014022522E+01
    9.9986453645E-01   -6.9414455097E+00    1.9400986016E+01   -6.4014022522E+01
    9.9986448645E-01   -6.9414455097E+00    1.9400986016E+01   -6.4014022522E+01
    9.9986443644E-01   -6.9414455097E+00    1.9400986016E+01   -6.4014022522E+01
    9.9986438644E-01   -6.9414455097E+00    1.9400986016E+01   -6.4014022522E+01
    9.9986433643E-01   -6.9414455097E+00    1.9400986016E+01   -6.4014022522E+01
    9.9986428643E-01   -6.9414455097E+00    1.9400986016E+01   -6.4014022522E+01
    9.9986423642E-01   -6.9414455097E+00    1.9400986016E+01   -6.4014022522E+01
    9.9986418642E-01   -6.9414455097E+00    1.9400986016E+01   -6.4014022522E+01
    9.9986413641E-01   -6.9414455097E+00    1.9400986016E+01   -6.4014022522E+01
    9.9986408641E-01   -6.9414455097E+00    1.9400986016E+01   -6.4014022522E+01
    9.9986403640E-01   -6.9414455097E+00    1.9400986016E+01   -6.4014022522E+01
    9.9986398640E-01   -6.9414455097E+00    1.9400986016E+01   -6.4014022522E+01
    9.9986393639E-01   -6.9414455097E+00    1.9400986016E+01   -6.4014022522E+01
    9.9986388639E-01   -6.9414455097E+00    1.9400986016E+01   -6.4014022522E+01
    9.9986383638E-01   -6.9414455097E+00    1.9400986016E+01   -6.4014022522E+01
    9.9986378638E-01   -6.9414455097E+00    1.9400986016E+01   -6.4014022522E+01
    9.9986373637E-01   -6.9414455097E+00    1.9400986016E+01   -6.4014022522E+01
    9.9986368637E-01   -6.9414455097E+00    1.9400986016E+01   -6.4014022522E+01
    9.9986363636E-01   -6.9414455097E+00    1.9400986016E+01   -6.4014022522E+01
    9.9986358636E-01   -6.9414455097E+00    1.9400986016E+01   -6.4014022522E+01
    9.9986353635E-01   -6.9414455097E+00    1.9400986016E+01   -6.4014022522E+01
    9.9986348635E-01   -6.9414455097E+00    1.9400986016E+01   -6.4014022522E+01
    9.9986343634E-01   -6.9414455097E+00    1.9400986016E+01   -6.4014022522E+01
    9.9986338634E-01   -6.9414455097E+00    1.9400986016E+01   -6.4014022522E+01
    9.9986333633E-01   -6.9414455097E+00    1.9400986016E+01   -6.4014022522E+01
    9.9986328633E-01   -6.9414455097E+00    1.9400986016E+01   -6.4014022522E+01
    9.9986323632E-01   -6.9414455097E+00    1.9400986016E+01   -6.4014022522E+01
    9.9986318632E-01   -6.9414455097E+00    1.9400986016E+01   -6.4014022522E+01
    9.9986313631E-01   -6.9414455097E+00    1.9400986016E+01   -6.4014022522E+01
    9.9986308631E-01   -6.9414455097E+00    1.9400986016E+01   -6.4014022522E+01
    9.9986303630E-01   -6.9414455097E+00    1.9400986016E+01   -6.4014022522E+01
    9.9986298630E-01   -6.9414455097E+00    1.9400986016E+01   -6.4014022522E+01
    9.9986293629E-01   -6.9414455097E+00    1.9400986016E+01   -6.4014022522E+01
    9.9986288629E-01   -6.9414455097E+00    1.9400986016E+01   -6.4014022522E+01
    9.9986283628E-01   -6.9414455097E+00    1.9400986016E+01   -6.4014022522E+01
    9.9986278628E-01   -6.9414455097E+00    1.9400986016E+01   -6.4014022522E+01
    9.9986273627E-01   -6.9414455097E+00    1.9400986016E+01   -6.4014022522E+01
    9.9986268627E-01   -6.9414455097E+00    1.9400986016E+01   -6.4014022522E+01
    9.9986263626E-01   -6.9414455097E+00    1.9400986016E+01   -6.4014022522E+01
    9.9986258626E-01   -6.9414455097E+00    1.9400986016E+01   -6.4014022522E+01
    9.9986253625E-01   -6.9414455097E+00    1.9400986016E+01   -6.4014022522E+01
    9.9986248625E-01   -6.9414455097E+00    1.9400986016E+01   -6.4014022522E+01
    9.9986243624E-01   -6.9414455097E+00    1.9400986016E+01   -6.4014022522E+01
    9.9986238624E-01   -6.9414455097E+00    1.9400986016E+01   -6.4014022522E+01
    9.9986233623E-01   -6.9414455097E+00    1.9400986016E+01   -6.4014022522E+01
    9.9986228623E-01   -6.9414455097E+00    1.9400986016E+01   -6.4014022522E+01
    9.9986223622E-01   -6.9414455097E+00    1.9400986016E+01   -6.4014022522E+01
    9.9986218622E-01   -6.9414455097E+00    1.9400986016E+01   -6.4014022522E+01
    9.9986213621E-01   -6.9414455097E+00    1.9400986016E+01   -6.4014022522E+01
    9.9986208621E-01   -6.9414455097E+00    1.9400986016E+01   -6.4014022522E+01
    9.9986203620E-01   -6.9414455097E+00    1.9400986016E+01   -6.4014022522E+01
    9.9986198620E-01   -6.9414455097E+00    1.9400986016E+01   -6.4014022522E+01
    9.9986193619E-01   -6.9414455097E+00    1.9400986016E+01   -6.4014022522E+01
    9.9986188619E-01   -6.9414455097E+00    1.9400986016E+01   -6.4014022522E+01
    9.9986183618E-01   -6.9414455097E+00    1.9400986016E+01   -6.4014022522E+01
    9.9986178618E-01   -6.9414455097E+00    1.9400986016E+01   -6.4014022522E+01
    9.9986173617E-01   -6.9414455097E+00    1.9400986016E+01   -6.4014022522E+01
    9.9986168617E-01   -6.9414455097E+00    1.9400986016E+01   -6.4014022522E+01
    9.9986163616E-01   -6.9414455097E+00    1.9400986016E+01   -6.4014022522E+01
    9.9986158616E-01   -6.9414455097E+00    1.9400986016E+01   -6.4014022522E+01
    9.9986153615E-01   -6.9414455097E+00    1.9400986016E+01   -6.4014022522E+01
    9.9986148615E-01   -6.9414455097E+00    1.9400986016E+01   -6.4014022522E+01
    9.9986143614E-01   -6.9414455097E+00    1.9400986016E+01   -6.4014022522E+01
    9.9986138614E-01   -6.9414455097E+00    1.9400986016E+01   -6.4014022522E+01
    9.9986133613E-01   -6.9414455097E+00    1.9400986016E+01   -6.4014022522E+01
    9.9986128613E-01   -6.9414455097E+00    1.9400986016E+01   -6.4014022522E+01
    9.9986123612E-01   -6.9414455097E+00    1.9400986016E+01   -6.4014022522E+01
    9.9986118612E-01   -6.9414455097E+00    1.9400986016E+01   -6.4014022522E+01
    9.9986113611E-01   -6.9414455097E+00    1.9400986016E+01   -6.4014022522E+01
    9.9986108611E-01   -6.9414455097E+00    1.9400986016E+01   -6.4014022522E+01
    9.9986103610E-01   -6.9414455097E+00    1.9400986016E+01   -6.4014022522E+01
    9.9986098610E-01   -6.9414455097E+00    1.9400986016E+01   -6.4014022522E+01
    9.9986093609E-01   -6.9414455097E+00    1.9400986016E+01   -6.4014022522E+01
    9.9986088609E-01   -6.9414455097E+00    1.9400986016E+01   -6.4014022522E+01
    9.9986083608E-01   -6.9414455097E+00    1.9400986016E+01   -6.4014022522E+01
    9.9986078608E-01   -6.9414455097E+00    1.9400986016E+01   -6.4014022522E+01
    9.9986073607E-01   -6.9414455097E+00    1.9400986016E+01   -6.4014022522E+01
    9.9986068607E-01   -6.9414455097E+00    1.9400986016E+01   -6.4014022522E+01
    9.9986063606E-01   -6.9414455097E+00    1.9400986016E+01   -6.4014022522E+01
    9.9986058606E-01   -6.9414455097E+00    1.9400986016E+01   -6.4014022522E+01
    9.9986053605E-01   -6.9414455097E+00    1.9400986016E+01   -6.4014022522E+01
    9.9986048605E-01   -6.9414455097E+00    1.9400986016E+01   -6.4014022522E+01
    9.9986043604E-01   -6.9414455097E+00    1.9400986016E+01   -6.4014022522E+01
    9.9986038604E-01   -6.9414455097E+00    1.9400986016E+01   -6.4014022522E+01
    9.9986033603E-01   -6.9414455097E+00    1.9400986016E+01   -6.4014022522E+01
    9.9986028603E-01   -6.9414455097E+00    1.9400986016E+01   -6.4014022522E+01
    9.9986023602E-01   -6.9414455097E+00    1.9400986016E+01   -6.4014022522E+01
    9.9986018602E-01   -6.9414455097E+00    1.9400986016E+01   -6.4014022522E+01
    9.9986013601E-01   -6.9414455097E+00    1.9400986016E+01   -6.4014022522E+01
    9.9986008601E-01   -6.9414455097E+00    1.9400986016E+01   -6.4014022522E+01
    9.9986003600E-01   -6.9414455097E+00    1.9400986016E+01   -6.4014022522E+01
    9.9985998600E-01   -6.9414455097E+00    1.9400986016E+01   -6.4014022522E+01
    9.9985993599E-01   -6.9414455097E+00    1.9400986016E+01   -6.4014022522E+01
    9.9985988599E-01   -6.9414455097E+00    1.9400986016E+01   -6.4014022522E+01
    9.9985983598E-01   -6.9414455097E+00    1.9400986016E+01   -6.4014022522E+01
    9.9985978598E-01   -6.9414455097E+00    1.9400986016E+01   -6.4014022522E+01
    9.9985973597E-01   -6.9414455097E+00    1.9400986016E+01   -6.4014022522E+01
    9.9985968597E-01   -6.9414455097E+00    1.9400986016E+01   -6.4014022522E+01
    9.9985963596E-01   -6.9414455097E+00    1.9400986016E+01   -6.4014022522E+01
    9.9985958596E-01   -6.9414455097E+00    1.9400986016E+01   -6.4014022522E+01
    9.9985953595E-01   -6.9414455097E+00    1.9400986016E+01   -6.4014022522E+01
    9.9985948595E-01   -6.9414455097E+00    1.9400986016E+01   -6.4014022522E+01
    9.9985943594E-01   -6.9414455097E+00    1.9400986016E+01   -6.4014022522E+01
    9.9985938594E-01   -6.9414455097E+00    1.9400986016E+01   -6.4014022522E+01
    9.9985933593E-01   -6.9414455097E+00    1.9400986016E+01   -6.4014022522E+01
    9.9985928593E-01   -6.9414455097E+00    1.9400986016E+01   -6.4014022522E+01
    9.9985923592E-01   -6.9414455097E+00    1.9400986016E+01   -6.4014022522E+01
    9.9985918592E-01   -6.9414455097E+00    1.9400986016E+01   -6.4014022522E+01
    9.9985913591E-01   -6.9414455097E+00    1.9400986016E+01   -6.4014022522E+01
    9.9985908591E-01   -6.9414455097E+00    1.9400986016E+01   -6.4014022522E+01
    9.9985903590E-01   -6.9414455097E+00    1.9400986016E+01   -6.4014022522E+01
    9.9985898590E-01   -6.9414455097E+00    1.9400986016E+01   -6.4014022522E+01
    9.9985893589E-01   -6.9414455097E+00    1.9400986016E+01   -6.4014022522E+01
    9.9985888589E-01   -6.9414455097E+00    1.9400986016E+01   -6.4014022522E+01
    9.9985883588E-01   -6.9414455097E+00    1.9400986016E+01   -6.4014022522E+01
    9.9985878588E-01   -6.9414455097E+00    1.9400986016E+01   -6.4014022522E+01
    9.9985873587E-01   -6.9414455097E+00    1.9400986016E+01   -6.4014022522E+01
    9.9985868587E-01   -6.9414455097E+00    1.9400986016E+01   -6.4014022522E+01
    9.9985863586E-01   -6.9414455097E+00    1.9400986016E+01   -6.4014022522E+01
    9.9985858586E-01   -6.9414455097E+00    1.9400986016E+01   -6.4014022522E+01
    9.9985853585E-01   -6.9414455097E+00    1.9400986016E+01   -6.4014022522E+01
    9.9985848585E-01   -6.9414455097E+00    1.9400986016E+01   -6.4014022522E+01
    9.9985843584E-01   -6.9414455097E+00    1.9400986016E+01   -6.4014022522E+01
    9.9985838584E-01   -6.9414455097E+00    1.9400986016E+01   -6.4014022522E+01
    9.9985833583E-01   -6.9414455097E+00    1.9400986016E+01   -6.4014022522E+01
    9.9985828583E-01   -6.9414455097E+00    1.9400986016E+01   -6.4014022522E+01
    9.9985823582E-01   -6.9414455097E+00    1.9400986016E+01   -6.4014022522E+01
    9.9985818582E-01   -6.9414455097E+00    1.9400986016E+01   -6.4014022522E+01
    9.9985813581E-01   -6.9414455097E+00    1.9400986016E+01   -6.4014022522E+01
    9.9985808581E-01   -6.9414455097E+00    1.9400986016E+01   -6.4014022522E+01
    9.9985803580E-01   -6.9414455097E+00    1.9400986016E+01   -6.4014022522E+01
    9.9985798580E-01   -6.9414455097E+00    1.9400986016E+01   -6.4014022522E+01
    9.9985793579E-01   -6.9414455097E+00    1.9400986016E+01   -6.4014022522E+01
    9.9985788579E-01   -6.9414455097E+00    1.9400986016E+01   -6.4014022522E+01
    9.9985783578E-01   -6.9414455097E+00    1.9400986016E+01   -6.4014022522E+01
    9.9985778578E-01   -6.9414455097E+00    1.9400986016E+01   -6.4014022522E+01
    9.9985773577E-01   -6.9414455097E+00    1.9400986016E+01   -6.4014022522E+01
    9.9985768577E-01   -6.9414455097E+00    1.9400986016E+01   -6.4014022522E+01
    9.9985763576E-01   -6.9414455097E+00    1.9400986016E+01   -6.4014022522E+01
    9.9985758576E-01   -6.9414455097E+00    1.9400986016E+01   -6.4014022522E+01
    9.9985753575E-01   -6.9414455097E+00    1.9400986016E+01   -6.4014022522E+01
    9.9985748575E-01   -6.9414455097E+00    1.9400986016E+01   -6.4014022522E+01
    9.9985743574E-01   -6.9414455097E+00    1.9400986016E+01   -6.4014022522E+01
    9.9985738574E-01   -6.9414455097E+00    1.9400986016E+01   -6.4014022522E+01
    9.9985733573E-01   -6.9414455097E+00    1.9400986016E+01   -6.4014022522E+01
    9.9985728573E-01   -6.9414455097E+00    1.9400986016E+01   -6.4014022522E+01
    9.9985723572E-01   -6.9414455097E+00    1.9400986016E+01   -6.4014022522E+01
    9.9985718572E-01   -6.9414455097E+00    1.9400986016E+01   -6.4014022522E+01
    9.9985713571E-01   -6.9414455097E+00    1.9400986016E+01   -6.4014022522E+01
    9.9985708571E-01   -6.9414455097E+00    1.9400986016E+01   -6.4014022522E+01
    9.9985703570E-01   -6.9414455097E+00    1.9400986016E+01   -6.4014022522E+01
    9.9985698570E-01   -6.9414455097E+00    1.9400986016E+01   -6.4014022522E+01
    9.9985693569E-01   -6.9414455097E+00    1.9400986016E+01   -6.4014022522E+01
    9.9985688569E-01   -6.9414455097E+00    1.9400986016E+01   -6.4014022522E+01
    9.9985683568E-01   -6.9414455097E+00    1.9400986016E+01   -6.4014022522E+01
    9.9985678568E-01   -6.9414455097E+00    1.9400986016E+01   -6.4014022522E+01
    9.9985673567E-01   -6.9414455097E+00    1.9400986016E+01   -6.4014022522E+01
    9.9985668567E-01   -6.9414455097E+00    1.9400986016E+01   -6.4014022522E+01
    9.9985663566E-01   -6.9414455097E+00    1.9400986016E+01   -6.4014022522E+01
    9.9985658566E-01   -6.9414455097E+00    1.9400986016E+01   -6.4014022522E+01
    9.9985653565E-01   -6.9414455097E+00    1.9400986016E+01   -6.4014022522E+01
    9.9985648565E-01   -6.9414455097E+00    1.9400986016E+01   -6.4014022522E+01
    9.9985643564E-01   -6.9414455097E+00    1.9400986016E+01   -6.4014022522E+01
    9.9985638564E-01   -6.9414455097E+00    1.9400986016E+01   -6.4014022522E+01
    9.9985633563E-01   -6.9414455097E+00    1.9400986016E+01   -6.4014022522E+01
    9.9985628563E-01   -6.9414455097E+00    1.9400986016E+01   -6.4014022522E+01
    9.9985623562E-01   -6.9414455097E+00    1.9400986016E+01   -6.4014022522E+01
    9.9985618562E-01   -6.9414455097E+00    1.9400986016E+01   -6.4014022522E+01
    9.9985613561E-01   -6.9414455097E+00    1.9400986016E+01   -6.4014022522E+01
    9.9985608561E-01   -6.9414455097E+00    1.9400986016E+01   -6.4014022522E+01
    9.9985603560E-01   -6.9414455097E+00    1.9400986016E+01   -6.4014022522E+01
    9.9985598560E-01   -6.9414455097E+00    1.9400986016E+01   -6.4014022522E+01
    9.9985593559E-01   -6.9414455097E+00    1.9400986016E+01   -6.4014022522E+01
    9.9985588559E-01   -6.9414455097E+00    1.9400986016E+01   -6.4014022522E+01
    9.9985583558E-01   -6.9414455097E+00    1.9400986016E+01   -6.4014022522E+01
    9.9985578558E-01   -6.9414455097E+00    1.9400986016E+01   -6.4014022522E+01
    9.9985573557E-01   -6.9414455097E+00    1.9400986016E+01   -6.4014022522E+01
    9.9985568557E-01   -6.9414455097E+00    1.9400986016E+01   -6.4014022522E+01
    9.9985563556E-01   -6.9414455097E+00    1.9400986016E+01   -6.4014022522E+01
    9.9985558556E-01   -6.9414455097E+00    1.9400986016E+01   -6.4014022522E+01
    9.9985553555E-01   -6.9414455097E+00    1.9400986016E+01   -6.4014022522E+01
    9.9985548555E-01   -6.9414455097E+00    1.9400986016E+01   -6.4014022522E+01
    9.9985543554E-01   -6.9414455097E+00    1.9400986016E+01   -6.4014022522E+01
    9.9985538554E-01   -6.9414455097E+00    1.9400986016E+01   -6.4014022522E+01
    9.9985533553E-01   -6.9414455097E+00    1.9400986016E+01   -6.4014022522E+01
    9.9985528553E-01   -6.9414455097E+00    1.9400986016E+01   -6.4014022522E+01
    9.9985523552E-01   -6.9414455097E+00    1.9400986016E+01   -6.4014022522E+01
    9.9985518552E-01   -6.9414455097E+00    1.9400986016E+01   -6.4014022522E+01
    9.9985513551E-01   -6.9414455097E+00    1.9400986016E+01   -6.4014022522E+01
    9.9985508551E-01   -6.9414455097E+00    1.9400986016E+01   -6.4014022522E+01
    9.9985503550E-01   -6.9414455097E+00    1.9400986016E+01   -6.4014022522E+01
    9.9985498550E-01   -6.9414455097E+00    1.9400986016E+01   -6.4014022522E+01
    9.9985493549E-01   -6.9414455097E+00    1.9400986016E+01   -6.4014022522E+01
    9.9985488549E-01   -6.9414455097E+00    1.9400986016E+01   -6.4014022522E+01
    9.9985483548E-01   -6.9414455097E+00    1.9400986016E+01   -6.4014022522E+01
    9.9985478548E-01   -6.9414455097E+00    1.9400986016E+01   -6.4014022522E+01
    9.9985473547E-01   -6.9414455097E+00    1.9400986016E+01   -6.4014022522E+01
    9.9985468547E-01   -6.9414455097E+00    1.9400986016E+01   -6.4014022522E+01
    9.9985463546E-01   -6.9414455097E+00    1.9400986016E+01   -6.4014022522E+01
    9.9985458546E-01   -6.9414455097E+00    1.9400986016E+01   -6.4014022522E+01
    9.9985453545E-01   -6.9414455097E+00    1.9400986016E+01   -6.4014022522E+01
    9.9985448545E-01   -6.9414455097E+00    1.9400986016E+01   -6.4014022522E+01
    9.9985443544E-01   -6.9414455097E+00    1.9400986016E+01   -6.4014022522E+01
    9.9985438544E-01   -6.9414455097E+00    1.9400986016E+01   -6.4014022522E+01
    9.9985433543E-01   -6.9414455097E+00    1.9400986016E+01   -6.4014022522E+01
    9.9985428543E-01   -6.9414455097E+00    1.9400986016E+01   -6.4014022522E+01
    9.9985423542E-01   -6.9414455097E+00    1.9400986016E+01   -6.4014022522E+01
    9.9985418542E-01   -6.9414455097E+00    1.9400986016E+01   -6.4014022522E+01
    9.9985413541E-01   -6.9414455097E+00    1.9400986016E+01   -6.4014022522E+01
    9.9985408541E-01   -6.9414455097E+00    1.9400986016E+01   -6.4014022522E+01
    9.9985403540E-01   -6.9414455097E+00    1.9400986016E+01   -6.4014022522E+01
    9.9985398540E-01   -6.9414455097E+00    1.9400986016E+01   -6.4014022522E+01
    9.9985393539E-01   -6.9414455097E+00    1.9400986016E+01   -6.4014022522E+01
    9.9985388539E-01   -6.9414455097E+00    1.9400986016E+01   -6.4014022522E+01
    9.9985383538E-01   -6.9414455097E+00    1.9400986016E+01   -6.4014022522E+01
    9.9985378538E-01   -6.9414455097E+00    1.9400986016E+01   -6.4014022522E+01
    9.9985373537E-01   -6.9414455097E+00    1.9400986016E+01   -6.4014022522E+01
    9.9985368537E-01   -6.9414455097E+00    1.9400986016E+01   -6.4014022522E+01
    9.9985363536E-01   -6.9414455097E+00    1.9400986016E+01   -6.4014022522E+01
    9.9985358536E-01   -6.9414455097E+00    1.9400986016E+01   -6.4014022522E+01
    9.9985353535E-01   -6.9414455097E+00    1.9400986016E+01   -6.4014022522E+01
    9.9985348535E-01   -6.9414455097E+00    1.9400986016E+01   -6.4014022522E+01
    9.9985343534E-01   -6.9414455097E+00    1.9400986016E+01   -6.4014022522E+01
    9.9985338534E-01   -6.9414455097E+00    1.9400986016E+01   -6.4014022522E+01
    9.9985333533E-01   -6.9414455097E+00    1.9400986016E+01   -6.4014022522E+01
    9.9985328533E-01   -6.9414455097E+00    1.9400986016E+01   -6.4014022522E+01
    9.9985323532E-01   -6.9414455097E+00    1.9400986016E+01   -6.4014022522E+01
    9.9985318532E-01   -6.9414455097E+00    1.9400986016E+01   -6.4014022522E+01
    9.9985313531E-01   -6.9414455097E+00    1.9400986016E+01   -6.4014022522E+01
    9.9985308531E-01   -6.9414455097E+00    1.9400986016E+01   -6.4014022522E+01
    9.9985303530E-01   -6.9414455097E+00    1.9400986016E+01   -6.4014022522E+01
    9.9985298530E-01   -6.9414455097E+00    1.9400986016E+01   -6.4014022522E+01
    9.9985293529E-01   -6.9414455097E+00    1.9400986016E+01   -6.4014022522E+01
    9.9985288529E-01   -6.9414455097E+00    1.9400986016E+01   -6.4014022522E+01
    9.9985283528E-01   -6.9414455097E+00    1.9400986016E+01   -6.4014022522E+01
    9.9985278528E-01   -6.9414455097E+00    1.9400986016E+01   -6.4014022522E+01
    9.9985273527E-01   -6.9414455097E+00    1.9400986016E+01   -6.4014022522E+01
    9.9985268527E-01   -6.9414455097E+00    1.9400986016E+01   -6.4014022522E+01
    9.9985263526E-01   -6.9414455097E+00    1.9400986016E+01   -6.4014022522E+01
    9.9985258526E-01   -6.9414455097E+00    1.9400986016E+01   -6.4014022522E+01
    9.9985253525E-01   -6.9414455097E+00    1.9400986016E+01   -6.4014022522E+01
    9.9985248525E-01   -6.9414455097E+00    1.9400986016E+01   -6.4014022522E+01
    9.9985243524E-01   -6.9414455097E+00    1.9400986016E+01   -6.4014022522E+01
    9.9985238524E-01   -6.9414455097E+00    1.9400986016E+01   -6.4014022522E+01
    9.9985233523E-01   -6.9414455097E+00    1.9400986016E+01   -6.4014022522E+01
    9.9985228523E-01   -6.9414455097E+00    1.9400986016E+01   -6.4014022522E+01
    9.9985223522E-01   -6.9414455097E+00    1.9400986016E+01   -6.4014022522E+01
    9.9985218522E-01   -6.9414455097E+00    1.9400986016E+01   -6.4014022522E+01
    9.9985213521E-01   -6.9414455097E+00    1.9400986016E+01   -6.4014022522E+01
    9.9985208521E-01   -6.9414455097E+00    1.9400986016E+01   -6.4014022522E+01
    9.9985203520E-01   -6.9414455097E+00    1.9400986016E+01   -6.4014022522E+01
    9.9985198520E-01   -6.9414455097E+00    1.9400986016E+01   -6.4014022522E+01
    9.9985193519E-01   -6.9414455097E+00    1.9400986016E+01   -6.4014022522E+01
    9.9985188519E-01   -6.9414455097E+00    1.9400986016E+01   -6.4014022522E+01
    9.9985183518E-01   -6.9414455097E+00    1.9400986016E+01   -6.4014022522E+01
    9.9985178518E-01   -6.9414455097E+00    1.9400986016E+01   -6.4014022522E+01
    9.9985173517E-01   -6.9414455097E+00    1.9400986016E+01   -6.4014022522E+01
    9.9985168517E-01   -6.9414455097E+00    1.9400986016E+01   -6.4014022522E+01
    9.9985163516E-01   -6.9414455097E+00    1.9400986016E+01   -6.4014022522E+01
    9.9985158516E-01   -6.9414455097E+00    1.9400986016E+01   -6.4014022522E+01
    9.9985153515E-01   -6.9414455097E+00    1.9400986016E+01   -6.4014022522E+01
    9.9985148515E-01   -6.9414455097E+00    1.9400986016E+01   -6.4014022522E+01
    9.9985143514E-01   -6.9414455097E+00    1.9400986016E+01   -6.4014022522E+01
    9.9985138514E-01   -6.9414455097E+00    1.9400986016E+01   -6.4014022522E+01
    9.9985133513E-01   -6.9414455097E+00    1.9400986016E+01   -6.4014022522E+01
    9.9985128513E-01   -6.9414455097E+00    1.9400986016E+01   -6.4014022522E+01
    9.9985123512E-01   -6.9414455097E+00    1.9400986016E+01   -6.4014022522E+01
    9.9985118512E-01   -6.9414455097E+00    1.9400986016E+01   -6.4014022522E+01
    9.9985113511E-01   -6.9414455097E+00    1.9400986016E+01   -6.4014022522E+01
    9.9985108511E-01   -6.9414455097E+00    1.9400986016E+01   -6.4014022522E+01
    9.9985103510E-01   -6.9414455097E+00    1.9400986016E+01   -6.4014022522E+01
    9.9985098510E-01   -6.9414455097E+00    1.9400986016E+01   -6.4014022522E+01
    9.9985093509E-01   -6.9414455097E+00    1.9400986016E+01   -6.4014022522E+01
    9.9985088509E-01   -6.9414455097E+00    1.9400986016E+01   -6.4014022522E+01
    9.9985083508E-01   -6.9414455097E+00    1.9400986016E+01   -6.4014022522E+01
    9.9985078508E-01   -6.9414455097E+00    1.9400986016E+01   -6.4014022522E+01
    9.9985073507E-01   -6.9414455097E+00    1.9400986016E+01   -6.4014022522E+01
    9.9985068507E-01   -6.9414455097E+00    1.9400986016E+01   -6.4014022522E+01
    9.9985063506E-01   -6.9414455097E+00    1.9400986016E+01   -6.4014022522E+01
    9.9985058506E-01   -6.9414455097E+00    1.9400986016E+01   -6.4014022522E+01
    9.9985053505E-01   -6.9414455097E+00    1.9400986016E+01   -6.4014022522E+01
    9.9985048505E-01   -6.9414455097E+00    1.9400986016E+01   -6.4014022522E+01
    9.9985043504E-01   -6.9414455097E+00    1.9400986016E+01   -6.4014022522E+01
    9.9985038504E-01   -6.9414455097E+00    1.9400986016E+01   -6.4014022522E+01
    9.9985033503E-01   -6.9414455097E+00    1.9400986016E+01   -6.4014022522E+01
    9.9985028503E-01   -6.9414455097E+00    1.9400986016E+01   -6.4014022522E+01
    9.9985023502E-01   -6.9414455097E+00    1.9400986016E+01   -6.4014022522E+01
    9.9985018502E-01   -6.9414455097E+00    1.9400986016E+01   -6.4014022522E+01
    9.9985013501E-01   -6.9414455097E+00    1.9400986016E+01   -6.4014022522E+01
    9.9985008501E-01   -6.9414455097E+00    1.9400986016E+01   -6.4014022522E+01
    9.9985003500E-01   -6.9414455097E+00    1.9400986016E+01   -6.4014022522E+01
    9.9984998500E-01   -6.9414455097E+00    1.9400986016E+01   -6.4014022522E+01
    9.9984993499E-01   -6.9414455097E+00    1.9400986016E+01   -6.4014022522E+01
    9.9984988499E-01   -6.9414455097E+00    1.9400986016E+01   -6.4014022522E+01
    9.9984983498E-01   -6.9414455097E+00    1.9400986016E+01   -6.4014022522E+01
    9.9984978498E-01   -6.9414455097E+00    1.9400986016E+01   -6.4014022522E+01
    9.9984973497E-01   -6.9414455097E+00    1.9400986016E+01   -6.4014022522E+01
    9.9984968497E-01   -6.9414455097E+00    1.9400986016E+01   -6.4014022522E+01
    9.9984963496E-01   -6.9414455097E+00    1.9400986016E+01   -6.4014022522E+01
    9.9984958496E-01   -6.9414455097E+00    1.9400986016E+01   -6.4014022522E+01
    9.9984953495E-01   -6.9414455097E+00    1.9400986016E+01   -6.4014022522E+01
    9.9984948495E-01   -6.9414455097E+00    1.9400986016E+01   -6.4014022522E+01
    9.9984943494E-01   -6.9414455097E+00    1.9400986016E+01   -6.4014022522E+01
    9.9984938494E-01   -6.9414455097E+00    1.9400986016E+01   -6.4014022522E+01
    9.9984933493E-01   -6.9414455097E+00    1.9400986016E+01   -6.4014022522E+01
    9.9984928493E-01   -6.9414455097E+00    1.9400986016E+01   -6.4014022522E+01
    9.9984923492E-01   -6.9414455097E+00    1.9400986016E+01   -6.4014022522E+01
    9.9984918492E-01   -6.9414455097E+00    1.9400986016E+01   -6.4014022522E+01
    9.9984913491E-01   -6.9414455097E+00    1.9400986016E+01   -6.4014022522E+01
    9.9984908491E-01   -6.9414455097E+00    1.9400986016E+01   -6.4014022522E+01
    9.9984903490E-01   -6.9414455097E+00    1.9400986016E+01   -6.4014022522E+01
    9.9984898490E-01   -6.9414455097E+00    1.9400986016E+01   -6.4014022522E+01
    9.9984893489E-01   -6.9414455097E+00    1.9400986016E+01   -6.4014022522E+01
    9.9984888489E-01   -6.9414455097E+00    1.9400986016E+01   -6.4014022522E+01
    9.9984883488E-01   -6.9414455097E+00    1.9400986016E+01   -6.4014022522E+01
    9.9984878488E-01   -6.9414455097E+00    1.9400986016E+01   -6.4014022522E+01
    9.9984873487E-01   -6.9414455097E+00    1.9400986016E+01   -6.4014022522E+01
    9.9984868487E-01   -6.9414455097E+00    1.9400986016E+01   -6.4014022522E+01
    9.9984863486E-01   -6.9414455097E+00    1.9400986016E+01   -6.4014022522E+01
    9.9984858486E-01   -6.9414455097E+00    1.9400986016E+01   -6.4014022522E+01
    9.9984853485E-01   -6.9414455097E+00    1.9400986016E+01   -6.4014022522E+01
    9.9984848485E-01   -6.9414455097E+00    1.9400986016E+01   -6.4014022522E+01
    9.9984843484E-01   -6.9414455097E+00    1.9400986016E+01   -6.4014022522E+01
    9.9984838484E-01   -6.9414455097E+00    1.9400986016E+01   -6.4014022522E+01
    9.9984833483E-01   -6.9414455097E+00    1.9400986016E+01   -6.4014022522E+01
    9.9984828483E-01   -6.9414455097E+00    1.9400986016E+01   -6.4014022522E+01
    9.9984823482E-01   -6.9414455097E+00    1.9400986016E+01   -6.4014022522E+01
    9.9984818482E-01   -6.9414455097E+00    1.9400986016E+01   -6.4014022522E+01
    9.9984813481E-01   -6.9414455097E+00    1.9400986016E+01   -6.4014022522E+01
    9.9984808481E-01   -6.9414455097E+00    1.9400986016E+01   -6.4014022522E+01
    9.9984803480E-01   -6.9414455097E+00    1.9400986016E+01   -6.4014022522E+01
    9.9984798480E-01   -6.9414455097E+00    1.9400986016E+01   -6.4014022522E+01
    9.9984793479E-01   -6.9414455097E+00    1.9400986016E+01   -6.4014022522E+01
    9.9984788479E-01   -6.9414455097E+00    1.9400986016E+01   -6.4014022522E+01
    9.9984783478E-01   -6.9414455097E+00    1.9400986016E+01   -6.4014022522E+01
    9.9984778478E-01   -6.9414455097E+00    1.9400986016E+01   -6.4014022522E+01
    9.9984773477E-01   -6.9414455097E+00    1.9400986016E+01   -6.4014022522E+01
    9.9984768477E-01   -6.9414455097E+00    1.9400986016E+01   -6.4014022522E+01
    9.9984763476E-01   -6.9414455097E+00    1.9400986016E+01   -6.4014022522E+01
    9.9984758476E-01   -6.9414455097E+00    1.9400986016E+01   -6.4014022522E+01
    9.9984753475E-01   -6.9414455097E+00    1.9400986016E+01   -6.4014022522E+01
    9.9984748475E-01   -6.9414455097E+00    1.9400986016E+01   -6.4014022522E+01
    9.9984743474E-01   -6.9414455097E+00    1.9400986016E+01   -6.4014022522E+01
    9.9984738474E-01   -6.9414455097E+00    1.9400986016E+01   -6.4014022522E+01
    9.9984733473E-01   -6.9414455097E+00    1.9400986016E+01   -6.4014022522E+01
    9.9984728473E-01   -6.9414455097E+00    1.9400986016E+01   -6.4014022522E+01
    9.9984723472E-01   -6.9414455097E+00    1.9400986016E+01   -6.4014022522E+01
    9.9984718472E-01   -6.9414455097E+00    1.9400986016E+01   -6.4014022522E+01
    9.9984713471E-01   -6.9414455097E+00    1.9400986016E+01   -6.4014022522E+01
    9.9984708471E-01   -6.9414455097E+00    1.9400986016E+01   -6.4014022522E+01
    9.9984703470E-01   -6.9414455097E+00    1.9400986016E+01   -6.4014022522E+01
    9.9984698470E-01   -6.9414455097E+00    1.9400986016E+01   -6.4014022522E+01
    9.9984693469E-01   -6.9414455097E+00    1.9400986016E+01   -6.4014022522E+01
    9.9984688469E-01   -6.9414455097E+00    1.9400986016E+01   -6.4014022522E+01
    9.9984683468E-01   -6.9414455097E+00    1.9400986016E+01   -6.4014022522E+01
    9.9984678468E-01   -6.9414455097E+00    1.9400986016E+01   -6.4014022522E+01
    9.9984673467E-01   -6.9414455097E+00    1.9400986016E+01   -6.4014022522E+01
    9.9984668467E-01   -6.9414455097E+00    1.9400986016E+01   -6.4014022522E+01
    9.9984663466E-01   -6.9414455097E+00    1.9400986016E+01   -6.4014022522E+01
    9.9984658466E-01   -6.9414455097E+00    1.9400986016E+01   -6.4014022522E+01
    9.9984653465E-01   -6.9414455097E+00    1.9400986016E+01   -6.4014022522E+01
    9.9984648465E-01   -6.9414455097E+00    1.9400986016E+01   -6.4014022522E+01
    9.9984643464E-01   -6.9414455097E+00    1.9400986016E+01   -6.4014022522E+01
    9.9984638464E-01   -6.9414455097E+00    1.9400986016E+01   -6.4014022522E+01
    9.9984633463E-01   -6.9414455097E+00    1.9400986016E+01   -6.4014022522E+01
    9.9984628463E-01   -6.9414455097E+00    1.9400986016E+01   -6.4014022522E+01
    9.9984623462E-01   -6.9414455097E+00    1.9400986016E+01   -6.4014022522E+01
    9.9984618462E-01   -6.9414455097E+00    1.9400986016E+01   -6.4014022522E+01
    9.9984613461E-01   -6.9414455097E+00    1.9400986016E+01   -6.4014022522E+01
    9.9984608461E-01   -6.9414455097E+00    1.9400986016E+01   -6.4014022522E+01
    9.9984603460E-01   -6.9414455097E+00    1.9400986016E+01   -6.4014022522E+01
    9.9984598460E-01   -6.9414455097E+00    1.9400986016E+01   -6.4014022522E+01
    9.9984593459E-01   -6.9414455097E+00    1.9400986016E+01   -6.4014022522E+01
    9.9984588459E-01   -6.9414455097E+00    1.9400986016E+01   -6.4014022522E+01
    9.9984583458E-01   -6.9414455097E+00    1.9400986016E+01   -6.4014022522E+01
    9.9984578458E-01   -6.9414455097E+00    1.9400986016E+01   -6.4014022522E+01
    9.9984573457E-01   -6.9414455097E+00    1.9400986016E+01   -6.4014022522E+01
    9.9984568457E-01   -6.9414455097E+00    1.9400986016E+01   -6.4014022522E+01
    9.9984563456E-01   -6.9414455097E+00    1.9400986016E+01   -6.4014022522E+01
    9.9984558456E-01   -6.9414455097E+00    1.9400986016E+01   -6.4014022522E+01
    9.9984553455E-01   -6.9414455097E+00    1.9400986016E+01   -6.4014022522E+01
    9.9984548455E-01   -6.9414455097E+00    1.9400986016E+01   -6.4014022522E+01
    9.9984543454E-01   -6.9414455097E+00    1.9400986016E+01   -6.4014022522E+01
    9.9984538454E-01   -6.9414455097E+00    1.9400986016E+01   -6.4014022522E+01
    9.9984533453E-01   -6.9414455097E+00    1.9400986016E+01   -6.4014022522E+01
    9.9984528453E-01   -6.9414455097E+00    1.9400986016E+01   -6.4014022522E+01
    9.9984523452E-01   -6.9414455097E+00    1.9400986016E+01   -6.4014022522E+01
    9.9984518452E-01   -6.9414455097E+00    1.9400986016E+01   -6.4014022522E+01
    9.9984513451E-01   -6.9414455097E+00    1.9400986016E+01   -6.4014022522E+01
    9.9984508451E-01   -6.9414455097E+00    1.9400986016E+01   -6.4014022522E+01
    9.9984503450E-01   -6.9414455097E+00    1.9400986016E+01   -6.4014022522E+01
    9.9984498450E-01   -6.9414455097E+00    1.9400986016E+01   -6.4014022522E+01
    9.9984493449E-01   -6.9414455097E+00    1.9400986016E+01   -6.4014022522E+01
    9.9984488449E-01   -6.9414455097E+00    1.9400986016E+01   -6.4014022522E+01
    9.9984483448E-01   -6.9414455097E+00    1.9400986016E+01   -6.4014022522E+01
    9.9984478448E-01   -6.9414455097E+00    1.9400986016E+01   -6.4014022522E+01
    9.9984473447E-01   -6.9414455097E+00    1.9400986016E+01   -6.4014022522E+01
    9.9984468447E-01   -6.9414455097E+00    1.9400986016E+01   -6.4014022522E+01
    9.9984463446E-01   -6.9414455097E+00    1.9400986016E+01   -6.4014022522E+01
    9.9984458446E-01   -6.9414455097E+00    1.9400986016E+01   -6.4014022522E+01
    9.9984453445E-01   -6.9414455097E+00    1.9400986016E+01   -6.4014022522E+01
    9.9984448445E-01   -6.9414455097E+00    1.9400986016E+01   -6.4014022522E+01
    9.9984443444E-01   -6.9414455097E+00    1.9400986016E+01   -6.4014022522E+01
    9.9984438444E-01   -6.9414455097E+00    1.9400986016E+01   -6.4014022522E+01
    9.9984433443E-01   -6.9414455097E+00    1.9400986016E+01   -6.4014022522E+01
    9.9984428443E-01   -6.9414455097E+00    1.9400986016E+01   -6.4014022522E+01
    9.9984423442E-01   -6.9414455097E+00    1.9400986016E+01   -6.4014022522E+01
    9.9984418442E-01   -6.9414455097E+00    1.9400986016E+01   -6.4014022522E+01
    9.9984413441E-01   -6.9414455097E+00    1.9400986016E+01   -6.4014022522E+01
    9.9984408441E-01   -6.9414455097E+00    1.9400986016E+01   -6.4014022522E+01
    9.9984403440E-01   -6.9414455097E+00    1.9400986016E+01   -6.4014022522E+01
    9.9984398440E-01   -6.9414455097E+00    1.9400986016E+01   -6.4014022522E+01
    9.9984393439E-01   -6.9414455097E+00    1.9400986016E+01   -6.4014022522E+01
    9.9984388439E-01   -6.9414455097E+00    1.9400986016E+01   -6.4014022522E+01
    9.9984383438E-01   -6.9414455097E+00    1.9400986016E+01   -6.4014022522E+01
    9.9984378438E-01   -6.9414455097E+00    1.9400986016E+01   -6.4014022522E+01
    9.9984373437E-01   -6.9414455097E+00    1.9400986016E+01   -6.4014022522E+01
    9.9984368437E-01   -6.9414455097E+00    1.9400986016E+01   -6.4014022522E+01
    9.9984363436E-01   -6.9414455097E+00    1.9400986016E+01   -6.4014022522E+01
    9.9984358436E-01   -6.9414455097E+00    1.9400986016E+01   -6.4014022522E+01
    9.9984353435E-01   -6.9414455097E+00    1.9400986016E+01   -6.4014022522E+01
    9.9984348435E-01   -6.9414455097E+00    1.9400986016E+01   -6.4014022522E+01
    9.9984343434E-01   -6.9414455097E+00    1.9400986016E+01   -6.4014022522E+01
    9.9984338434E-01   -6.9414455097E+00    1.9400986016E+01   -6.4014022522E+01
    9.9984333433E-01   -6.9414455097E+00    1.9400986016E+01   -6.4014022522E+01
    9.9984328433E-01   -6.9414455097E+00    1.9400986016E+01   -6.4014022522E+01
    9.9984323432E-01   -6.9414455097E+00    1.9400986016E+01   -6.4014022522E+01
    9.9984318432E-01   -6.9414455097E+00    1.9400986016E+01   -6.4014022522E+01
    9.9984313431E-01   -6.9414455097E+00    1.9400986016E+01   -6.4014022522E+01
    9.9984308431E-01   -6.9414455097E+00    1.9400986016E+01   -6.4014022522E+01
    9.9984303430E-01   -6.9414455097E+00    1.9400986016E+01   -6.4014022522E+01
    9.9984298430E-01   -6.9414455097E+00    1.9400986016E+01   -6.4014022522E+01
    9.9984293429E-01   -6.9414455097E+00    1.9400986016E+01   -6.4014022522E+01
    9.9984288429E-01   -6.9414455097E+00    1.9400986016E+01   -6.4014022522E+01
    9.9984283428E-01   -6.9414455097E+00    1.9400986016E+01   -6.4014022522E+01
    9.9984278428E-01   -6.9414455097E+00    1.9400986016E+01   -6.4014022522E+01
    9.9984273427E-01   -6.9414455097E+00    1.9400986016E+01   -6.4014022522E+01
    9.9984268427E-01   -6.9414455097E+00    1.9400986016E+01   -6.4014022522E+01
    9.9984263426E-01   -6.9414455097E+00    1.9400986016E+01   -6.4014022522E+01
    9.9984258426E-01   -6.9414455097E+00    1.9400986016E+01   -6.4014022522E+01
    9.9984253425E-01   -6.9414455097E+00    1.9400986016E+01   -6.4014022522E+01
    9.9984248425E-01   -6.9414455097E+00    1.9400986016E+01   -6.4014022522E+01
    9.9984243424E-01   -6.9414455097E+00    1.9400986016E+01   -6.4014022522E+01
    9.9984238424E-01   -6.9414455097E+00    1.9400986016E+01   -6.4014022522E+01
    9.9984233423E-01   -6.9414455097E+00    1.9400986016E+01   -6.4014022522E+01
    9.9984228423E-01   -6.9414455097E+00    1.9400986016E+01   -6.4014022522E+01
    9.9984223422E-01   -6.9414455097E+00    1.9400986016E+01   -6.4014022522E+01
    9.9984218422E-01   -6.9414455097E+00    1.9400986016E+01   -6.4014022522E+01
    9.9984213421E-01   -6.9414455097E+00    1.9400986016E+01   -6.4014022522E+01
    9.9984208421E-01   -6.9414455097E+00    1.9400986016E+01   -6.4014022522E+01
    9.9984203420E-01   -6.9414455097E+00    1.9400986016E+01   -6.4014022522E+01
    9.9984198420E-01   -6.9414455097E+00    1.9400986016E+01   -6.4014022522E+01
    9.9984193419E-01   -6.9414455097E+00    1.9400986016E+01   -6.4014022522E+01
    9.9984188419E-01   -6.9414455097E+00    1.9400986016E+01   -6.4014022522E+01
    9.9984183418E-01   -6.9414455097E+00    1.9400986016E+01   -6.4014022522E+01
    9.9984178418E-01   -6.9414455097E+00    1.9400986016E+01   -6.4014022522E+01
    9.9984173417E-01   -6.9414455097E+00    1.9400986016E+01   -6.4014022522E+01
    9.9984168417E-01   -6.9414455097E+00    1.9400986016E+01   -6.4014022522E+01
    9.9984163416E-01   -6.9414455097E+00    1.9400986016E+01   -6.4014022522E+01
    9.9984158416E-01   -6.9414455097E+00    1.9400986016E+01   -6.4014022522E+01
    9.9984153415E-01   -6.9414455097E+00    1.9400986016E+01   -6.4014022522E+01
    9.9984148415E-01   -6.9414455097E+00    1.9400986016E+01   -6.4014022522E+01
    9.9984143414E-01   -6.9414455097E+00    1.9400986016E+01   -6.4014022522E+01
    9.9984138414E-01   -6.9414455097E+00    1.9400986016E+01   -6.4014022522E+01
    9.9984133413E-01   -6.9414455097E+00    1.9400986016E+01   -6.4014022522E+01
    9.9984128413E-01   -6.9414455097E+00    1.9400986016E+01   -6.4014022522E+01
    9.9984123412E-01   -6.9414455097E+00    1.9400986016E+01   -6.4014022522E+01
    9.9984118412E-01   -6.9414455097E+00    1.9400986016E+01   -6.4014022522E+01
    9.9984113411E-01   -6.9414455097E+00    1.9400986016E+01   -6.4014022522E+01
    9.9984108411E-01   -6.9414455097E+00    1.9400986016E+01   -6.4014022522E+01
    9.9984103410E-01   -6.9414455097E+00    1.9400986016E+01   -6.4014022522E+01
    9.9984098410E-01   -6.9414455097E+00    1.9400986016E+01   -6.4014022522E+01
    9.9984093409E-01   -6.9414455097E+00    1.9400986016E+01   -6.4014022522E+01
    9.9984088409E-01   -6.9414455097E+00    1.9400986016E+01   -6.4014022522E+01
    9.9984083408E-01   -6.9414455097E+00    1.9400986016E+01   -6.4014022522E+01
    9.9984078408E-01   -6.9414455097E+00    1.9400986016E+01   -6.4014022522E+01
    9.9984073407E-01   -6.9414455097E+00    1.9400986016E+01   -6.4014022522E+01
    9.9984068407E-01   -6.9414455097E+00    1.9400986016E+01   -6.4014022522E+01
    9.9984063406E-01   -6.9414455097E+00    1.9400986016E+01   -6.4014022522E+01
    9.9984058406E-01   -6.9414455097E+00    1.9400986016E+01   -6.4014022522E+01
    9.9984053405E-01   -6.9414455097E+00    1.9400986016E+01   -6.4014022522E+01
    9.9984048405E-01   -6.9414455097E+00    1.9400986016E+01   -6.4014022522E+01
    9.9984043404E-01   -6.9414455097E+00    1.9400986016E+01   -6.4014022522E+01
    9.9984038404E-01   -6.9414455097E+00    1.9400986016E+01   -6.4014022522E+01
    9.9984033403E-01   -6.9414455097E+00    1.9400986016E+01   -6.4014022522E+01
    9.9984028403E-01   -6.9414455097E+00    1.9400986016E+01   -6.4014022522E+01
    9.9984023402E-01   -6.9414455097E+00    1.9400986016E+01   -6.4014022522E+01
    9.9984018402E-01   -6.9414455097E+00    1.9400986016E+01   -6.4014022522E+01
    9.9984013401E-01   -6.9414455097E+00    1.9400986016E+01   -6.4014022522E+01
    9.9984008401E-01   -6.9414455097E+00    1.9400986016E+01   -6.4014022522E+01
    9.9984003400E-01   -6.9414455097E+00    1.9400986016E+01   -6.4014022522E+01
    9.9983998400E-01   -6.9414455097E+00    1.9400986016E+01   -6.4014022522E+01
    9.9983993399E-01   -6.9414455097E+00    1.9400986016E+01   -6.4014022522E+01
    9.9983988399E-01   -6.9414455097E+00    1.9400986016E+01   -6.4014022522E+01
    9.9983983398E-01   -6.9414455097E+00    1.9400986016E+01   -6.4014022522E+01
    9.9983978398E-01   -6.9414455097E+00    1.9400986016E+01   -6.4014022522E+01
    9.9983973397E-01   -6.9414455097E+00    1.9400986016E+01   -6.4014022522E+01
    9.9983968397E-01   -6.9414455097E+00    1.9400986016E+01   -6.4014022522E+01
    9.9983963396E-01   -6.9414455097E+00    1.9400986016E+01   -6.4014022522E+01
    9.9983958396E-01   -6.9414455097E+00    1.9400986016E+01   -6.4014022522E+01
    9.9983953395E-01   -6.9414455097E+00    1.9400986016E+01   -6.4014022522E+01
    9.9983948395E-01   -6.9414455097E+00    1.9400986016E+01   -6.4014022522E+01
    9.9983943394E-01   -6.9414455097E+00    1.9400986016E+01   -6.4014022522E+01
    9.9983938394E-01   -6.9414455097E+00    1.9400986016E+01   -6.4014022522E+01
    9.9983933393E-01   -6.9414455097E+00    1.9400986016E+01   -6.4014022522E+01
    9.9983928393E-01   -6.9414455097E+00    1.9400986016E+01   -6.4014022522E+01
    9.9983923392E-01   -6.9414455097E+00    1.9400986016E+01   -6.4014022522E+01
    9.9983918392E-01   -6.9414455097E+00    1.9400986016E+01   -6.4014022522E+01
    9.9983913391E-01   -6.9414455097E+00    1.9400986016E+01   -6.4014022522E+01
    9.9983908391E-01   -6.9414455097E+00    1.9400986016E+01   -6.4014022522E+01
    9.9983903390E-01   -6.9414455097E+00    1.9400986016E+01   -6.4014022522E+01
    9.9983898390E-01   -6.9414455097E+00    1.9400986016E+01   -6.4014022522E+01
    9.9983893389E-01   -6.9414455097E+00    1.9400986016E+01   -6.4014022522E+01
    9.9983888389E-01   -6.9414455097E+00    1.9400986016E+01   -6.4014022522E+01
    9.9983883388E-01   -6.9414455097E+00    1.9400986016E+01   -6.4014022522E+01
    9.9983878388E-01   -6.9414455097E+00    1.9400986016E+01   -6.4014022522E+01
    9.9983873387E-01   -6.9414455097E+00    1.9400986016E+01   -6.4014022522E+01
    9.9983868387E-01   -6.9414455097E+00    1.9400986016E+01   -6.4014022522E+01
    9.9983863386E-01   -6.9414455097E+00    1.9400986016E+01   -6.4014022522E+01
    9.9983858386E-01   -6.9414455097E+00    1.9400986016E+01   -6.4014022522E+01
    9.9983853385E-01   -6.9414455097E+00    1.9400986016E+01   -6.4014022522E+01
    9.9983848385E-01   -6.9414455097E+00    1.9400986016E+01   -6.4014022522E+01
    9.9983843384E-01   -6.9414455097E+00    1.9400986016E+01   -6.4014022522E+01
    9.9983838384E-01   -6.9414455097E+00    1.9400986016E+01   -6.4014022522E+01
    9.9983833383E-01   -6.9414455097E+00    1.9400986016E+01   -6.4014022522E+01
    9.9983828383E-01   -6.9414455097E+00    1.9400986016E+01   -6.4014022522E+01
    9.9983823382E-01   -6.9414455097E+00    1.9400986016E+01   -6.4014022522E+01
    9.9983818382E-01   -6.9414455097E+00    1.9400986016E+01   -6.4014022522E+01
    9.9983813381E-01   -6.9414455097E+00    1.9400986016E+01   -6.4014022522E+01
    9.9983808381E-01   -6.9414455097E+00    1.9400986016E+01   -6.4014022522E+01
    9.9983803380E-01   -6.9414455097E+00    1.9400986016E+01   -6.4014022522E+01
    9.9983798380E-01   -6.9414455097E+00    1.9400986016E+01   -6.4014022522E+01
    9.9983793379E-01   -6.9414455097E+00    1.9400986016E+01   -6.4014022522E+01
    9.9983788379E-01   -6.9414455097E+00    1.9400986016E+01   -6.4014022522E+01
    9.9983783378E-01   -6.9414455097E+00    1.9400986016E+01   -6.4014022522E+01
    9.9983778378E-01   -6.9414455097E+00    1.9400986016E+01   -6.4014022522E+01
    9.9983773377E-01   -6.9414455097E+00    1.9400986016E+01   -6.4014022522E+01
    9.9983768377E-01   -6.9414455097E+00    1.9400986016E+01   -6.4014022522E+01
    9.9983763376E-01   -6.9414455097E+00    1.9400986016E+01   -6.4014022522E+01
    9.9983758376E-01   -6.9414455097E+00    1.9400986016E+01   -6.4014022522E+01
    9.9983753375E-01   -6.9414455097E+00    1.9400986016E+01   -6.4014022522E+01
    9.9983748375E-01   -6.9414455097E+00    1.9400986016E+01   -6.4014022522E+01
    9.9983743374E-01   -6.9414455097E+00    1.9400986016E+01   -6.4014022522E+01
    9.9983738374E-01   -6.9414455097E+00    1.9400986016E+01   -6.4014022522E+01
    9.9983733373E-01   -6.9414455097E+00    1.9400986016E+01   -6.4014022522E+01
    9.9983728373E-01   -6.9414455097E+00    1.9400986016E+01   -6.4014022522E+01
    9.9983723372E-01   -6.9414455097E+00    1.9400986016E+01   -6.4014022522E+01
    9.9983718372E-01   -6.9414455097E+00    1.9400986016E+01   -6.4014022522E+01
    9.9983713371E-01   -6.9414455097E+00    1.9400986016E+01   -6.4014022522E+01
    9.9983708371E-01   -6.9414455097E+00    1.9400986016E+01   -6.4014022522E+01
    9.9983703370E-01   -6.9414455097E+00    1.9400986016E+01   -6.4014022522E+01
    9.9983698370E-01   -6.9414455097E+00    1.9400986016E+01   -6.4014022522E+01
    9.9983693369E-01   -6.9414455097E+00    1.9400986016E+01   -6.4014022522E+01
    9.9983688369E-01   -6.9414455097E+00    1.9400986016E+01   -6.4014022522E+01
    9.9983683368E-01   -6.9414455097E+00    1.9400986016E+01   -6.4014022522E+01
    9.9983678368E-01   -6.9414455097E+00    1.9400986016E+01   -6.4014022522E+01
    9.9983673367E-01   -6.9414455097E+00    1.9400986016E+01   -6.4014022522E+01
    9.9983668367E-01   -6.9414455097E+00    1.9400986016E+01   -6.4014022522E+01
    9.9983663366E-01   -6.9414455097E+00    1.9400986016E+01   -6.4014022522E+01
    9.9983658366E-01   -6.9414455097E+00    1.9400986016E+01   -6.4014022522E+01
    9.9983653365E-01   -6.9414455097E+00    1.9400986016E+01   -6.4014022522E+01
    9.9983648365E-01   -6.9414455097E+00    1.9400986016E+01   -6.4014022522E+01
    9.9983643364E-01   -6.9414455097E+00    1.9400986016E+01   -6.4014022522E+01
    9.9983638364E-01   -6.9414455097E+00    1.9400986016E+01   -6.4014022522E+01
    9.9983633363E-01   -6.9414455097E+00    1.9400986016E+01   -6.4014022522E+01
    9.9983628363E-01   -6.9414455097E+00    1.9400986016E+01   -6.4014022522E+01
    9.9983623362E-01   -6.9414455097E+00    1.9400986016E+01   -6.4014022522E+01
    9.9983618362E-01   -6.9414455097E+00    1.9400986016E+01   -6.4014022522E+01
    9.9983613361E-01   -6.9414455097E+00    1.9400986016E+01   -6.4014022522E+01
    9.9983608361E-01   -6.9414455097E+00    1.9400986016E+01   -6.4014022522E+01
    9.9983603360E-01   -6.9414455097E+00    1.9400986016E+01   -6.4014022522E+01
    9.9983598360E-01   -6.9414455097E+00    1.9400986016E+01   -6.4014022522E+01
    9.9983593359E-01   -6.9414455097E+00    1.9400986016E+01   -6.4014022522E+01
    9.9983588359E-01   -6.9414455097E+00    1.9400986016E+01   -6.4014022522E+01
    9.9983583358E-01   -6.9414455097E+00    1.9400986016E+01   -6.4014022522E+01
    9.9983578358E-01   -6.9414455097E+00    1.9400986016E+01   -6.4014022522E+01
    9.9983573357E-01   -6.9414455097E+00    1.9400986016E+01   -6.4014022522E+01
    9.9983568357E-01   -6.9414455097E+00    1.9400986016E+01   -6.4014022522E+01
    9.9983563356E-01   -6.9414455097E+00    1.9400986016E+01   -6.4014022522E+01
    9.9983558356E-01   -6.9414455097E+00    1.9400986016E+01   -6.4014022522E+01
    9.9983553355E-01   -6.9414455097E+00    1.9400986016E+01   -6.4014022522E+01
    9.9983548355E-01   -6.9414455097E+00    1.9400986016E+01   -6.4014022522E+01
    9.9983543354E-01   -6.9414455097E+00    1.9400986016E+01   -6.4014022522E+01
    9.9983538354E-01   -6.9414455097E+00    1.9400986016E+01   -6.4014022522E+01
    9.9983533353E-01   -6.9414455097E+00    1.9400986016E+01   -6.4014022522E+01
    9.9983528353E-01   -6.9414455097E+00    1.9400986016E+01   -6.4014022522E+01
    9.9983523352E-01   -6.9414455097E+00    1.9400986016E+01   -6.4014022522E+01
    9.9983518352E-01   -6.9414455097E+00    1.9400986016E+01   -6.4014022522E+01
    9.9983513351E-01   -6.9414455097E+00    1.9400986016E+01   -6.4014022522E+01
    9.9983508351E-01   -6.9414455097E+00    1.9400986016E+01   -6.4014022522E+01
    9.9983503350E-01   -6.9414455097E+00    1.9400986016E+01   -6.4014022522E+01
    9.9983498350E-01   -6.9414455097E+00    1.9400986016E+01   -6.4014022522E+01
    9.9983493349E-01   -6.9414455097E+00    1.9400986016E+01   -6.4014022522E+01
    9.9983488349E-01   -6.9414455097E+00    1.9400986016E+01   -6.4014022522E+01
    9.9983483348E-01   -6.9414455097E+00    1.9400986016E+01   -6.4014022522E+01
    9.9983478348E-01   -6.9414455097E+00    1.9400986016E+01   -6.4014022522E+01
    9.9983473347E-01   -6.9414455097E+00    1.9400986016E+01   -6.4014022522E+01
    9.9983468347E-01   -6.9414455097E+00    1.9400986016E+01   -6.4014022522E+01
    9.9983463346E-01   -6.9414455097E+00    1.9400986016E+01   -6.4014022522E+01
    9.9983458346E-01   -6.9414455097E+00    1.9400986016E+01   -6.4014022522E+01
    9.9983453345E-01   -6.9414455097E+00    1.9400986016E+01   -6.4014022522E+01
    9.9983448345E-01   -6.9414455097E+00    1.9400986016E+01   -6.4014022522E+01
    9.9983443344E-01   -6.9414455097E+00    1.9400986016E+01   -6.4014022522E+01
    9.9983438344E-01   -6.9414455097E+00    1.9400986016E+01   -6.4014022522E+01
    9.9983433343E-01   -6.9414455097E+00    1.9400986016E+01   -6.4014022522E+01
    9.9983428343E-01   -6.9414455097E+00    1.9400986016E+01   -6.4014022522E+01
    9.9983423342E-01   -6.9414455097E+00    1.9400986016E+01   -6.4014022522E+01
    9.9983418342E-01   -6.9414455097E+00    1.9400986016E+01   -6.4014022522E+01
    9.9983413341E-01   -6.9414455097E+00    1.9400986016E+01   -6.4014022522E+01
    9.9983408341E-01   -6.9414455097E+00    1.9400986016E+01   -6.4014022522E+01
    9.9983403340E-01   -6.9414455097E+00    1.9400986016E+01   -6.4014022522E+01
    9.9983398340E-01   -6.9414455097E+00    1.9400986016E+01   -6.4014022522E+01
    9.9983393339E-01   -6.9414455097E+00    1.9400986016E+01   -6.4014022522E+01
    9.9983388339E-01   -6.9414455097E+00    1.9400986016E+01   -6.4014022522E+01
    9.9983383338E-01   -6.9414455097E+00    1.9400986016E+01   -6.4014022522E+01
    9.9983378338E-01   -6.9414455097E+00    1.9400986016E+01   -6.4014022522E+01
    9.9983373337E-01   -6.9414455097E+00    1.9400986016E+01   -6.4014022522E+01
    9.9983368337E-01   -6.9414455097E+00    1.9400986016E+01   -6.4014022522E+01
    9.9983363336E-01   -6.9414455097E+00    1.9400986016E+01   -6.4014022522E+01
    9.9983358336E-01   -6.9414455097E+00    1.9400986016E+01   -6.4014022522E+01
    9.9983353335E-01   -6.9414455097E+00    1.9400986016E+01   -6.4014022522E+01
    9.9983348335E-01   -6.9414455097E+00    1.9400986016E+01   -6.4014022522E+01
    9.9983343334E-01   -6.9414455097E+00    1.9400986016E+01   -6.4014022522E+01
    9.9983338334E-01   -6.9414455097E+00    1.9400986016E+01   -6.4014022522E+01
    9.9983333333E-01   -6.9414455097E+00    1.9400986016E+01   -6.4014022522E+01
    9.9983328333E-01   -6.9414455097E+00    1.9400986016E+01   -6.4014022522E+01
    9.9983323332E-01   -6.9414455097E+00    1.9400986016E+01   -6.4014022522E+01
    9.9983318332E-01   -6.9414455097E+00    1.9400986016E+01   -6.4014022522E+01
    9.9983313331E-01   -6.9414455097E+00    1.9400986016E+01   -6.4014022522E+01
    9.9983308331E-01   -6.9414455097E+00    1.9400986016E+01   -6.4014022522E+01
    9.9983303330E-01   -6.9414455097E+00    1.9400986016E+01   -6.4014022522E+01
    9.9983298330E-01   -6.9414455097E+00    1.9400986016E+01   -6.4014022522E+01
    9.9983293329E-01   -6.9414455097E+00    1.9400986016E+01   -6.4014022522E+01
    9.9983288329E-01   -6.9414455097E+00    1.9400986016E+01   -6.4014022522E+01
    9.9983283328E-01   -6.9414455097E+00    1.9400986016E+01   -6.4014022522E+01
    9.9983278328E-01   -6.9414455097E+00    1.9400986016E+01   -6.4014022522E+01
    9.9983273327E-01   -6.9414455097E+00    1.9400986016E+01   -6.4014022522E+01
    9.9983268327E-01   -6.9414455097E+00    1.9400986016E+01   -6.4014022522E+01
    9.9983263326E-01   -6.9414455097E+00    1.9400986016E+01   -6.4014022522E+01
    9.9983258326E-01   -6.9414455097E+00    1.9400986016E+01   -6.4014022522E+01
    9.9983253325E-01   -6.9414455097E+00    1.9400986016E+01   -6.4014022522E+01
    9.9983248325E-01   -6.9414455097E+00    1.9400986016E+01   -6.4014022522E+01
    9.9983243324E-01   -6.9414455097E+00    1.9400986016E+01   -6.4014022522E+01
    9.9983238324E-01   -6.9414455097E+00    1.9400986016E+01   -6.4014022522E+01
    9.9983233323E-01   -6.9414455097E+00    1.9400986016E+01   -6.4014022522E+01
    9.9983228323E-01   -6.9414455097E+00    1.9400986016E+01   -6.4014022522E+01
    9.9983223322E-01   -6.9414455097E+00    1.9400986016E+01   -6.4014022522E+01
    9.9983218322E-01   -6.9414455097E+00    1.9400986016E+01   -6.4014022522E+01
    9.9983213321E-01   -6.9414455097E+00    1.9400986016E+01   -6.4014022522E+01
    9.9983208321E-01   -6.9414455097E+00    1.9400986016E+01   -6.4014022522E+01
    9.9983203320E-01   -6.9414455097E+00    1.9400986016E+01   -6.4014022522E+01
    9.9983198320E-01   -6.9414455097E+00    1.9400986016E+01   -6.4014022522E+01
    9.9983193319E-01   -6.9414455097E+00    1.9400986016E+01   -6.4014022522E+01
    9.9983188319E-01   -6.9414455097E+00    1.9400986016E+01   -6.4014022522E+01
    9.9983183318E-01   -6.9414455097E+00    1.9400986016E+01   -6.4014022522E+01
    9.9983178318E-01   -6.9414455097E+00    1.9400986016E+01   -6.4014022522E+01
    9.9983173317E-01   -6.9414455097E+00    1.9400986016E+01   -6.4014022522E+01
    9.9983168317E-01   -6.9414455097E+00    1.9400986016E+01   -6.4014022522E+01
    9.9983163316E-01   -6.9414455097E+00    1.9400986016E+01   -6.4014022522E+01
    9.9983158316E-01   -6.9414455097E+00    1.9400986016E+01   -6.4014022522E+01
    9.9983153315E-01   -6.9414455097E+00    1.9400986016E+01   -6.4014022522E+01
    9.9983148315E-01   -6.9414455097E+00    1.9400986016E+01   -6.4014022522E+01
    9.9983143314E-01   -6.9414455097E+00    1.9400986016E+01   -6.4014022522E+01
    9.9983138314E-01   -6.9414455097E+00    1.9400986016E+01   -6.4014022522E+01
    9.9983133313E-01   -6.9414455097E+00    1.9400986016E+01   -6.4014022522E+01
    9.9983128313E-01   -6.9414455097E+00    1.9400986016E+01   -6.4014022522E+01
    9.9983123312E-01   -6.9414455097E+00    1.9400986016E+01   -6.4014022522E+01
    9.9983118312E-01   -6.9414455097E+00    1.9400986016E+01   -6.4014022522E+01
    9.9983113311E-01   -6.9414455097E+00    1.9400986016E+01   -6.4014022522E+01
    9.9983108311E-01   -6.9414455097E+00    1.9400986016E+01   -6.4014022522E+01
    9.9983103310E-01   -6.9414455097E+00    1.9400986016E+01   -6.4014022522E+01
    9.9983098310E-01   -6.9414455097E+00    1.9400986016E+01   -6.4014022522E+01
    9.9983093309E-01   -6.9414455097E+00    1.9400986016E+01   -6.4014022522E+01
    9.9983088309E-01   -6.9414455097E+00    1.9400986016E+01   -6.4014022522E+01
    9.9983083308E-01   -6.9414455097E+00    1.9400986016E+01   -6.4014022522E+01
    9.9983078308E-01   -6.9414455097E+00    1.9400986016E+01   -6.4014022522E+01
    9.9983073307E-01   -6.9414455097E+00    1.9400986016E+01   -6.4014022522E+01
    9.9983068307E-01   -6.9414455097E+00    1.9400986016E+01   -6.4014022522E+01
    9.9983063306E-01   -6.9414455097E+00    1.9400986016E+01   -6.4014022522E+01
    9.9983058306E-01   -6.9414455097E+00    1.9400986016E+01   -6.4014022522E+01
    9.9983053305E-01   -6.9414455097E+00    1.9400986016E+01   -6.4014022522E+01
    9.9983048305E-01   -6.9414455097E+00    1.9400986016E+01   -6.4014022522E+01
    9.9983043304E-01   -6.9414455097E+00    1.9400986016E+01   -6.4014022522E+01
    9.9983038304E-01   -6.9414455097E+00    1.9400986016E+01   -6.4014022522E+01
    9.9983033303E-01   -6.9414455097E+00    1.9400986016E+01   -6.4014022522E+01
    9.9983028303E-01   -6.9414455097E+00    1.9400986016E+01   -6.4014022522E+01
    9.9983023302E-01   -6.9414455097E+00    1.9400986016E+01   -6.4014022522E+01
    9.9983018302E-01   -6.9414455097E+00    1.9400986016E+01   -6.4014022522E+01
    9.9983013301E-01   -6.9414455097E+00    1.9400986016E+01   -6.4014022522E+01
    9.9983008301E-01   -6.9414455097E+00    1.9400986016E+01   -6.4014022522E+01
    9.9983003300E-01   -6.9414455097E+00    1.9400986016E+01   -6.4014022522E+01
    9.9982998300E-01   -6.9414455097E+00    1.9400986016E+01   -6.4014022522E+01
    9.9982993299E-01   -6.9414455097E+00    1.9400986016E+01   -6.4014022522E+01
    9.9982988299E-01   -6.9414455097E+00    1.9400986016E+01   -6.4014022522E+01
    9.9982983298E-01   -6.9414455097E+00    1.9400986016E+01   -6.4014022522E+01
    9.9982978298E-01   -6.9414455097E+00    1.9400986016E+01   -6.4014022522E+01
    9.9982973297E-01   -6.9414455097E+00    1.9400986016E+01   -6.4014022522E+01
    9.9982968297E-01   -6.9414455097E+00    1.9400986016E+01   -6.4014022522E+01
    9.9982963296E-01   -6.9414455097E+00    1.9400986016E+01   -6.4014022522E+01
    9.9982958296E-01   -6.9414455097E+00    1.9400986016E+01   -6.4014022522E+01
    9.9982953295E-01   -6.9414455097E+00    1.9400986016E+01   -6.4014022522E+01
    9.9982948295E-01   -6.9414455097E+00    1.9400986016E+01   -6.4014022522E+01
    9.9982943294E-01   -6.9414455097E+00    1.9400986016E+01   -6.4014022522E+01
    9.9982938294E-01   -6.9414455097E+00    1.9400986016E+01   -6.4014022522E+01
    9.9982933293E-01   -6.9414455097E+00    1.9400986016E+01   -6.4014022522E+01
    9.9982928293E-01   -6.9414455097E+00    1.9400986016E+01   -6.4014022522E+01
    9.9982923292E-01   -6.9414455097E+00    1.9400986016E+01   -6.4014022522E+01
    9.9982918292E-01   -6.9414455097E+00    1.9400986016E+01   -6.4014022522E+01
    9.9982913291E-01   -6.9414455097E+00    1.9400986016E+01   -6.4014022522E+01
    9.9982908291E-01   -6.9414455097E+00    1.9400986016E+01   -6.4014022522E+01
    9.9982903290E-01   -6.9414455097E+00    1.9400986016E+01   -6.4014022522E+01
    9.9982898290E-01   -6.9414455097E+00    1.9400986016E+01   -6.4014022522E+01
    9.9982893289E-01   -6.9414455097E+00    1.9400986016E+01   -6.4014022522E+01
    9.9982888289E-01   -6.9414455097E+00    1.9400986016E+01   -6.4014022522E+01
    9.9982883288E-01   -6.9414455097E+00    1.9400986016E+01   -6.4014022522E+01
    9.9982878288E-01   -6.9414455097E+00    1.9400986016E+01   -6.4014022522E+01
    9.9982873287E-01   -6.9414455097E+00    1.9400986016E+01   -6.4014022522E+01
    9.9982868287E-01   -6.9414455097E+00    1.9400986016E+01   -6.4014022522E+01
    9.9982863286E-01   -6.9414455097E+00    1.9400986016E+01   -6.4014022522E+01
    9.9982858286E-01   -6.9414455097E+00    1.9400986016E+01   -6.4014022522E+01
    9.9982853285E-01   -6.9414455097E+00    1.9400986016E+01   -6.4014022522E+01
    9.9982848285E-01   -6.9414455097E+00    1.9400986016E+01   -6.4014022522E+01
    9.9982843284E-01   -6.9414455097E+00    1.9400986016E+01   -6.4014022522E+01
    9.9982838284E-01   -6.9414455097E+00    1.9400986016E+01   -6.4014022522E+01
    9.9982833283E-01   -6.9414455097E+00    1.9400986016E+01   -6.4014022522E+01
    9.9982828283E-01   -6.9414455097E+00    1.9400986016E+01   -6.4014022522E+01
    9.9982823282E-01   -6.9414455097E+00    1.9400986016E+01   -6.4014022522E+01
    9.9982818282E-01   -6.9414455097E+00    1.9400986016E+01   -6.4014022522E+01
    9.9982813281E-01   -6.9414455097E+00    1.9400986016E+01   -6.4014022522E+01
    9.9982808281E-01   -6.9414455097E+00    1.9400986016E+01   -6.4014022522E+01
    9.9982803280E-01   -6.9414455097E+00    1.9400986016E+01   -6.4014022522E+01
    9.9982798280E-01   -6.9414455097E+00    1.9400986016E+01   -6.4014022522E+01
    9.9982793279E-01   -6.9414455097E+00    1.9400986016E+01   -6.4014022522E+01
    9.9982788279E-01   -6.9414455097E+00    1.9400986016E+01   -6.4014022522E+01
    9.9982783278E-01   -6.9414455097E+00    1.9400986016E+01   -6.4014022522E+01
    9.9982778278E-01   -6.9414455097E+00    1.9400986016E+01   -6.4014022522E+01
    9.9982773277E-01   -6.9414455097E+00    1.9400986016E+01   -6.4014022522E+01
    9.9982768277E-01   -6.9414455097E+00    1.9400986016E+01   -6.4014022522E+01
    9.9982763276E-01   -6.9414455097E+00    1.9400986016E+01   -6.4014022522E+01
    9.9982758276E-01   -6.9414455097E+00    1.9400986016E+01   -6.4014022522E+01
    9.9982753275E-01   -6.9414455097E+00    1.9400986016E+01   -6.4014022522E+01
    9.9982748275E-01   -6.9414455097E+00    1.9400986016E+01   -6.4014022522E+01
    9.9982743274E-01   -6.9414455097E+00    1.9400986016E+01   -6.4014022522E+01
    9.9982738274E-01   -6.9414455097E+00    1.9400986016E+01   -6.4014022522E+01
    9.9982733273E-01   -6.9414455097E+00    1.9400986016E+01   -6.4014022522E+01
    9.9982728273E-01   -6.9414455097E+00    1.9400986016E+01   -6.4014022522E+01
    9.9982723272E-01   -6.9414455097E+00    1.9400986016E+01   -6.4014022522E+01
    9.9982718272E-01   -6.9414455097E+00    1.9400986016E+01   -6.4014022522E+01
    9.9982713271E-01   -6.9414455097E+00    1.9400986016E+01   -6.4014022522E+01
    9.9982708271E-01   -6.9414455097E+00    1.9400986016E+01   -6.4014022522E+01
    9.9982703270E-01   -6.9414455097E+00    1.9400986016E+01   -6.4014022522E+01
    9.9982698270E-01   -6.9414455097E+00    1.9400986016E+01   -6.4014022522E+01
    9.9982693269E-01   -6.9414455097E+00    1.9400986016E+01   -6.4014022522E+01
    9.9982688269E-01   -6.9414455097E+00    1.9400986016E+01   -6.4014022522E+01
    9.9982683268E-01   -6.9414455097E+00    1.9400986016E+01   -6.4014022522E+01
    9.9982678268E-01   -6.9414455097E+00    1.9400986016E+01   -6.4014022522E+01
    9.9982673267E-01   -6.9414455097E+00    1.9400986016E+01   -6.4014022522E+01
    9.9982668267E-01   -6.9414455097E+00    1.9400986016E+01   -6.4014022522E+01
    9.9982663266E-01   -6.9414455097E+00    1.9400986016E+01   -6.4014022522E+01
    9.9982658266E-01   -6.9414455097E+00    1.9400986016E+01   -6.4014022522E+01
    9.9982653265E-01   -6.9414455097E+00    1.9400986016E+01   -6.4014022522E+01
    9.9982648265E-01   -6.9414455097E+00    1.9400986016E+01   -6.4014022522E+01
    9.9982643264E-01   -6.9414455097E+00    1.9400986016E+01   -6.4014022522E+01
    9.9982638264E-01   -6.9414455097E+00    1.9400986016E+01   -6.4014022522E+01
    9.9982633263E-01   -6.9414455097E+00    1.9400986016E+01   -6.4014022522E+01
    9.9982628263E-01   -6.9414455097E+00    1.9400986016E+01   -6.4014022522E+01
    9.9982623262E-01   -6.9414455097E+00    1.9400986016E+01   -6.4014022522E+01
    9.9982618262E-01   -6.9414455097E+00    1.9400986016E+01   -6.4014022522E+01
    9.9982613261E-01   -6.9414455097E+00    1.9400986016E+01   -6.4014022522E+01
    9.9982608261E-01   -6.9414455097E+00    1.9400986016E+01   -6.4014022522E+01
    9.9982603260E-01   -6.9414455097E+00    1.9400986016E+01   -6.4014022522E+01
    9.9982598260E-01   -6.9414455097E+00    1.9400986016E+01   -6.4014022522E+01
    9.9982593259E-01   -6.9414455097E+00    1.9400986016E+01   -6.4014022522E+01
    9.9982588259E-01   -6.9414455097E+00    1.9400986016E+01   -6.4014022522E+01
    9.9982583258E-01   -6.9414455097E+00    1.9400986016E+01   -6.4014022522E+01
    9.9982578258E-01   -6.9414455097E+00    1.9400986016E+01   -6.4014022522E+01
    9.9982573257E-01   -6.9414455097E+00    1.9400986016E+01   -6.4014022522E+01
    9.9982568257E-01   -6.9414455097E+00    1.9400986016E+01   -6.4014022522E+01
    9.9982563256E-01   -6.9414455097E+00    1.9400986016E+01   -6.4014022522E+01
    9.9982558256E-01   -6.9414455097E+00    1.9400986016E+01   -6.4014022522E+01
    9.9982553255E-01   -6.9414455097E+00    1.9400986016E+01   -6.4014022522E+01
    9.9982548255E-01   -6.9414455097E+00    1.9400986016E+01   -6.4014022522E+01
    9.9982543254E-01   -6.9414455097E+00    1.9400986016E+01   -6.4014022522E+01
    9.9982538254E-01   -6.9414455097E+00    1.9400986016E+01   -6.4014022522E+01
    9.9982533253E-01   -6.9414455097E+00    1.9400986016E+01   -6.4014022522E+01
    9.9982528253E-01   -6.9414455097E+00    1.9400986016E+01   -6.4014022522E+01
    9.9982523252E-01   -6.9414455097E+00    1.9400986016E+01   -6.4014022522E+01
    9.9982518252E-01   -6.9414455097E+00    1.9400986016E+01   -6.4014022522E+01
    9.9982513251E-01   -6.9414455097E+00    1.9400986016E+01   -6.4014022522E+01
    9.9982508251E-01   -6.9414455097E+00    1.9400986016E+01   -6.4014022522E+01
    9.9982503250E-01   -6.9414455097E+00    1.9400986016E+01   -6.4014022522E+01
    9.9982498250E-01   -6.9414455097E+00    1.9400986016E+01   -6.4014022522E+01
    9.9982493249E-01   -6.9414455097E+00    1.9400986016E+01   -6.4014022522E+01
    9.9982488249E-01   -6.9414455097E+00    1.9400986016E+01   -6.4014022522E+01
    9.9982483248E-01   -6.9414455097E+00    1.9400986016E+01   -6.4014022522E+01
    9.9982478248E-01   -6.9414455097E+00    1.9400986016E+01   -6.4014022522E+01
    9.9982473247E-01   -6.9414455097E+00    1.9400986016E+01   -6.4014022522E+01
    9.9982468247E-01   -6.9414455097E+00    1.9400986016E+01   -6.4014022522E+01
    9.9982463246E-01   -6.9414455097E+00    1.9400986016E+01   -6.4014022522E+01
    9.9982458246E-01   -6.9414455097E+00    1.9400986016E+01   -6.4014022522E+01
    9.9982453245E-01   -6.9414455097E+00    1.9400986016E+01   -6.4014022522E+01
    9.9982448245E-01   -6.9414455097E+00    1.9400986016E+01   -6.4014022522E+01
    9.9982443244E-01   -6.9414455097E+00    1.9400986016E+01   -6.4014022522E+01
    9.9982438244E-01   -6.9414455097E+00    1.9400986016E+01   -6.4014022522E+01
    9.9982433243E-01   -6.9414455097E+00    1.9400986016E+01   -6.4014022522E+01
    9.9982428243E-01   -6.9414455097E+00    1.9400986016E+01   -6.4014022522E+01
    9.9982423242E-01   -6.9414455097E+00    1.9400986016E+01   -6.4014022522E+01
    9.9982418242E-01   -6.9414455097E+00    1.9400986016E+01   -6.4014022522E+01
    9.9982413241E-01   -6.9414455097E+00    1.9400986016E+01   -6.4014022522E+01
    9.9982408241E-01   -6.9414455097E+00    1.9400986016E+01   -6.4014022522E+01
    9.9982403240E-01   -6.9414455097E+00    1.9400986016E+01   -6.4014022522E+01
    9.9982398240E-01   -6.9414455097E+00    1.9400986016E+01   -6.4014022522E+01
    9.9982393239E-01   -6.9414455097E+00    1.9400986016E+01   -6.4014022522E+01
    9.9982388239E-01   -6.9414455097E+00    1.9400986016E+01   -6.4014022522E+01
    9.9982383238E-01   -6.9414455097E+00    1.9400986016E+01   -6.4014022522E+01
    9.9982378238E-01   -6.9414455097E+00    1.9400986016E+01   -6.4014022522E+01
    9.9982373237E-01   -6.9414455097E+00    1.9400986016E+01   -6.4014022522E+01
    9.9982368237E-01   -6.9414455097E+00    1.9400986016E+01   -6.4014022522E+01
    9.9982363236E-01   -6.9414455097E+00    1.9400986016E+01   -6.4014022522E+01
    9.9982358236E-01   -6.9414455097E+00    1.9400986016E+01   -6.4014022522E+01
    9.9982353235E-01   -6.9414455097E+00    1.9400986016E+01   -6.4014022522E+01
    9.9982348235E-01   -6.9414455097E+00    1.9400986016E+01   -6.4014022522E+01
    9.9982343234E-01   -6.9414455097E+00    1.9400986016E+01   -6.4014022522E+01
    9.9982338234E-01   -6.9414455097E+00    1.9400986016E+01   -6.4014022522E+01
    9.9982333233E-01   -6.9414455097E+00    1.9400986016E+01   -6.4014022522E+01
    9.9982328233E-01   -6.9414455097E+00    1.9400986016E+01   -6.4014022522E+01
    9.9982323232E-01   -6.9414455097E+00    1.9400986016E+01   -6.4014022522E+01
    9.9982318232E-01   -6.9414455097E+00    1.9400986016E+01   -6.4014022522E+01
    9.9982313231E-01   -6.9414455097E+00    1.9400986016E+01   -6.4014022522E+01
    9.9982308231E-01   -6.9414455097E+00    1.9400986016E+01   -6.4014022522E+01
    9.9982303230E-01   -6.9414455097E+00    1.9400986016E+01   -6.4014022522E+01
    9.9982298230E-01   -6.9414455097E+00    1.9400986016E+01   -6.4014022522E+01
    9.9982293229E-01   -6.9414455097E+00    1.9400986016E+01   -6.4014022522E+01
    9.9982288229E-01   -6.9414455097E+00    1.9400986016E+01   -6.4014022522E+01
    9.9982283228E-01   -6.9414455097E+00    1.9400986016E+01   -6.4014022522E+01
    9.9982278228E-01   -6.9414455097E+00    1.9400986016E+01   -6.4014022522E+01
    9.9982273227E-01   -6.9414455097E+00    1.9400986016E+01   -6.4014022522E+01
    9.9982268227E-01   -6.9414455097E+00    1.9400986016E+01   -6.4014022522E+01
    9.9982263226E-01   -6.9414455097E+00    1.9400986016E+01   -6.4014022522E+01
    9.9982258226E-01   -6.9414455097E+00    1.9400986016E+01   -6.4014022522E+01
    9.9982253225E-01   -6.9414455097E+00    1.9400986016E+01   -6.4014022522E+01
    9.9982248225E-01   -6.9414455097E+00    1.9400986016E+01   -6.4014022522E+01
    9.9982243224E-01   -6.9414455097E+00    1.9400986016E+01   -6.4014022522E+01
    9.9982238224E-01   -6.9414455097E+00    1.9400986016E+01   -6.4014022522E+01
    9.9982233223E-01   -6.9414455097E+00    1.9400986016E+01   -6.4014022522E+01
    9.9982228223E-01   -6.9414455097E+00    1.9400986016E+01   -6.4014022522E+01
    9.9982223222E-01   -6.9414455097E+00    1.9400986016E+01   -6.4014022522E+01
    9.9982218222E-01   -6.9414455097E+00    1.9400986016E+01   -6.4014022522E+01
    9.9982213221E-01   -6.9414455097E+00    1.9400986016E+01   -6.4014022522E+01
    9.9982208221E-01   -6.9414455097E+00    1.9400986016E+01   -6.4014022522E+01
    9.9982203220E-01   -6.9414455097E+00    1.9400986016E+01   -6.4014022522E+01
    9.9982198220E-01   -6.9414455097E+00    1.9400986016E+01   -6.4014022522E+01
    9.9982193219E-01   -6.9414455097E+00    1.9400986016E+01   -6.4014022522E+01
    9.9982188219E-01   -6.9414455097E+00    1.9400986016E+01   -6.4014022522E+01
    9.9982183218E-01   -6.9414455097E+00    1.9400986016E+01   -6.4014022522E+01
    9.9982178218E-01   -6.9414455097E+00    1.9400986016E+01   -6.4014022522E+01
    9.9982173217E-01   -6.9414455097E+00    1.9400986016E+01   -6.4014022522E+01
    9.9982168217E-01   -6.9414455097E+00    1.9400986016E+01   -6.4014022522E+01
    9.9982163216E-01   -6.9414455097E+00    1.9400986016E+01   -6.4014022522E+01
    9.9982158216E-01   -6.9414455097E+00    1.9400986016E+01   -6.4014022522E+01
    9.9982153215E-01   -6.9414455097E+00    1.9400986016E+01   -6.4014022522E+01
    9.9982148215E-01   -6.9414455097E+00    1.9400986016E+01   -6.4014022522E+01
    9.9982143214E-01   -6.9414455097E+00    1.9400986016E+01   -6.4014022522E+01
    9.9982138214E-01   -6.9414455097E+00    1.9400986016E+01   -6.4014022522E+01
    9.9982133213E-01   -6.9414455097E+00    1.9400986016E+01   -6.4014022522E+01
    9.9982128213E-01   -6.9414455097E+00    1.9400986016E+01   -6.4014022522E+01
    9.9982123212E-01   -6.9414455097E+00    1.9400986016E+01   -6.4014022522E+01
    9.9982118212E-01   -6.9414455097E+00    1.9400986016E+01   -6.4014022522E+01
    9.9982113211E-01   -6.9414455097E+00    1.9400986016E+01   -6.4014022522E+01
    9.9982108211E-01   -6.9414455097E+00    1.9400986016E+01   -6.4014022522E+01
    9.9982103210E-01   -6.9414455097E+00    1.9400986016E+01   -6.4014022522E+01
    9.9982098210E-01   -6.9414455097E+00    1.9400986016E+01   -6.4014022522E+01
    9.9982093209E-01   -6.9414455097E+00    1.9400986016E+01   -6.4014022522E+01
    9.9982088209E-01   -6.9414455097E+00    1.9400986016E+01   -6.4014022522E+01
    9.9982083208E-01   -6.9414455097E+00    1.9400986016E+01   -6.4014022522E+01
    9.9982078208E-01   -6.9414455097E+00    1.9400986016E+01   -6.4014022522E+01
    9.9982073207E-01   -6.9414455097E+00    1.9400986016E+01   -6.4014022522E+01
    9.9982068207E-01   -6.9414455097E+00    1.9400986016E+01   -6.4014022522E+01
    9.9982063206E-01   -6.9414455097E+00    1.9400986016E+01   -6.4014022522E+01
    9.9982058206E-01   -6.9414455097E+00    1.9400986016E+01   -6.4014022522E+01
    9.9982053205E-01   -6.9414455097E+00    1.9400986016E+01   -6.4014022522E+01
    9.9982048205E-01   -6.9414455097E+00    1.9400986016E+01   -6.4014022522E+01
    9.9982043204E-01   -6.9414455097E+00    1.9400986016E+01   -6.4014022522E+01
    9.9982038204E-01   -6.9414455097E+00    1.9400986016E+01   -6.4014022522E+01
    9.9982033203E-01   -6.9414455097E+00    1.9400986016E+01   -6.4014022522E+01
    9.9982028203E-01   -6.9414455097E+00    1.9400986016E+01   -6.4014022522E+01
    9.9982023202E-01   -6.9414455097E+00    1.9400986016E+01   -6.4014022522E+01
    9.9982018202E-01   -6.9414455097E+00    1.9400986016E+01   -6.4014022522E+01
    9.9982013201E-01   -6.9414455097E+00    1.9400986016E+01   -6.4014022522E+01
    9.9982008201E-01   -6.9414455097E+00    1.9400986016E+01   -6.4014022522E+01
    9.9982003200E-01   -6.9414455097E+00    1.9400986016E+01   -6.4014022522E+01
    9.9981998200E-01   -6.9414455097E+00    1.9400986016E+01   -6.4014022522E+01
    9.9981993199E-01   -6.9414455097E+00    1.9400986016E+01   -6.4014022522E+01
    9.9981988199E-01   -6.9414455097E+00    1.9400986016E+01   -6.4014022522E+01
    9.9981983198E-01   -6.9414455097E+00    1.9400986016E+01   -6.4014022522E+01
    9.9981978198E-01   -6.9414455097E+00    1.9400986016E+01   -6.4014022522E+01
    9.9981973197E-01   -6.9414455097E+00    1.9400986016E+01   -6.4014022522E+01
    9.9981968197E-01   -6.9414455097E+00    1.9400986016E+01   -6.4014022522E+01
    9.9981963196E-01   -6.9414455097E+00    1.9400986016E+01   -6.4014022522E+01
    9.9981958196E-01   -6.9414455097E+00    1.9400986016E+01   -6.4014022522E+01
    9.9981953195E-01   -6.9414455097E+00    1.9400986016E+01   -6.4014022522E+01
    9.9981948195E-01   -6.9414455097E+00    1.9400986016E+01   -6.4014022522E+01
    9.9981943194E-01   -6.9414455097E+00    1.9400986016E+01   -6.4014022522E+01
    9.9981938194E-01   -6.9414455097E+00    1.9400986016E+01   -6.4014022522E+01
    9.9981933193E-01   -6.9414455097E+00    1.9400986016E+01   -6.4014022522E+01
    9.9981928193E-01   -6.9414455097E+00    1.9400986016E+01   -6.4014022522E+01
    9.9981923192E-01   -6.9414455097E+00    1.9400986016E+01   -6.4014022522E+01
    9.9981918192E-01   -6.9414455097E+00    1.9400986016E+01   -6.4014022522E+01
    9.9981913191E-01   -6.9414455097E+00    1.9400986016E+01   -6.4014022522E+01
    9.9981908191E-01   -6.9414455097E+00    1.9400986016E+01   -6.4014022522E+01
    9.9981903190E-01   -6.9414455097E+00    1.9400986016E+01   -6.4014022522E+01
    9.9981898190E-01   -6.9414455097E+00    1.9400986016E+01   -6.4014022522E+01
    9.9981893189E-01   -6.9414455097E+00    1.9400986016E+01   -6.4014022522E+01
    9.9981888189E-01   -6.9414455097E+00    1.9400986016E+01   -6.4014022522E+01
    9.9981883188E-01   -6.9414455097E+00    1.9400986016E+01   -6.4014022522E+01
    9.9981878188E-01   -6.9414455097E+00    1.9400986016E+01   -6.4014022522E+01
    9.9981873187E-01   -6.9414455097E+00    1.9400986016E+01   -6.4014022522E+01
    9.9981868187E-01   -6.9414455097E+00    1.9400986016E+01   -6.4014022522E+01
    9.9981863186E-01   -6.9414455097E+00    1.9400986016E+01   -6.4014022522E+01
    9.9981858186E-01   -6.9414455097E+00    1.9400986016E+01   -6.4014022522E+01
    9.9981853185E-01   -6.9414455097E+00    1.9400986016E+01   -6.4014022522E+01
    9.9981848185E-01   -6.9414455097E+00    1.9400986016E+01   -6.4014022522E+01
    9.9981843184E-01   -6.9414455097E+00    1.9400986016E+01   -6.4014022522E+01
    9.9981838184E-01   -6.9414455097E+00    1.9400986016E+01   -6.4014022522E+01
    9.9981833183E-01   -6.9414455097E+00    1.9400986016E+01   -6.4014022522E+01
    9.9981828183E-01   -6.9414455097E+00    1.9400986016E+01   -6.4014022522E+01
    9.9981823182E-01   -6.9414455097E+00    1.9400986016E+01   -6.4014022522E+01
    9.9981818182E-01   -6.9414455097E+00    1.9400986016E+01   -6.4014022522E+01
    9.9981813181E-01   -6.9414455097E+00    1.9400986016E+01   -6.4014022522E+01
    9.9981808181E-01   -6.9414455097E+00    1.9400986016E+01   -6.4014022522E+01
    9.9981803180E-01   -6.9414455097E+00    1.9400986016E+01   -6.4014022522E+01
    9.9981798180E-01   -6.9414455097E+00    1.9400986016E+01   -6.4014022522E+01
    9.9981793179E-01   -6.9414455097E+00    1.9400986016E+01   -6.4014022522E+01
    9.9981788179E-01   -6.9414455097E+00    1.9400986016E+01   -6.4014022522E+01
    9.9981783178E-01   -6.9414455097E+00    1.9400986016E+01   -6.4014022522E+01
    9.9981778178E-01   -6.9414455097E+00    1.9400986016E+01   -6.4014022522E+01
    9.9981773177E-01   -6.9414455097E+00    1.9400986016E+01   -6.4014022522E+01
    9.9981768177E-01   -6.9414455097E+00    1.9400986016E+01   -6.4014022522E+01
    9.9981763176E-01   -6.9414455097E+00    1.9400986016E+01   -6.4014022522E+01
    9.9981758176E-01   -6.9414455097E+00    1.9400986016E+01   -6.4014022522E+01
    9.9981753175E-01   -6.9414455097E+00    1.9400986016E+01   -6.4014022522E+01
    9.9981748175E-01   -6.9414455097E+00    1.9400986016E+01   -6.4014022522E+01
    9.9981743174E-01   -6.9414455097E+00    1.9400986016E+01   -6.4014022522E+01
    9.9981738174E-01   -6.9414455097E+00    1.9400986016E+01   -6.4014022522E+01
    9.9981733173E-01   -6.9414455097E+00    1.9400986016E+01   -6.4014022522E+01
    9.9981728173E-01   -6.9414455097E+00    1.9400986016E+01   -6.4014022522E+01
    9.9981723172E-01   -6.9414455097E+00    1.9400986016E+01   -6.4014022522E+01
    9.9981718172E-01   -6.9414455097E+00    1.9400986016E+01   -6.4014022522E+01
    9.9981713171E-01   -6.9414455097E+00    1.9400986016E+01   -6.4014022522E+01
    9.9981708171E-01   -6.9414455097E+00    1.9400986016E+01   -6.4014022522E+01
    9.9981703170E-01   -6.9414455097E+00    1.9400986016E+01   -6.4014022522E+01
    9.9981698170E-01   -6.9414455097E+00    1.9400986016E+01   -6.4014022522E+01
    9.9981693169E-01   -6.9414455097E+00    1.9400986016E+01   -6.4014022522E+01
    9.9981688169E-01   -6.9414455097E+00    1.9400986016E+01   -6.4014022522E+01
    9.9981683168E-01   -6.9414455097E+00    1.9400986016E+01   -6.4014022522E+01
    9.9981678168E-01   -6.9414455097E+00    1.9400986016E+01   -6.4014022522E+01
    9.9981673167E-01   -6.9414455097E+00    1.9400986016E+01   -6.4014022522E+01
    9.9981668167E-01   -6.9414455097E+00    1.9400986016E+01   -6.4014022522E+01
    9.9981663166E-01   -6.9414455097E+00    1.9400986016E+01   -6.4014022522E+01
    9.9981658166E-01   -6.9414455097E+00    1.9400986016E+01   -6.4014022522E+01
    9.9981653165E-01   -6.9414455097E+00    1.9400986016E+01   -6.4014022522E+01
    9.9981648165E-01   -6.9414455097E+00    1.9400986016E+01   -6.4014022522E+01
    9.9981643164E-01   -6.9414455097E+00    1.9400986016E+01   -6.4014022522E+01
    9.9981638164E-01   -6.9414455097E+00    1.9400986016E+01   -6.4014022522E+01
    9.9981633163E-01   -6.9414455097E+00    1.9400986016E+01   -6.4014022522E+01
    9.9981628163E-01   -6.9414455097E+00    1.9400986016E+01   -6.4014022522E+01
    9.9981623162E-01   -6.9414455097E+00    1.9400986016E+01   -6.4014022522E+01
    9.9981618162E-01   -6.9414455097E+00    1.9400986016E+01   -6.4014022522E+01
    9.9981613161E-01   -6.9414455097E+00    1.9400986016E+01   -6.4014022522E+01
    9.9981608161E-01   -6.9414455097E+00    1.9400986016E+01   -6.4014022522E+01
    9.9981603160E-01   -6.9414455097E+00    1.9400986016E+01   -6.4014022522E+01
    9.9981598160E-01   -6.9414455097E+00    1.9400986016E+01   -6.4014022522E+01
    9.9981593159E-01   -6.9414455097E+00    1.9400986016E+01   -6.4014022522E+01
    9.9981588159E-01   -6.9414455097E+00    1.9400986016E+01   -6.4014022522E+01
    9.9981583158E-01   -6.9414455097E+00    1.9400986016E+01   -6.4014022522E+01
    9.9981578158E-01   -6.9414455097E+00    1.9400986016E+01   -6.4014022522E+01
    9.9981573157E-01   -6.9414455097E+00    1.9400986016E+01   -6.4014022522E+01
    9.9981568157E-01   -6.9414455097E+00    1.9400986016E+01   -6.4014022522E+01
    9.9981563156E-01   -6.9414455097E+00    1.9400986016E+01   -6.4014022522E+01
    9.9981558156E-01   -6.9414455097E+00    1.9400986016E+01   -6.4014022522E+01
    9.9981553155E-01   -6.9414455097E+00    1.9400986016E+01   -6.4014022522E+01
    9.9981548155E-01   -6.9414455097E+00    1.9400986016E+01   -6.4014022522E+01
    9.9981543154E-01   -6.9414455097E+00    1.9400986016E+01   -6.4014022522E+01
    9.9981538154E-01   -6.9414455097E+00    1.9400986016E+01   -6.4014022522E+01
    9.9981533153E-01   -6.9414455097E+00    1.9400986016E+01   -6.4014022522E+01
    9.9981528153E-01   -6.9414455097E+00    1.9400986016E+01   -6.4014022522E+01
    9.9981523152E-01   -6.9414455097E+00    1.9400986016E+01   -6.4014022522E+01
    9.9981518152E-01   -6.9414455097E+00    1.9400986016E+01   -6.4014022522E+01
    9.9981513151E-01   -6.9414455097E+00    1.9400986016E+01   -6.4014022522E+01
    9.9981508151E-01   -6.9414455097E+00    1.9400986016E+01   -6.4014022522E+01
    9.9981503150E-01   -6.9414455097E+00    1.9400986016E+01   -6.4014022522E+01
    9.9981498150E-01   -6.9414455097E+00    1.9400986016E+01   -6.4014022522E+01
    9.9981493149E-01   -6.9414455097E+00    1.9400986016E+01   -6.4014022522E+01
    9.9981488149E-01   -6.9414455097E+00    1.9400986016E+01   -6.4014022522E+01
    9.9981483148E-01   -6.9414455097E+00    1.9400986016E+01   -6.4014022522E+01
    9.9981478148E-01   -6.9414455097E+00    1.9400986016E+01   -6.4014022522E+01
    9.9981473147E-01   -6.9414455097E+00    1.9400986016E+01   -6.4014022522E+01
    9.9981468147E-01   -6.9414455097E+00    1.9400986016E+01   -6.4014022522E+01
    9.9981463146E-01   -6.9414455097E+00    1.9400986016E+01   -6.4014022522E+01
    9.9981458146E-01   -6.9414455097E+00    1.9400986016E+01   -6.4014022522E+01
    9.9981453145E-01   -6.9414455097E+00    1.9400986016E+01   -6.4014022522E+01
    9.9981448145E-01   -6.9414455097E+00    1.9400986016E+01   -6.4014022522E+01
    9.9981443144E-01   -6.9414455097E+00    1.9400986016E+01   -6.4014022522E+01
    9.9981438144E-01   -6.9414455097E+00    1.9400986016E+01   -6.4014022522E+01
    9.9981433143E-01   -6.9414455097E+00    1.9400986016E+01   -6.4014022522E+01
    9.9981428143E-01   -6.9414455097E+00    1.9400986016E+01   -6.4014022522E+01
    9.9981423142E-01   -6.9414455097E+00    1.9400986016E+01   -6.4014022522E+01
    9.9981418142E-01   -6.9414455097E+00    1.9400986016E+01   -6.4014022522E+01
    9.9981413141E-01   -6.9414455097E+00    1.9400986016E+01   -6.4014022522E+01
    9.9981408141E-01   -6.9414455097E+00    1.9400986016E+01   -6.4014022522E+01
    9.9981403140E-01   -6.9414455097E+00    1.9400986016E+01   -6.4014022522E+01
    9.9981398140E-01   -6.9414455097E+00    1.9400986016E+01   -6.4014022522E+01
    9.9981393139E-01   -6.9414455097E+00    1.9400986016E+01   -6.4014022522E+01
    9.9981388139E-01   -6.9414455097E+00    1.9400986016E+01   -6.4014022522E+01
    9.9981383138E-01   -6.9414455097E+00    1.9400986016E+01   -6.4014022522E+01
    9.9981378138E-01   -6.9414455097E+00    1.9400986016E+01   -6.4014022522E+01
    9.9981373137E-01   -6.9414455097E+00    1.9400986016E+01   -6.4014022522E+01
    9.9981368137E-01   -6.9414455097E+00    1.9400986016E+01   -6.4014022522E+01
    9.9981363136E-01   -6.9414455097E+00    1.9400986016E+01   -6.4014022522E+01
    9.9981358136E-01   -6.9414455097E+00    1.9400986016E+01   -6.4014022522E+01
    9.9981353135E-01   -6.9414455097E+00    1.9400986016E+01   -6.4014022522E+01
    9.9981348135E-01   -6.9414455097E+00    1.9400986016E+01   -6.4014022522E+01
    9.9981343134E-01   -6.9414455097E+00    1.9400986016E+01   -6.4014022522E+01
    9.9981338134E-01   -6.9414455097E+00    1.9400986016E+01   -6.4014022522E+01
    9.9981333133E-01   -6.9414455097E+00    1.9400986016E+01   -6.4014022522E+01
    9.9981328133E-01   -6.9414455097E+00    1.9400986016E+01   -6.4014022522E+01
    9.9981323132E-01   -6.9414455097E+00    1.9400986016E+01   -6.4014022522E+01
    9.9981318132E-01   -6.9414455097E+00    1.9400986016E+01   -6.4014022522E+01
    9.9981313131E-01   -6.9414455097E+00    1.9400986016E+01   -6.4014022522E+01
    9.9981308131E-01   -6.9414455097E+00    1.9400986016E+01   -6.4014022522E+01
    9.9981303130E-01   -6.9414455097E+00    1.9400986016E+01   -6.4014022522E+01
    9.9981298130E-01   -6.9414455097E+00    1.9400986016E+01   -6.4014022522E+01
    9.9981293129E-01   -6.9414455097E+00    1.9400986016E+01   -6.4014022522E+01
    9.9981288129E-01   -6.9414455097E+00    1.9400986016E+01   -6.4014022522E+01
    9.9981283128E-01   -6.9414455097E+00    1.9400986016E+01   -6.4014022522E+01
    9.9981278128E-01   -6.9414455097E+00    1.9400986016E+01   -6.4014022522E+01
    9.9981273127E-01   -6.9414455097E+00    1.9400986016E+01   -6.4014022522E+01
    9.9981268127E-01   -6.9414455097E+00    1.9400986016E+01   -6.4014022522E+01
    9.9981263126E-01   -6.9414455097E+00    1.9400986016E+01   -6.4014022522E+01
    9.9981258126E-01   -6.9414455097E+00    1.9400986016E+01   -6.4014022522E+01
    9.9981253125E-01   -6.9414455097E+00    1.9400986016E+01   -6.4014022522E+01
    9.9981248125E-01   -6.9414455097E+00    1.9400986016E+01   -6.4014022522E+01
    9.9981243124E-01   -6.9414455097E+00    1.9400986016E+01   -6.4014022522E+01
    9.9981238124E-01   -6.9414455097E+00    1.9400986016E+01   -6.4014022522E+01
    9.9981233123E-01   -6.9414455097E+00    1.9400986016E+01   -6.4014022522E+01
    9.9981228123E-01   -6.9414455097E+00    1.9400986016E+01   -6.4014022522E+01
    9.9981223122E-01   -6.9414455097E+00    1.9400986016E+01   -6.4014022522E+01
    9.9981218122E-01   -6.9414455097E+00    1.9400986016E+01   -6.4014022522E+01
    9.9981213121E-01   -6.9414455097E+00    1.9400986016E+01   -6.4014022522E+01
    9.9981208121E-01   -6.9414455097E+00    1.9400986016E+01   -6.4014022522E+01
    9.9981203120E-01   -6.9414455097E+00    1.9400986016E+01   -6.4014022522E+01
    9.9981198120E-01   -6.9414455097E+00    1.9400986016E+01   -6.4014022522E+01
    9.9981193119E-01   -6.9414455097E+00    1.9400986016E+01   -6.4014022522E+01
    9.9981188119E-01   -6.9414455097E+00    1.9400986016E+01   -6.4014022522E+01
    9.9981183118E-01   -6.9414455097E+00    1.9400986016E+01   -6.4014022522E+01
    9.9981178118E-01   -6.9414455097E+00    1.9400986016E+01   -6.4014022522E+01
    9.9981173117E-01   -6.9414455097E+00    1.9400986016E+01   -6.4014022522E+01
    9.9981168117E-01   -6.9414455097E+00    1.9400986016E+01   -6.4014022522E+01
    9.9981163116E-01   -6.9414455097E+00    1.9400986016E+01   -6.4014022522E+01
    9.9981158116E-01   -6.9414455097E+00    1.9400986016E+01   -6.4014022522E+01
    9.9981153115E-01   -6.9414455097E+00    1.9400986016E+01   -6.4014022522E+01
    9.9981148115E-01   -6.9414455097E+00    1.9400986016E+01   -6.4014022522E+01
    9.9981143114E-01   -6.9414455097E+00    1.9400986016E+01   -6.4014022522E+01
    9.9981138114E-01   -6.9414455097E+00    1.9400986016E+01   -6.4014022522E+01
    9.9981133113E-01   -6.9414455097E+00    1.9400986016E+01   -6.4014022522E+01
    9.9981128113E-01   -6.9414455097E+00    1.9400986016E+01   -6.4014022522E+01
    9.9981123112E-01   -6.9414455097E+00    1.9400986016E+01   -6.4014022522E+01
    9.9981118112E-01   -6.9414455097E+00    1.9400986016E+01   -6.4014022522E+01
    9.9981113111E-01   -6.9414455097E+00    1.9400986016E+01   -6.4014022522E+01
    9.9981108111E-01   -6.9414455097E+00    1.9400986016E+01   -6.4014022522E+01
    9.9981103110E-01   -6.9414455097E+00    1.9400986016E+01   -6.4014022522E+01
    9.9981098110E-01   -6.9414455097E+00    1.9400986016E+01   -6.4014022522E+01
    9.9981093109E-01   -6.9414455097E+00    1.9400986016E+01   -6.4014022522E+01
    9.9981088109E-01   -6.9414455097E+00    1.9400986016E+01   -6.4014022522E+01
    9.9981083108E-01   -6.9414455097E+00    1.9400986016E+01   -6.4014022522E+01
    9.9981078108E-01   -6.9414455097E+00    1.9400986016E+01   -6.4014022522E+01
    9.9981073107E-01   -6.9414455097E+00    1.9400986016E+01   -6.4014022522E+01
    9.9981068107E-01   -6.9414455097E+00    1.9400986016E+01   -6.4014022522E+01
    9.9981063106E-01   -6.9414455097E+00    1.9400986016E+01   -6.4014022522E+01
    9.9981058106E-01   -6.9414455097E+00    1.9400986016E+01   -6.4014022522E+01
    9.9981053105E-01   -6.9414455097E+00    1.9400986016E+01   -6.4014022522E+01
    9.9981048105E-01   -6.9414455097E+00    1.9400986016E+01   -6.4014022522E+01
    9.9981043104E-01   -6.9414455097E+00    1.9400986016E+01   -6.4014022522E+01
    9.9981038104E-01   -6.9414455097E+00    1.9400986016E+01   -6.4014022522E+01
    9.9981033103E-01   -6.9414455097E+00    1.9400986016E+01   -6.4014022522E+01
    9.9981028103E-01   -6.9414455097E+00    1.9400986016E+01   -6.4014022522E+01
    9.9981023102E-01   -6.9414455097E+00    1.9400986016E+01   -6.4014022522E+01
    9.9981018102E-01   -6.9414455097E+00    1.9400986016E+01   -6.4014022522E+01
    9.9981013101E-01   -6.9414455097E+00    1.9400986016E+01   -6.4014022522E+01
    9.9981008101E-01   -6.9414455097E+00    1.9400986016E+01   -6.4014022522E+01
    9.9981003100E-01   -6.9414455097E+00    1.9400986016E+01   -6.4014022522E+01
    9.9980998100E-01   -6.9414455097E+00    1.9400986016E+01   -6.4014022522E+01
    9.9980993099E-01   -6.9414455097E+00    1.9400986016E+01   -6.4014022522E+01
    9.9980988099E-01   -6.9414455097E+00    1.9400986016E+01   -6.4014022522E+01
    9.9980983098E-01   -6.9414455097E+00    1.9400986016E+01   -6.4014022522E+01
    9.9980978098E-01   -6.9414455097E+00    1.9400986016E+01   -6.4014022522E+01
    9.9980973097E-01   -6.9414455097E+00    1.9400986016E+01   -6.4014022522E+01
    9.9980968097E-01   -6.9414455097E+00    1.9400986016E+01   -6.4014022522E+01
    9.9980963096E-01   -6.9414455097E+00    1.9400986016E+01   -6.4014022522E+01
    9.9980958096E-01   -6.9414455097E+00    1.9400986016E+01   -6.4014022522E+01
    9.9980953095E-01   -6.9414455097E+00    1.9400986016E+01   -6.4014022522E+01
    9.9980948095E-01   -6.9414455097E+00    1.9400986016E+01   -6.4014022522E+01
    9.9980943094E-01   -6.9414455097E+00    1.9400986016E+01   -6.4014022522E+01
    9.9980938094E-01   -6.9414455097E+00    1.9400986016E+01   -6.4014022522E+01
    9.9980933093E-01   -6.9414455097E+00    1.9400986016E+01   -6.4014022522E+01
    9.9980928093E-01   -6.9414455097E+00    1.9400986016E+01   -6.4014022522E+01
    9.9980923092E-01   -6.9414455097E+00    1.9400986016E+01   -6.4014022522E+01
    9.9980918092E-01   -6.9414455097E+00    1.9400986016E+01   -6.4014022522E+01
    9.9980913091E-01   -6.9414455097E+00    1.9400986016E+01   -6.4014022522E+01
    9.9980908091E-01   -6.9414455097E+00    1.9400986016E+01   -6.4014022522E+01
    9.9980903090E-01   -6.9414455097E+00    1.9400986016E+01   -6.4014022522E+01
    9.9980898090E-01   -6.9414455097E+00    1.9400986016E+01   -6.4014022522E+01
    9.9980893089E-01   -6.9414455097E+00    1.9400986016E+01   -6.4014022522E+01
    9.9980888089E-01   -6.9414455097E+00    1.9400986016E+01   -6.4014022522E+01
    9.9980883088E-01   -6.9414455097E+00    1.9400986016E+01   -6.4014022522E+01
    9.9980878088E-01   -6.9414455097E+00    1.9400986016E+01   -6.4014022522E+01
    9.9980873087E-01   -6.9414455097E+00    1.9400986016E+01   -6.4014022522E+01
    9.9980868087E-01   -6.9414455097E+00    1.9400986016E+01   -6.4014022522E+01
    9.9980863086E-01   -6.9414455097E+00    1.9400986016E+01   -6.4014022522E+01
    9.9980858086E-01   -6.9414455097E+00    1.9400986016E+01   -6.4014022522E+01
    9.9980853085E-01   -6.9414455097E+00    1.9400986016E+01   -6.4014022522E+01
    9.9980848085E-01   -6.9414455097E+00    1.9400986016E+01   -6.4014022522E+01
    9.9980843084E-01   -6.9414455097E+00    1.9400986016E+01   -6.4014022522E+01
    9.9980838084E-01   -6.9414455097E+00    1.9400986016E+01   -6.4014022522E+01
    9.9980833083E-01   -6.9414455097E+00    1.9400986016E+01   -6.4014022522E+01
    9.9980828083E-01   -6.9414455097E+00    1.9400986016E+01   -6.4014022522E+01
    9.9980823082E-01   -6.9414455097E+00    1.9400986016E+01   -6.4014022522E+01
    9.9980818082E-01   -6.9414455097E+00    1.9400986016E+01   -6.4014022522E+01
    9.9980813081E-01   -6.9414455097E+00    1.9400986016E+01   -6.4014022522E+01
    9.9980808081E-01   -6.9414455097E+00    1.9400986016E+01   -6.4014022522E+01
    9.9980803080E-01   -6.9414455097E+00    1.9400986016E+01   -6.4014022522E+01
    9.9980798080E-01   -6.9414455097E+00    1.9400986016E+01   -6.4014022522E+01
    9.9980793079E-01   -6.9414455097E+00    1.9400986016E+01   -6.4014022522E+01
    9.9980788079E-01   -6.9414455097E+00    1.9400986016E+01   -6.4014022522E+01
    9.9980783078E-01   -6.9414455097E+00    1.9400986016E+01   -6.4014022522E+01
    9.9980778078E-01   -6.9414455097E+00    1.9400986016E+01   -6.4014022522E+01
    9.9980773077E-01   -6.9414455097E+00    1.9400986016E+01   -6.4014022522E+01
    9.9980768077E-01   -6.9414455097E+00    1.9400986016E+01   -6.4014022522E+01
    9.9980763076E-01   -6.9414455097E+00    1.9400986016E+01   -6.4014022522E+01
    9.9980758076E-01   -6.9414455097E+00    1.9400986016E+01   -6.4014022522E+01
    9.9980753075E-01   -6.9414455097E+00    1.9400986016E+01   -6.4014022522E+01
    9.9980748075E-01   -6.9414455097E+00    1.9400986016E+01   -6.4014022522E+01
    9.9980743074E-01   -6.9414455097E+00    1.9400986016E+01   -6.4014022522E+01
    9.9980738074E-01   -6.9414455097E+00    1.9400986016E+01   -6.4014022522E+01
    9.9980733073E-01   -6.9414455097E+00    1.9400986016E+01   -6.4014022522E+01
    9.9980728073E-01   -6.9414455097E+00    1.9400986016E+01   -6.4014022522E+01
    9.9980723072E-01   -6.9414455097E+00    1.9400986016E+01   -6.4014022522E+01
    9.9980718072E-01   -6.9414455097E+00    1.9400986016E+01   -6.4014022522E+01
    9.9980713071E-01   -6.9414455097E+00    1.9400986016E+01   -6.4014022522E+01
    9.9980708071E-01   -6.9414455097E+00    1.9400986016E+01   -6.4014022522E+01
    9.9980703070E-01   -6.9414455097E+00    1.9400986016E+01   -6.4014022522E+01
    9.9980698070E-01   -6.9414455097E+00    1.9400986016E+01   -6.4014022522E+01
    9.9980693069E-01   -6.9414455097E+00    1.9400986016E+01   -6.4014022522E+01
    9.9980688069E-01   -6.9414455097E+00    1.9400986016E+01   -6.4014022522E+01
    9.9980683068E-01   -6.9414455097E+00    1.9400986016E+01   -6.4014022522E+01
    9.9980678068E-01   -6.9414455097E+00    1.9400986016E+01   -6.4014022522E+01
    9.9980673067E-01   -6.9414455097E+00    1.9400986016E+01   -6.4014022522E+01
    9.9980668067E-01   -6.9414455097E+00    1.9400986016E+01   -6.4014022522E+01
    9.9980663066E-01   -6.9414455097E+00    1.9400986016E+01   -6.4014022522E+01
    9.9980658066E-01   -6.9414455097E+00    1.9400986016E+01   -6.4014022522E+01
    9.9980653065E-01   -6.9414455097E+00    1.9400986016E+01   -6.4014022522E+01
    9.9980648065E-01   -6.9414455097E+00    1.9400986016E+01   -6.4014022522E+01
    9.9980643064E-01   -6.9414455097E+00    1.9400986016E+01   -6.4014022522E+01
    9.9980638064E-01   -6.9414455097E+00    1.9400986016E+01   -6.4014022522E+01
    9.9980633063E-01   -6.9414455097E+00    1.9400986016E+01   -6.4014022522E+01
    9.9980628063E-01   -6.9414455097E+00    1.9400986016E+01   -6.4014022522E+01
    9.9980623062E-01   -6.9414455097E+00    1.9400986016E+01   -6.4014022522E+01
    9.9980618062E-01   -6.9414455097E+00    1.9400986016E+01   -6.4014022522E+01
    9.9980613061E-01   -6.9414455097E+00    1.9400986016E+01   -6.4014022522E+01
    9.9980608061E-01   -6.9414455097E+00    1.9400986016E+01   -6.4014022522E+01
    9.9980603060E-01   -6.9414455097E+00    1.9400986016E+01   -6.4014022522E+01
    9.9980598060E-01   -6.9414455097E+00    1.9400986016E+01   -6.4014022522E+01
    9.9980593059E-01   -6.9414455097E+00    1.9400986016E+01   -6.4014022522E+01
    9.9980588059E-01   -6.9414455097E+00    1.9400986016E+01   -6.4014022522E+01
    9.9980583058E-01   -6.9414455097E+00    1.9400986016E+01   -6.4014022522E+01
    9.9980578058E-01   -6.9414455097E+00    1.9400986016E+01   -6.4014022522E+01
    9.9980573057E-01   -6.9414455097E+00    1.9400986016E+01   -6.4014022522E+01
    9.9980568057E-01   -6.9414455097E+00    1.9400986016E+01   -6.4014022522E+01
    9.9980563056E-01   -6.9414455097E+00    1.9400986016E+01   -6.4014022522E+01
    9.9980558056E-01   -6.9414455097E+00    1.9400986016E+01   -6.4014022522E+01
    9.9980553055E-01   -6.9414455097E+00    1.9400986016E+01   -6.4014022522E+01
    9.9980548055E-01   -6.9414455097E+00    1.9400986016E+01   -6.4014022522E+01
    9.9980543054E-01   -6.9414455097E+00    1.9400986016E+01   -6.4014022522E+01
    9.9980538054E-01   -6.9414455097E+00    1.9400986016E+01   -6.4014022522E+01
    9.9980533053E-01   -6.9414455097E+00    1.9400986016E+01   -6.4014022522E+01
    9.9980528053E-01   -6.9414455097E+00    1.9400986016E+01   -6.4014022522E+01
    9.9980523052E-01   -6.9414455097E+00    1.9400986016E+01   -6.4014022522E+01
    9.9980518052E-01   -6.9414455097E+00    1.9400986016E+01   -6.4014022522E+01
    9.9980513051E-01   -6.9414455097E+00    1.9400986016E+01   -6.4014022522E+01
    9.9980508051E-01   -6.9414455097E+00    1.9400986016E+01   -6.4014022522E+01
    9.9980503050E-01   -6.9414455097E+00    1.9400986016E+01   -6.4014022522E+01
    9.9980498050E-01   -6.9414455097E+00    1.9400986016E+01   -6.4014022522E+01
    9.9980493049E-01   -6.9414455097E+00    1.9400986016E+01   -6.4014022522E+01
    9.9980488049E-01   -6.9414455097E+00    1.9400986016E+01   -6.4014022522E+01
    9.9980483048E-01   -6.9414455097E+00    1.9400986016E+01   -6.4014022522E+01
    9.9980478048E-01   -6.9414455097E+00    1.9400986016E+01   -6.4014022522E+01
    9.9980473047E-01   -6.9414455097E+00    1.9400986016E+01   -6.4014022522E+01
    9.9980468047E-01   -6.9414455097E+00    1.9400986016E+01   -6.4014022522E+01
    9.9980463046E-01   -6.9414455097E+00    1.9400986016E+01   -6.4014022522E+01
    9.9980458046E-01   -6.9414455097E+00    1.9400986016E+01   -6.4014022522E+01
    9.9980453045E-01   -6.9414455097E+00    1.9400986016E+01   -6.4014022522E+01
    9.9980448045E-01   -6.9414455097E+00    1.9400986016E+01   -6.4014022522E+01
    9.9980443044E-01   -6.9414455097E+00    1.9400986016E+01   -6.4014022522E+01
    9.9980438044E-01   -6.9414455097E+00    1.9400986016E+01   -6.4014022522E+01
    9.9980433043E-01   -6.9414455097E+00    1.9400986016E+01   -6.4014022522E+01
    9.9980428043E-01   -6.9414455097E+00    1.9400986016E+01   -6.4014022522E+01
    9.9980423042E-01   -6.9414455097E+00    1.9400986016E+01   -6.4014022522E+01
    9.9980418042E-01   -6.9414455097E+00    1.9400986016E+01   -6.4014022522E+01
    9.9980413041E-01   -6.9414455097E+00    1.9400986016E+01   -6.4014022522E+01
    9.9980408041E-01   -6.9414455097E+00    1.9400986016E+01   -6.4014022522E+01
    9.9980403040E-01   -6.9414455097E+00    1.9400986016E+01   -6.4014022522E+01
    9.9980398040E-01   -6.9414455097E+00    1.9400986016E+01   -6.4014022522E+01
    9.9980393039E-01   -6.9414455097E+00    1.9400986016E+01   -6.4014022522E+01
    9.9980388039E-01   -6.9414455097E+00    1.9400986016E+01   -6.4014022522E+01
    9.9980383038E-01   -6.9414455097E+00    1.9400986016E+01   -6.4014022522E+01
    9.9980378038E-01   -6.9414455097E+00    1.9400986016E+01   -6.4014022522E+01
    9.9980373037E-01   -6.9414455097E+00    1.9400986016E+01   -6.4014022522E+01
    9.9980368037E-01   -6.9414455097E+00    1.9400986016E+01   -6.4014022522E+01
    9.9980363036E-01   -6.9414455097E+00    1.9400986016E+01   -6.4014022522E+01
    9.9980358036E-01   -6.9414455097E+00    1.9400986016E+01   -6.4014022522E+01
    9.9980353035E-01   -6.9414455097E+00    1.9400986016E+01   -6.4014022522E+01
    9.9980348035E-01   -6.9414455097E+00    1.9400986016E+01   -6.4014022522E+01
    9.9980343034E-01   -6.9414455097E+00    1.9400986016E+01   -6.4014022522E+01
    9.9980338034E-01   -6.9414455097E+00    1.9400986016E+01   -6.4014022522E+01
    9.9980333033E-01   -6.9414455097E+00    1.9400986016E+01   -6.4014022522E+01
    9.9980328033E-01   -6.9414455097E+00    1.9400986016E+01   -6.4014022522E+01
    9.9980323032E-01   -6.9414455097E+00    1.9400986016E+01   -6.4014022522E+01
    9.9980318032E-01   -6.9414455097E+00    1.9400986016E+01   -6.4014022522E+01
    9.9980313031E-01   -6.9414455097E+00    1.9400986016E+01   -6.4014022522E+01
    9.9980308031E-01   -6.9414455097E+00    1.9400986016E+01   -6.4014022522E+01
    9.9980303030E-01   -6.9414455097E+00    1.9400986016E+01   -6.4014022522E+01
    9.9980298030E-01   -6.9414455097E+00    1.9400986016E+01   -6.4014022522E+01
    9.9980293029E-01   -6.9414455097E+00    1.9400986016E+01   -6.4014022522E+01
    9.9980288029E-01   -6.9414455097E+00    1.9400986016E+01   -6.4014022522E+01
    9.9980283028E-01   -6.9414455097E+00    1.9400986016E+01   -6.4014022522E+01
    9.9980278028E-01   -6.9414455097E+00    1.9400986016E+01   -6.4014022522E+01
    9.9980273027E-01   -6.9414455097E+00    1.9400986016E+01   -6.4014022522E+01
    9.9980268027E-01   -6.9414455097E+00    1.9400986016E+01   -6.4014022522E+01
    9.9980263026E-01   -6.9414455097E+00    1.9400986016E+01   -6.4014022522E+01
    9.9980258026E-01   -6.9414455097E+00    1.9400986016E+01   -6.4014022522E+01
    9.9980253025E-01   -6.9414455097E+00    1.9400986016E+01   -6.4014022522E+01
    9.9980248025E-01   -6.9414455097E+00    1.9400986016E+01   -6.4014022522E+01
    9.9980243024E-01   -6.9414455097E+00    1.9400986016E+01   -6.4014022522E+01
    9.9980238024E-01   -6.9414455097E+00    1.9400986016E+01   -6.4014022522E+01
    9.9980233023E-01   -6.9414455097E+00    1.9400986016E+01   -6.4014022522E+01
    9.9980228023E-01   -6.9414455097E+00    1.9400986016E+01   -6.4014022522E+01
    9.9980223022E-01   -6.9414455097E+00    1.9400986016E+01   -6.4014022522E+01
    9.9980218022E-01   -6.9414455097E+00    1.9400986016E+01   -6.4014022522E+01
    9.9980213021E-01   -6.9414455097E+00    1.9400986016E+01   -6.4014022522E+01
    9.9980208021E-01   -6.9414455097E+00    1.9400986016E+01   -6.4014022522E+01
    9.9980203020E-01   -6.9414455097E+00    1.9400986016E+01   -6.4014022522E+01
    9.9980198020E-01   -6.9414455097E+00    1.9400986016E+01   -6.4014022522E+01
    9.9980193019E-01   -6.9414455097E+00    1.9400986016E+01   -6.4014022522E+01
    9.9980188019E-01   -6.9414455097E+00    1.9400986016E+01   -6.4014022522E+01
    9.9980183018E-01   -6.9414455097E+00    1.9400986016E+01   -6.4014022522E+01
    9.9980178018E-01   -6.9414455097E+00    1.9400986016E+01   -6.4014022522E+01
    9.9980173017E-01   -6.9414455097E+00    1.9400986016E+01   -6.4014022522E+01
    9.9980168017E-01   -6.9414455097E+00    1.9400986016E+01   -6.4014022522E+01
    9.9980163016E-01   -6.9414455097E+00    1.9400986016E+01   -6.4014022522E+01
    9.9980158016E-01   -6.9414455097E+00    1.9400986016E+01   -6.4014022522E+01
    9.9980153015E-01   -6.9414455097E+00    1.9400986016E+01   -6.4014022522E+01
    9.9980148015E-01   -6.9414455097E+00    1.9400986016E+01   -6.4014022522E+01
    9.9980143014E-01   -6.9414455097E+00    1.9400986016E+01   -6.4014022522E+01
    9.9980138014E-01   -6.9414455097E+00    1.9400986016E+01   -6.4014022522E+01
    9.9980133013E-01   -6.9414455097E+00    1.9400986016E+01   -6.4014022522E+01
    9.9980128013E-01   -6.9414455097E+00    1.9400986016E+01   -6.4014022522E+01
    9.9980123012E-01   -6.9414455097E+00    1.9400986016E+01   -6.4014022522E+01
    9.9980118012E-01   -6.9414455097E+00    1.9400986016E+01   -6.4014022522E+01
    9.9980113011E-01   -6.9414455097E+00    1.9400986016E+01   -6.4014022522E+01
    9.9980108011E-01   -6.9414455097E+00    1.9400986016E+01   -6.4014022522E+01
    9.9980103010E-01   -6.9414455097E+00    1.9400986016E+01   -6.4014022522E+01
    9.9980098010E-01   -6.9414455097E+00    1.9400986016E+01   -6.4014022522E+01
    9.9980093009E-01   -6.9414455097E+00    1.9400986016E+01   -6.4014022522E+01
    9.9980088009E-01   -6.9414455097E+00    1.9400986016E+01   -6.4014022522E+01
    9.9980083008E-01   -6.9414455097E+00    1.9400986016E+01   -6.4014022522E+01
    9.9980078008E-01   -6.9414455097E+00    1.9400986016E+01   -6.4014022522E+01
    9.9980073007E-01   -6.9414455097E+00    1.9400986016E+01   -6.4014022522E+01
    9.9980068007E-01   -6.9414455097E+00    1.9400986016E+01   -6.4014022522E+01
    9.9980063006E-01   -6.9414455097E+00    1.9400986016E+01   -6.4014022522E+01
    9.9980058006E-01   -6.9414455097E+00    1.9400986016E+01   -6.4014022522E+01
    9.9980053005E-01   -6.9414455097E+00    1.9400986016E+01   -6.4014022522E+01
    9.9980048005E-01   -6.9414455097E+00    1.9400986016E+01   -6.4014022522E+01
    9.9980043004E-01   -6.9414455097E+00    1.9400986016E+01   -6.4014022522E+01
    9.9980038004E-01   -6.9414455097E+00    1.9400986016E+01   -6.4014022522E+01
    9.9980033003E-01   -6.9414455097E+00    1.9400986016E+01   -6.4014022522E+01
    9.9980028003E-01   -6.9414455097E+00    1.9400986016E+01   -6.4014022522E+01
    9.9980023002E-01   -6.9414455097E+00    1.9400986016E+01   -6.4014022522E+01
    9.9980018002E-01   -6.9414455097E+00    1.9400986016E+01   -6.4014022522E+01
    9.9980013001E-01   -6.9414455097E+00    1.9400986016E+01   -6.4014022522E+01
    9.9980008001E-01   -6.9414455097E+00    1.9400986016E+01   -6.4014022522E+01
    9.9980003000E-01   -6.9414455097E+00    1.9400986016E+01   -6.4014022522E+01
    9.9979998000E-01   -6.9414455097E+00    1.9400986016E+01   -6.4014022522E+01
    9.9979992999E-01   -6.9414455097E+00    1.9400986016E+01   -6.4014022522E+01
    9.9979987999E-01   -6.9414455097E+00    1.9400986016E+01   -6.4014022522E+01
    9.9979982998E-01   -6.9414455097E+00    1.9400986016E+01   -6.4014022522E+01
    9.9979977998E-01   -6.9414455097E+00    1.9400986016E+01   -6.4014022522E+01
    9.9979972997E-01   -6.9414455097E+00    1.9400986016E+01   -6.4014022522E+01
    9.9979967997E-01   -6.9414455097E+00    1.9400986016E+01   -6.4014022522E+01
    9.9979962996E-01   -6.9414455097E+00    1.9400986016E+01   -6.4014022522E+01
    9.9979957996E-01   -6.9414455097E+00    1.9400986016E+01   -6.4014022522E+01
    9.9979952995E-01   -6.9414455097E+00    1.9400986016E+01   -6.4014022522E+01
    9.9979947995E-01   -6.9414455097E+00    1.9400986016E+01   -6.4014022522E+01
    9.9979942994E-01   -6.9414455097E+00    1.9400986016E+01   -6.4014022522E+01
    9.9979937994E-01   -6.9414455097E+00    1.9400986016E+01   -6.4014022522E+01
    9.9979932993E-01   -6.9414455097E+00    1.9400986016E+01   -6.4014022522E+01
    9.9979927993E-01   -6.9414455097E+00    1.9400986016E+01   -6.4014022522E+01
    9.9979922992E-01   -6.9414455097E+00    1.9400986016E+01   -6.4014022522E+01
    9.9979917992E-01   -6.9414455097E+00    1.9400986016E+01   -6.4014022522E+01
    9.9979912991E-01   -6.9414455097E+00    1.9400986016E+01   -6.4014022522E+01
    9.9979907991E-01   -6.9414455097E+00    1.9400986016E+01   -6.4014022522E+01
    9.9979902990E-01   -6.9414455097E+00    1.9400986016E+01   -6.4014022522E+01
    9.9979897990E-01   -6.9414455097E+00    1.9400986016E+01   -6.4014022522E+01
    9.9979892989E-01   -6.9414455097E+00    1.9400986016E+01   -6.4014022522E+01
    9.9979887989E-01   -6.9414455097E+00    1.9400986016E+01   -6.4014022522E+01
    9.9979882988E-01   -6.9414455097E+00    1.9400986016E+01   -6.4014022522E+01
    9.9979877988E-01   -6.9414455097E+00    1.9400986016E+01   -6.4014022522E+01
    9.9979872987E-01   -6.9414455097E+00    1.9400986016E+01   -6.4014022522E+01
    9.9979867987E-01   -6.9414455097E+00    1.9400986016E+01   -6.4014022522E+01
    9.9979862986E-01   -6.9414455097E+00    1.9400986016E+01   -6.4014022522E+01
    9.9979857986E-01   -6.9414455097E+00    1.9400986016E+01   -6.4014022522E+01
    9.9979852985E-01   -6.9414455097E+00    1.9400986016E+01   -6.4014022522E+01
    9.9979847985E-01   -6.9414455097E+00    1.9400986016E+01   -6.4014022522E+01
    9.9979842984E-01   -6.9414455097E+00    1.9400986016E+01   -6.4014022522E+01
    9.9979837984E-01   -6.9414455097E+00    1.9400986016E+01   -6.4014022522E+01
    9.9979832983E-01   -6.9414455097E+00    1.9400986016E+01   -6.4014022522E+01
    9.9979827983E-01   -6.9414455097E+00    1.9400986016E+01   -6.4014022522E+01
    9.9979822982E-01   -6.9414455097E+00    1.9400986016E+01   -6.4014022522E+01
    9.9979817982E-01   -6.9414455097E+00    1.9400986016E+01   -6.4014022522E+01
    9.9979812981E-01   -6.9414455097E+00    1.9400986016E+01   -6.4014022522E+01
    9.9979807981E-01   -6.9414455097E+00    1.9400986016E+01   -6.4014022522E+01
    9.9979802980E-01   -6.9414455097E+00    1.9400986016E+01   -6.4014022522E+01
    9.9979797980E-01   -6.9414455097E+00    1.9400986016E+01   -6.4014022522E+01
    9.9979792979E-01   -6.9414455097E+00    1.9400986016E+01   -6.4014022522E+01
    9.9979787979E-01   -6.9414455097E+00    1.9400986016E+01   -6.4014022522E+01
    9.9979782978E-01   -6.9414455097E+00    1.9400986016E+01   -6.4014022522E+01
    9.9979777978E-01   -6.9414455097E+00    1.9400986016E+01   -6.4014022522E+01
    9.9979772977E-01   -6.9414455097E+00    1.9400986016E+01   -6.4014022522E+01
    9.9979767977E-01   -6.9414455097E+00    1.9400986016E+01   -6.4014022522E+01
    9.9979762976E-01   -6.9414455097E+00    1.9400986016E+01   -6.4014022522E+01
    9.9979757976E-01   -6.9414455097E+00    1.9400986016E+01   -6.4014022522E+01
    9.9979752975E-01   -6.9414455097E+00    1.9400986016E+01   -6.4014022522E+01
    9.9979747975E-01   -6.9414455097E+00    1.9400986016E+01   -6.4014022522E+01
    9.9979742974E-01   -6.9414455097E+00    1.9400986016E+01   -6.4014022522E+01
    9.9979737974E-01   -6.9414455097E+00    1.9400986016E+01   -6.4014022522E+01
    9.9979732973E-01   -6.9414455097E+00    1.9400986016E+01   -6.4014022522E+01
    9.9979727973E-01   -6.9414455097E+00    1.9400986016E+01   -6.4014022522E+01
    9.9979722972E-01   -6.9414455097E+00    1.9400986016E+01   -6.4014022522E+01
    9.9979717972E-01   -6.9414455097E+00    1.9400986016E+01   -6.4014022522E+01
    9.9979712971E-01   -6.9414455097E+00    1.9400986016E+01   -6.4014022522E+01
    9.9979707971E-01   -6.9414455097E+00    1.9400986016E+01   -6.4014022522E+01
    9.9979702970E-01   -6.9414455097E+00    1.9400986016E+01   -6.4014022522E+01
    9.9979697970E-01   -6.9414455097E+00    1.9400986016E+01   -6.4014022522E+01
    9.9979692969E-01   -6.9414455097E+00    1.9400986016E+01   -6.4014022522E+01
    9.9979687969E-01   -6.9414455097E+00    1.9400986016E+01   -6.4014022522E+01
    9.9979682968E-01   -6.9414455097E+00    1.9400986016E+01   -6.4014022522E+01
    9.9979677968E-01   -6.9414455097E+00    1.9400986016E+01   -6.4014022522E+01
    9.9979672967E-01   -6.9414455097E+00    1.9400986016E+01   -6.4014022522E+01
    9.9979667967E-01   -6.9414455097E+00    1.9400986016E+01   -6.4014022522E+01
    9.9979662966E-01   -6.9414455097E+00    1.9400986016E+01   -6.4014022522E+01
    9.9979657966E-01   -6.9414455097E+00    1.9400986016E+01   -6.4014022522E+01
    9.9979652965E-01   -6.9414455097E+00    1.9400986016E+01   -6.4014022522E+01
    9.9979647965E-01   -6.9414455097E+00    1.9400986016E+01   -6.4014022522E+01
    9.9979642964E-01   -6.9414455097E+00    1.9400986016E+01   -6.4014022522E+01
    9.9979637964E-01   -6.9414455097E+00    1.9400986016E+01   -6.4014022522E+01
    9.9979632963E-01   -6.9414455097E+00    1.9400986016E+01   -6.4014022522E+01
    9.9979627963E-01   -6.9414455097E+00    1.9400986016E+01   -6.4014022522E+01
    9.9979622962E-01   -6.9414455097E+00    1.9400986016E+01   -6.4014022522E+01
    9.9979617962E-01   -6.9414455097E+00    1.9400986016E+01   -6.4014022522E+01
    9.9979612961E-01   -6.9414455097E+00    1.9400986016E+01   -6.4014022522E+01
    9.9979607961E-01   -6.9414455097E+00    1.9400986016E+01   -6.4014022522E+01
    9.9979602960E-01   -6.9414455097E+00    1.9400986016E+01   -6.4014022522E+01
    9.9979597960E-01   -6.9414455097E+00    1.9400986016E+01   -6.4014022522E+01
    9.9979592959E-01   -6.9414455097E+00    1.9400986016E+01   -6.4014022522E+01
    9.9979587959E-01   -6.9414455097E+00    1.9400986016E+01   -6.4014022522E+01
    9.9979582958E-01   -6.9414455097E+00    1.9400986016E+01   -6.4014022522E+01
    9.9979577958E-01   -6.9414455097E+00    1.9400986016E+01   -6.4014022522E+01
    9.9979572957E-01   -6.9414455097E+00    1.9400986016E+01   -6.4014022522E+01
    9.9979567957E-01   -6.9414455097E+00    1.9400986016E+01   -6.4014022522E+01
    9.9979562956E-01   -6.9414455097E+00    1.9400986016E+01   -6.4014022522E+01
    9.9979557956E-01   -6.9414455097E+00    1.9400986016E+01   -6.4014022522E+01
    9.9979552955E-01   -6.9414455097E+00    1.9400986016E+01   -6.4014022522E+01
    9.9979547955E-01   -6.9414455097E+00    1.9400986016E+01   -6.4014022522E+01
    9.9979542954E-01   -6.9414455097E+00    1.9400986016E+01   -6.4014022522E+01
    9.9979537954E-01   -6.9414455097E+00    1.9400986016E+01   -6.4014022522E+01
    9.9979532953E-01   -6.9414455097E+00    1.9400986016E+01   -6.4014022522E+01
    9.9979527953E-01   -6.9414455097E+00    1.9400986016E+01   -6.4014022522E+01
    9.9979522952E-01   -6.9414455097E+00    1.9400986016E+01   -6.4014022522E+01
    9.9979517952E-01   -6.9414455097E+00    1.9400986016E+01   -6.4014022522E+01
    9.9979512951E-01   -6.9414455097E+00    1.9400986016E+01   -6.4014022522E+01
    9.9979507951E-01   -6.9414455097E+00    1.9400986016E+01   -6.4014022522E+01
    9.9979502950E-01   -6.9414455097E+00    1.9400986016E+01   -6.4014022522E+01
    9.9979497950E-01   -6.9414455097E+00    1.9400986016E+01   -6.4014022522E+01
    9.9979492949E-01   -6.9414455097E+00    1.9400986016E+01   -6.4014022522E+01
    9.9979487949E-01   -6.9414455097E+00    1.9400986016E+01   -6.4014022522E+01
    9.9979482948E-01   -6.9414455097E+00    1.9400986016E+01   -6.4014022522E+01
    9.9979477948E-01   -6.9414455097E+00    1.9400986016E+01   -6.4014022522E+01
    9.9979472947E-01   -6.9414455097E+00    1.9400986016E+01   -6.4014022522E+01
    9.9979467947E-01   -6.9414455097E+00    1.9400986016E+01   -6.4014022522E+01
    9.9979462946E-01   -6.9414455097E+00    1.9400986016E+01   -6.4014022522E+01
    9.9979457946E-01   -6.9414455097E+00    1.9400986016E+01   -6.4014022522E+01
    9.9979452945E-01   -6.9414455097E+00    1.9400986016E+01   -6.4014022522E+01
    9.9979447945E-01   -6.9414455097E+00    1.9400986016E+01   -6.4014022522E+01
    9.9979442944E-01   -6.9414455097E+00    1.9400986016E+01   -6.4014022522E+01
    9.9979437944E-01   -6.9414455097E+00    1.9400986016E+01   -6.4014022522E+01
    9.9979432943E-01   -6.9414455097E+00    1.9400986016E+01   -6.4014022522E+01
    9.9979427943E-01   -6.9414455097E+00    1.9400986016E+01   -6.4014022522E+01
    9.9979422942E-01   -6.9414455097E+00    1.9400986016E+01   -6.4014022522E+01
    9.9979417942E-01   -6.9414455097E+00    1.9400986016E+01   -6.4014022522E+01
    9.9979412941E-01   -6.9414455097E+00    1.9400986016E+01   -6.4014022522E+01
    9.9979407941E-01   -6.9414455097E+00    1.9400986016E+01   -6.4014022522E+01
    9.9979402940E-01   -6.9414455097E+00    1.9400986016E+01   -6.4014022522E+01
    9.9979397940E-01   -6.9414455097E+00    1.9400986016E+01   -6.4014022522E+01
    9.9979392939E-01   -6.9414455097E+00    1.9400986016E+01   -6.4014022522E+01
    9.9979387939E-01   -6.9414455097E+00    1.9400986016E+01   -6.4014022522E+01
    9.9979382938E-01   -6.9414455097E+00    1.9400986016E+01   -6.4014022522E+01
    9.9979377938E-01   -6.9414455097E+00    1.9400986016E+01   -6.4014022522E+01
    9.9979372937E-01   -6.9414455097E+00    1.9400986016E+01   -6.4014022522E+01
    9.9979367937E-01   -6.9414455097E+00    1.9400986016E+01   -6.4014022522E+01
    9.9979362936E-01   -6.9414455097E+00    1.9400986016E+01   -6.4014022522E+01
    9.9979357936E-01   -6.9414455097E+00    1.9400986016E+01   -6.4014022522E+01
    9.9979352935E-01   -6.9414455097E+00    1.9400986016E+01   -6.4014022522E+01
    9.9979347935E-01   -6.9414455097E+00    1.9400986016E+01   -6.4014022522E+01
    9.9979342934E-01   -6.9414455097E+00    1.9400986016E+01   -6.4014022522E+01
    9.9979337934E-01   -6.9414455097E+00    1.9400986016E+01   -6.4014022522E+01
    9.9979332933E-01   -6.9414455097E+00    1.9400986016E+01   -6.4014022522E+01
    9.9979327933E-01   -6.9414455097E+00    1.9400986016E+01   -6.4014022522E+01
    9.9979322932E-01   -6.9414455097E+00    1.9400986016E+01   -6.4014022522E+01
    9.9979317932E-01   -6.9414455097E+00    1.9400986016E+01   -6.4014022522E+01
    9.9979312931E-01   -6.9414455097E+00    1.9400986016E+01   -6.4014022522E+01
    9.9979307931E-01   -6.9414455097E+00    1.9400986016E+01   -6.4014022522E+01
    9.9979302930E-01   -6.9414455097E+00    1.9400986016E+01   -6.4014022522E+01
    9.9979297930E-01   -6.9414455097E+00    1.9400986016E+01   -6.4014022522E+01
    9.9979292929E-01   -6.9414455097E+00    1.9400986016E+01   -6.4014022522E+01
    9.9979287929E-01   -6.9414455097E+00    1.9400986016E+01   -6.4014022522E+01
    9.9979282928E-01   -6.9414455097E+00    1.9400986016E+01   -6.4014022522E+01
    9.9979277928E-01   -6.9414455097E+00    1.9400986016E+01   -6.4014022522E+01
    9.9979272927E-01   -6.9414455097E+00    1.9400986016E+01   -6.4014022522E+01
    9.9979267927E-01   -6.9414455097E+00    1.9400986016E+01   -6.4014022522E+01
    9.9979262926E-01   -6.9414455097E+00    1.9400986016E+01   -6.4014022522E+01
    9.9979257926E-01   -6.9414455097E+00    1.9400986016E+01   -6.4014022522E+01
    9.9979252925E-01   -6.9414455097E+00    1.9400986016E+01   -6.4014022522E+01
    9.9979247925E-01   -6.9414455097E+00    1.9400986016E+01   -6.4014022522E+01
    9.9979242924E-01   -6.9414455097E+00    1.9400986016E+01   -6.4014022522E+01
    9.9979237924E-01   -6.9414455097E+00    1.9400986016E+01   -6.4014022522E+01
    9.9979232923E-01   -6.9414455097E+00    1.9400986016E+01   -6.4014022522E+01
    9.9979227923E-01   -6.9414455097E+00    1.9400986016E+01   -6.4014022522E+01
    9.9979222922E-01   -6.9414455097E+00    1.9400986016E+01   -6.4014022522E+01
    9.9979217922E-01   -6.9414455097E+00    1.9400986016E+01   -6.4014022522E+01
    9.9979212921E-01   -6.9414455097E+00    1.9400986016E+01   -6.4014022522E+01
    9.9979207921E-01   -6.9414455097E+00    1.9400986016E+01   -6.4014022522E+01
    9.9979202920E-01   -6.9414455097E+00    1.9400986016E+01   -6.4014022522E+01
    9.9979197920E-01   -6.9414455097E+00    1.9400986016E+01   -6.4014022522E+01
    9.9979192919E-01   -6.9414455097E+00    1.9400986016E+01   -6.4014022522E+01
    9.9979187919E-01   -6.9414455097E+00    1.9400986016E+01   -6.4014022522E+01
    9.9979182918E-01   -6.9414455097E+00    1.9400986016E+01   -6.4014022522E+01
    9.9979177918E-01   -6.9414455097E+00    1.9400986016E+01   -6.4014022522E+01
    9.9979172917E-01   -6.9414455097E+00    1.9400986016E+01   -6.4014022522E+01
    9.9979167917E-01   -6.9414455097E+00    1.9400986016E+01   -6.4014022522E+01
    9.9979162916E-01   -6.9414455097E+00    1.9400986016E+01   -6.4014022522E+01
    9.9979157916E-01   -6.9414455097E+00    1.9400986016E+01   -6.4014022522E+01
    9.9979152915E-01   -6.9414455097E+00    1.9400986016E+01   -6.4014022522E+01
    9.9979147915E-01   -6.9414455097E+00    1.9400986016E+01   -6.4014022522E+01
    9.9979142914E-01   -6.9414455097E+00    1.9400986016E+01   -6.4014022522E+01
    9.9979137914E-01   -6.9414455097E+00    1.9400986016E+01   -6.4014022522E+01
    9.9979132913E-01   -6.9414455097E+00    1.9400986016E+01   -6.4014022522E+01
    9.9979127913E-01   -6.9414455097E+00    1.9400986016E+01   -6.4014022522E+01
    9.9979122912E-01   -6.9414455097E+00    1.9400986016E+01   -6.4014022522E+01
    9.9979117912E-01   -6.9414455097E+00    1.9400986016E+01   -6.4014022522E+01
    9.9979112911E-01   -6.9414455097E+00    1.9400986016E+01   -6.4014022522E+01
    9.9979107911E-01   -6.9414455097E+00    1.9400986016E+01   -6.4014022522E+01
    9.9979102910E-01   -6.9414455097E+00    1.9400986016E+01   -6.4014022522E+01
    9.9979097910E-01   -6.9414455097E+00    1.9400986016E+01   -6.4014022522E+01
    9.9979092909E-01   -6.9414455097E+00    1.9400986016E+01   -6.4014022522E+01
    9.9979087909E-01   -6.9414455097E+00    1.9400986016E+01   -6.4014022522E+01
    9.9979082908E-01   -6.9414455097E+00    1.9400986016E+01   -6.4014022522E+01
    9.9979077908E-01   -6.9414455097E+00    1.9400986016E+01   -6.4014022522E+01
    9.9979072907E-01   -6.9414455097E+00    1.9400986016E+01   -6.4014022522E+01
    9.9979067907E-01   -6.9414455097E+00    1.9400986016E+01   -6.4014022522E+01
    9.9979062906E-01   -6.9414455097E+00    1.9400986016E+01   -6.4014022522E+01
    9.9979057906E-01   -6.9414455097E+00    1.9400986016E+01   -6.4014022522E+01
    9.9979052905E-01   -6.9414455097E+00    1.9400986016E+01   -6.4014022522E+01
    9.9979047905E-01   -6.9414455097E+00    1.9400986016E+01   -6.4014022522E+01
    9.9979042904E-01   -6.9414455097E+00    1.9400986016E+01   -6.4014022522E+01
    9.9979037904E-01   -6.9414455097E+00    1.9400986016E+01   -6.4014022522E+01
    9.9979032903E-01   -6.9414455097E+00    1.9400986016E+01   -6.4014022522E+01
    9.9979027903E-01   -6.9414455097E+00    1.9400986016E+01   -6.4014022522E+01
    9.9979022902E-01   -6.9414455097E+00    1.9400986016E+01   -6.4014022522E+01
    9.9979017902E-01   -6.9414455097E+00    1.9400986016E+01   -6.4014022522E+01
    9.9979012901E-01   -6.9414455097E+00    1.9400986016E+01   -6.4014022522E+01
    9.9979007901E-01   -6.9414455097E+00    1.9400986016E+01   -6.4014022522E+01
    9.9979002900E-01   -6.9414455097E+00    1.9400986016E+01   -6.4014022522E+01
    9.9978997900E-01   -6.9414455097E+00    1.9400986016E+01   -6.4014022522E+01
    9.9978992899E-01   -6.9414455097E+00    1.9400986016E+01   -6.4014022522E+01
    9.9978987899E-01   -6.9414455097E+00    1.9400986016E+01   -6.4014022522E+01
    9.9978982898E-01   -6.9414455097E+00    1.9400986016E+01   -6.4014022522E+01
    9.9978977898E-01   -6.9414455097E+00    1.9400986016E+01   -6.4014022522E+01
    9.9978972897E-01   -6.9414455097E+00    1.9400986016E+01   -6.4014022522E+01
    9.9978967897E-01   -6.9414455097E+00    1.9400986016E+01   -6.4014022522E+01
    9.9978962896E-01   -6.9414455097E+00    1.9400986016E+01   -6.4014022522E+01
    9.9978957896E-01   -6.9414455097E+00    1.9400986016E+01   -6.4014022522E+01
    9.9978952895E-01   -6.9414455097E+00    1.9400986016E+01   -6.4014022522E+01
    9.9978947895E-01   -6.9414455097E+00    1.9400986016E+01   -6.4014022522E+01
    9.9978942894E-01   -6.9414455097E+00    1.9400986016E+01   -6.4014022522E+01
    9.9978937894E-01   -6.9414455097E+00    1.9400986016E+01   -6.4014022522E+01
    9.9978932893E-01   -6.9414455097E+00    1.9400986016E+01   -6.4014022522E+01
    9.9978927893E-01   -6.9414455097E+00    1.9400986016E+01   -6.4014022522E+01
    9.9978922892E-01   -6.9414455097E+00    1.9400986016E+01   -6.4014022522E+01
    9.9978917892E-01   -6.9414455097E+00    1.9400986016E+01   -6.4014022522E+01
    9.9978912891E-01   -6.9414455097E+00    1.9400986016E+01   -6.4014022522E+01
    9.9978907891E-01   -6.9414455097E+00    1.9400986016E+01   -6.4014022522E+01
    9.9978902890E-01   -6.9414455097E+00    1.9400986016E+01   -6.4014022522E+01
    9.9978897890E-01   -6.9414455097E+00    1.9400986016E+01   -6.4014022522E+01
    9.9978892889E-01   -6.9414455097E+00    1.9400986016E+01   -6.4014022522E+01
    9.9978887889E-01   -6.9414455097E+00    1.9400986016E+01   -6.4014022522E+01
    9.9978882888E-01   -6.9414455097E+00    1.9400986016E+01   -6.4014022522E+01
    9.9978877888E-01   -6.9414455097E+00    1.9400986016E+01   -6.4014022522E+01
    9.9978872887E-01   -6.9414455097E+00    1.9400986016E+01   -6.4014022522E+01
    9.9978867887E-01   -6.9414455097E+00    1.9400986016E+01   -6.4014022522E+01
    9.9978862886E-01   -6.9414455097E+00    1.9400986016E+01   -6.4014022522E+01
    9.9978857886E-01   -6.9414455097E+00    1.9400986016E+01   -6.4014022522E+01
    9.9978852885E-01   -6.9414455097E+00    1.9400986016E+01   -6.4014022522E+01
    9.9978847885E-01   -6.9414455097E+00    1.9400986016E+01   -6.4014022522E+01
    9.9978842884E-01   -6.9414455097E+00    1.9400986016E+01   -6.4014022522E+01
    9.9978837884E-01   -6.9414455097E+00    1.9400986016E+01   -6.4014022522E+01
    9.9978832883E-01   -6.9414455097E+00    1.9400986016E+01   -6.4014022522E+01
    9.9978827883E-01   -6.9414455097E+00    1.9400986016E+01   -6.4014022522E+01
    9.9978822882E-01   -6.9414455097E+00    1.9400986016E+01   -6.4014022522E+01
    9.9978817882E-01   -6.9414455097E+00    1.9400986016E+01   -6.4014022522E+01
    9.9978812881E-01   -6.9414455097E+00    1.9400986016E+01   -6.4014022522E+01
    9.9978807881E-01   -6.9414455097E+00    1.9400986016E+01   -6.4014022522E+01
    9.9978802880E-01   -6.9414455097E+00    1.9400986016E+01   -6.4014022522E+01
    9.9978797880E-01   -6.9414455097E+00    1.9400986016E+01   -6.4014022522E+01
    9.9978792879E-01   -6.9414455097E+00    1.9400986016E+01   -6.4014022522E+01
    9.9978787879E-01   -6.9414455097E+00    1.9400986016E+01   -6.4014022522E+01
    9.9978782878E-01   -6.9414455097E+00    1.9400986016E+01   -6.4014022522E+01
    9.9978777878E-01   -6.9414455097E+00    1.9400986016E+01   -6.4014022522E+01
    9.9978772877E-01   -6.9414455097E+00    1.9400986016E+01   -6.4014022522E+01
    9.9978767877E-01   -6.9414455097E+00    1.9400986016E+01   -6.4014022522E+01
    9.9978762876E-01   -6.9414455097E+00    1.9400986016E+01   -6.4014022522E+01
    9.9978757876E-01   -6.9414455097E+00    1.9400986016E+01   -6.4014022522E+01
    9.9978752875E-01   -6.9414455097E+00    1.9400986016E+01   -6.4014022522E+01
    9.9978747875E-01   -6.9414455097E+00    1.9400986016E+01   -6.4014022522E+01
    9.9978742874E-01   -6.9414455097E+00    1.9400986016E+01   -6.4014022522E+01
    9.9978737874E-01   -6.9414455097E+00    1.9400986016E+01   -6.4014022522E+01
    9.9978732873E-01   -6.9414455097E+00    1.9400986016E+01   -6.4014022522E+01
    9.9978727873E-01   -6.9414455097E+00    1.9400986016E+01   -6.4014022522E+01
    9.9978722872E-01   -6.9414455097E+00    1.9400986016E+01   -6.4014022522E+01
    9.9978717872E-01   -6.9414455097E+00    1.9400986016E+01   -6.4014022522E+01
    9.9978712871E-01   -6.9414455097E+00    1.9400986016E+01   -6.4014022522E+01
    9.9978707871E-01   -6.9414455097E+00    1.9400986016E+01   -6.4014022522E+01
    9.9978702870E-01   -6.9414455097E+00    1.9400986016E+01   -6.4014022522E+01
    9.9978697870E-01   -6.9414455097E+00    1.9400986016E+01   -6.4014022522E+01
    9.9978692869E-01   -6.9414455097E+00    1.9400986016E+01   -6.4014022522E+01
    9.9978687869E-01   -6.9414455097E+00    1.9400986016E+01   -6.4014022522E+01
    9.9978682868E-01   -6.9414455097E+00    1.9400986016E+01   -6.4014022522E+01
    9.9978677868E-01   -6.9414455097E+00    1.9400986016E+01   -6.4014022522E+01
    9.9978672867E-01   -6.9414455097E+00    1.9400986016E+01   -6.4014022522E+01
    9.9978667867E-01   -6.9414455097E+00    1.9400986016E+01   -6.4014022522E+01
    9.9978662866E-01   -6.9414455097E+00    1.9400986016E+01   -6.4014022522E+01
    9.9978657866E-01   -6.9414455097E+00    1.9400986016E+01   -6.4014022522E+01
    9.9978652865E-01   -6.9414455097E+00    1.9400986016E+01   -6.4014022522E+01
    9.9978647865E-01   -6.9414455097E+00    1.9400986016E+01   -6.4014022522E+01
    9.9978642864E-01   -6.9414455097E+00    1.9400986016E+01   -6.4014022522E+01
    9.9978637864E-01   -6.9414455097E+00    1.9400986016E+01   -6.4014022522E+01
    9.9978632863E-01   -6.9414455097E+00    1.9400986016E+01   -6.4014022522E+01
    9.9978627863E-01   -6.9414455097E+00    1.9400986016E+01   -6.4014022522E+01
    9.9978622862E-01   -6.9414455097E+00    1.9400986016E+01   -6.4014022522E+01
    9.9978617862E-01   -6.9414455097E+00    1.9400986016E+01   -6.4014022522E+01
    9.9978612861E-01   -6.9414455097E+00    1.9400986016E+01   -6.4014022522E+01
    9.9978607861E-01   -6.9414455097E+00    1.9400986016E+01   -6.4014022522E+01
    9.9978602860E-01   -6.9414455097E+00    1.9400986016E+01   -6.4014022522E+01
    9.9978597860E-01   -6.9414455097E+00    1.9400986016E+01   -6.4014022522E+01
    9.9978592859E-01   -6.9414455097E+00    1.9400986016E+01   -6.4014022522E+01
    9.9978587859E-01   -6.9414455097E+00    1.9400986016E+01   -6.4014022522E+01
    9.9978582858E-01   -6.9414455097E+00    1.9400986016E+01   -6.4014022522E+01
    9.9978577858E-01   -6.9414455097E+00    1.9400986016E+01   -6.4014022522E+01
    9.9978572857E-01   -6.9414455097E+00    1.9400986016E+01   -6.4014022522E+01
    9.9978567857E-01   -6.9414455097E+00    1.9400986016E+01   -6.4014022522E+01
    9.9978562856E-01   -6.9414455097E+00    1.9400986016E+01   -6.4014022522E+01
    9.9978557856E-01   -6.9414455097E+00    1.9400986016E+01   -6.4014022522E+01
    9.9978552855E-01   -6.9414455097E+00    1.9400986016E+01   -6.4014022522E+01
    9.9978547855E-01   -6.9414455097E+00    1.9400986016E+01   -6.4014022522E+01
    9.9978542854E-01   -6.9414455097E+00    1.9400986016E+01   -6.4014022522E+01
    9.9978537854E-01   -6.9414455097E+00    1.9400986016E+01   -6.4014022522E+01
    9.9978532853E-01   -6.9414455097E+00    1.9400986016E+01   -6.4014022522E+01
    9.9978527853E-01   -6.9414455097E+00    1.9400986016E+01   -6.4014022522E+01
    9.9978522852E-01   -6.9414455097E+00    1.9400986016E+01   -6.4014022522E+01
    9.9978517852E-01   -6.9414455097E+00    1.9400986016E+01   -6.4014022522E+01
    9.9978512851E-01   -6.9414455097E+00    1.9400986016E+01   -6.4014022522E+01
    9.9978507851E-01   -6.9414455097E+00    1.9400986016E+01   -6.4014022522E+01
    9.9978502850E-01   -6.9414455097E+00    1.9400986016E+01   -6.4014022522E+01
    9.9978497850E-01   -6.9414455097E+00    1.9400986016E+01   -6.4014022522E+01
    9.9978492849E-01   -6.9414455097E+00    1.9400986016E+01   -6.4014022522E+01
    9.9978487849E-01   -6.9414455097E+00    1.9400986016E+01   -6.4014022522E+01
    9.9978482848E-01   -6.9414455097E+00    1.9400986016E+01   -6.4014022522E+01
    9.9978477848E-01   -6.9414455097E+00    1.9400986016E+01   -6.4014022522E+01
    9.9978472847E-01   -6.9414455097E+00    1.9400986016E+01   -6.4014022522E+01
    9.9978467847E-01   -6.9414455097E+00    1.9400986016E+01   -6.4014022522E+01
    9.9978462846E-01   -6.9414455097E+00    1.9400986016E+01   -6.4014022522E+01
    9.9978457846E-01   -6.9414455097E+00    1.9400986016E+01   -6.4014022522E+01
    9.9978452845E-01   -6.9414455097E+00    1.9400986016E+01   -6.4014022522E+01
    9.9978447845E-01   -6.9414455097E+00    1.9400986016E+01   -6.4014022522E+01
    9.9978442844E-01   -6.9414455097E+00    1.9400986016E+01   -6.4014022522E+01
    9.9978437844E-01   -6.9414455097E+00    1.9400986016E+01   -6.4014022522E+01
    9.9978432843E-01   -6.9414455097E+00    1.9400986016E+01   -6.4014022522E+01
    9.9978427843E-01   -6.9414455097E+00    1.9400986016E+01   -6.4014022522E+01
    9.9978422842E-01   -6.9414455097E+00    1.9400986016E+01   -6.4014022522E+01
    9.9978417842E-01   -6.9414455097E+00    1.9400986016E+01   -6.4014022522E+01
    9.9978412841E-01   -6.9414455097E+00    1.9400986016E+01   -6.4014022522E+01
    9.9978407841E-01   -6.9414455097E+00    1.9400986016E+01   -6.4014022522E+01
    9.9978402840E-01   -6.9414455097E+00    1.9400986016E+01   -6.4014022522E+01
    9.9978397840E-01   -6.9414455097E+00    1.9400986016E+01   -6.4014022522E+01
    9.9978392839E-01   -6.9414455097E+00    1.9400986016E+01   -6.4014022522E+01
    9.9978387839E-01   -6.9414455097E+00    1.9400986016E+01   -6.4014022522E+01
    9.9978382838E-01   -6.9414455097E+00    1.9400986016E+01   -6.4014022522E+01
    9.9978377838E-01   -6.9414455097E+00    1.9400986016E+01   -6.4014022522E+01
    9.9978372837E-01   -6.9414455097E+00    1.9400986016E+01   -6.4014022522E+01
    9.9978367837E-01   -6.9414455097E+00    1.9400986016E+01   -6.4014022522E+01
    9.9978362836E-01   -6.9414455097E+00    1.9400986016E+01   -6.4014022522E+01
    9.9978357836E-01   -6.9414455097E+00    1.9400986016E+01   -6.4014022522E+01
    9.9978352835E-01   -6.9414455097E+00    1.9400986016E+01   -6.4014022522E+01
    9.9978347835E-01   -6.9414455097E+00    1.9400986016E+01   -6.4014022522E+01
    9.9978342834E-01   -6.9414455097E+00    1.9400986016E+01   -6.4014022522E+01
    9.9978337834E-01   -6.9414455097E+00    1.9400986016E+01   -6.4014022522E+01
    9.9978332833E-01   -6.9414455097E+00    1.9400986016E+01   -6.4014022522E+01
    9.9978327833E-01   -6.9414455097E+00    1.9400986016E+01   -6.4014022522E+01
    9.9978322832E-01   -6.9414455097E+00    1.9400986016E+01   -6.4014022522E+01
    9.9978317832E-01   -6.9414455097E+00    1.9400986016E+01   -6.4014022522E+01
    9.9978312831E-01   -6.9414455097E+00    1.9400986016E+01   -6.4014022522E+01
    9.9978307831E-01   -6.9414455097E+00    1.9400986016E+01   -6.4014022522E+01
    9.9978302830E-01   -6.9414455097E+00    1.9400986016E+01   -6.4014022522E+01
    9.9978297830E-01   -6.9414455097E+00    1.9400986016E+01   -6.4014022522E+01
    9.9978292829E-01   -6.9414455097E+00    1.9400986016E+01   -6.4014022522E+01
    9.9978287829E-01   -6.9414455097E+00    1.9400986016E+01   -6.4014022522E+01
    9.9978282828E-01   -6.9414455097E+00    1.9400986016E+01   -6.4014022522E+01
    9.9978277828E-01   -6.9414455097E+00    1.9400986016E+01   -6.4014022522E+01
    9.9978272827E-01   -6.9414455097E+00    1.9400986016E+01   -6.4014022522E+01
    9.9978267827E-01   -6.9414455097E+00    1.9400986016E+01   -6.4014022522E+01
    9.9978262826E-01   -6.9414455097E+00    1.9400986016E+01   -6.4014022522E+01
    9.9978257826E-01   -6.9414455097E+00    1.9400986016E+01   -6.4014022522E+01
    9.9978252825E-01   -6.9414455097E+00    1.9400986016E+01   -6.4014022522E+01
    9.9978247825E-01   -6.9414455097E+00    1.9400986016E+01   -6.4014022522E+01
    9.9978242824E-01   -6.9414455097E+00    1.9400986016E+01   -6.4014022522E+01
    9.9978237824E-01   -6.9414455097E+00    1.9400986016E+01   -6.4014022522E+01
    9.9978232823E-01   -6.9414455097E+00    1.9400986016E+01   -6.4014022522E+01
    9.9978227823E-01   -6.9414455097E+00    1.9400986016E+01   -6.4014022522E+01
    9.9978222822E-01   -6.9414455097E+00    1.9400986016E+01   -6.4014022522E+01
    9.9978217822E-01   -6.9414455097E+00    1.9400986016E+01   -6.4014022522E+01
    9.9978212821E-01   -6.9414455097E+00    1.9400986016E+01   -6.4014022522E+01
    9.9978207821E-01   -6.9414455097E+00    1.9400986016E+01   -6.4014022522E+01
    9.9978202820E-01   -6.9414455097E+00    1.9400986016E+01   -6.4014022522E+01
    9.9978197820E-01   -6.9414455097E+00    1.9400986016E+01   -6.4014022522E+01
    9.9978192819E-01   -6.9414455097E+00    1.9400986016E+01   -6.4014022522E+01
    9.9978187819E-01   -6.9414455097E+00    1.9400986016E+01   -6.4014022522E+01
    9.9978182818E-01   -6.9414455097E+00    1.9400986016E+01   -6.4014022522E+01
    9.9978177818E-01   -6.9414455097E+00    1.9400986016E+01   -6.4014022522E+01
    9.9978172817E-01   -6.9414455097E+00    1.9400986016E+01   -6.4014022522E+01
    9.9978167817E-01   -6.9414455097E+00    1.9400986016E+01   -6.4014022522E+01
    9.9978162816E-01   -6.9414455097E+00    1.9400986016E+01   -6.4014022522E+01
    9.9978157816E-01   -6.9414455097E+00    1.9400986016E+01   -6.4014022522E+01
    9.9978152815E-01   -6.9414455097E+00    1.9400986016E+01   -6.4014022522E+01
    9.9978147815E-01   -6.9414455097E+00    1.9400986016E+01   -6.4014022522E+01
    9.9978142814E-01   -6.9414455097E+00    1.9400986016E+01   -6.4014022522E+01
    9.9978137814E-01   -6.9414455097E+00    1.9400986016E+01   -6.4014022522E+01
    9.9978132813E-01   -6.9414455097E+00    1.9400986016E+01   -6.4014022522E+01
    9.9978127813E-01   -6.9414455097E+00    1.9400986016E+01   -6.4014022522E+01
    9.9978122812E-01   -6.9414455097E+00    1.9400986016E+01   -6.4014022522E+01
    9.9978117812E-01   -6.9414455097E+00    1.9400986016E+01   -6.4014022522E+01
    9.9978112811E-01   -6.9414455097E+00    1.9400986016E+01   -6.4014022522E+01
    9.9978107811E-01   -6.9414455097E+00    1.9400986016E+01   -6.4014022522E+01
    9.9978102810E-01   -6.9414455097E+00    1.9400986016E+01   -6.4014022522E+01
    9.9978097810E-01   -6.9414455097E+00    1.9400986016E+01   -6.4014022522E+01
    9.9978092809E-01   -6.9414455097E+00    1.9400986016E+01   -6.4014022522E+01
    9.9978087809E-01   -6.9414455097E+00    1.9400986016E+01   -6.4014022522E+01
    9.9978082808E-01   -6.9414455097E+00    1.9400986016E+01   -6.4014022522E+01
    9.9978077808E-01   -6.9414455097E+00    1.9400986016E+01   -6.4014022522E+01
    9.9978072807E-01   -6.9414455097E+00    1.9400986016E+01   -6.4014022522E+01
    9.9978067807E-01   -6.9414455097E+00    1.9400986016E+01   -6.4014022522E+01
    9.9978062806E-01   -6.9414455097E+00    1.9400986016E+01   -6.4014022522E+01
    9.9978057806E-01   -6.9414455097E+00    1.9400986016E+01   -6.4014022522E+01
    9.9978052805E-01   -6.9414455097E+00    1.9400986016E+01   -6.4014022522E+01
    9.9978047805E-01   -6.9414455097E+00    1.9400986016E+01   -6.4014022522E+01
    9.9978042804E-01   -6.9414455097E+00    1.9400986016E+01   -6.4014022522E+01
    9.9978037804E-01   -6.9414455097E+00    1.9400986016E+01   -6.4014022522E+01
    9.9978032803E-01   -6.9414455097E+00    1.9400986016E+01   -6.4014022522E+01
    9.9978027803E-01   -6.9414455097E+00    1.9400986016E+01   -6.4014022522E+01
    9.9978022802E-01   -6.9414455097E+00    1.9400986016E+01   -6.4014022522E+01
    9.9978017802E-01   -6.9414455097E+00    1.9400986016E+01   -6.4014022522E+01
    9.9978012801E-01   -6.9414455097E+00    1.9400986016E+01   -6.4014022522E+01
    9.9978007801E-01   -6.9414455097E+00    1.9400986016E+01   -6.4014022522E+01
    9.9978002800E-01   -6.9414455097E+00    1.9400986016E+01   -6.4014022522E+01
    9.9977997800E-01   -6.9414455097E+00    1.9400986016E+01   -6.4014022522E+01
    9.9977992799E-01   -6.9414455097E+00    1.9400986016E+01   -6.4014022522E+01
    9.9977987799E-01   -6.9414455097E+00    1.9400986016E+01   -6.4014022522E+01
    9.9977982798E-01   -6.9414455097E+00    1.9400986016E+01   -6.4014022522E+01
    9.9977977798E-01   -6.9414455097E+00    1.9400986016E+01   -6.4014022522E+01
    9.9977972797E-01   -6.9414455097E+00    1.9400986016E+01   -6.4014022522E+01
    9.9977967797E-01   -6.9414455097E+00    1.9400986016E+01   -6.4014022522E+01
    9.9977962796E-01   -6.9414455097E+00    1.9400986016E+01   -6.4014022522E+01
    9.9977957796E-01   -6.9414455097E+00    1.9400986016E+01   -6.4014022522E+01
    9.9977952795E-01   -6.9414455097E+00    1.9400986016E+01   -6.4014022522E+01
    9.9977947795E-01   -6.9414455097E+00    1.9400986016E+01   -6.4014022522E+01
    9.9977942794E-01   -6.9414455097E+00    1.9400986016E+01   -6.4014022522E+01
    9.9977937794E-01   -6.9414455097E+00    1.9400986016E+01   -6.4014022522E+01
    9.9977932793E-01   -6.9414455097E+00    1.9400986016E+01   -6.4014022522E+01
    9.9977927793E-01   -6.9414455097E+00    1.9400986016E+01   -6.4014022522E+01
    9.9977922792E-01   -6.9414455097E+00    1.9400986016E+01   -6.4014022522E+01
    9.9977917792E-01   -6.9414455097E+00    1.9400986016E+01   -6.4014022522E+01
    9.9977912791E-01   -6.9414455097E+00    1.9400986016E+01   -6.4014022522E+01
    9.9977907791E-01   -6.9414455097E+00    1.9400986016E+01   -6.4014022522E+01
    9.9977902790E-01   -6.9414455097E+00    1.9400986016E+01   -6.4014022522E+01
    9.9977897790E-01   -6.9414455097E+00    1.9400986016E+01   -6.4014022522E+01
    9.9977892789E-01   -6.9414455097E+00    1.9400986016E+01   -6.4014022522E+01
    9.9977887789E-01   -6.9414455097E+00    1.9400986016E+01   -6.4014022522E+01
    9.9977882788E-01   -6.9414455097E+00    1.9400986016E+01   -6.4014022522E+01
    9.9977877788E-01   -6.9414455097E+00    1.9400986016E+01   -6.4014022522E+01
    9.9977872787E-01   -6.9414455097E+00    1.9400986016E+01   -6.4014022522E+01
    9.9977867787E-01   -6.9414455097E+00    1.9400986016E+01   -6.4014022522E+01
    9.9977862786E-01   -6.9414455097E+00    1.9400986016E+01   -6.4014022522E+01
    9.9977857786E-01   -6.9414455097E+00    1.9400986016E+01   -6.4014022522E+01
    9.9977852785E-01   -6.9414455097E+00    1.9400986016E+01   -6.4014022522E+01
    9.9977847785E-01   -6.9414455097E+00    1.9400986016E+01   -6.4014022522E+01
    9.9977842784E-01   -6.9414455097E+00    1.9400986016E+01   -6.4014022522E+01
    9.9977837784E-01   -6.9414455097E+00    1.9400986016E+01   -6.4014022522E+01
    9.9977832783E-01   -6.9414455097E+00    1.9400986016E+01   -6.4014022522E+01
    9.9977827783E-01   -6.9414455097E+00    1.9400986016E+01   -6.4014022522E+01
    9.9977822782E-01   -6.9414455097E+00    1.9400986016E+01   -6.4014022522E+01
    9.9977817782E-01   -6.9414455097E+00    1.9400986016E+01   -6.4014022522E+01
    9.9977812781E-01   -6.9414455097E+00    1.9400986016E+01   -6.4014022522E+01
    9.9977807781E-01   -6.9414455097E+00    1.9400986016E+01   -6.4014022522E+01
    9.9977802780E-01   -6.9414455097E+00    1.9400986016E+01   -6.4014022522E+01
    9.9977797780E-01   -6.9414455097E+00    1.9400986016E+01   -6.4014022522E+01
    9.9977792779E-01   -6.9414455097E+00    1.9400986016E+01   -6.4014022522E+01
    9.9977787779E-01   -6.9414455097E+00    1.9400986016E+01   -6.4014022522E+01
    9.9977782778E-01   -6.9414455097E+00    1.9400986016E+01   -6.4014022522E+01
    9.9977777778E-01   -6.9414455097E+00    1.9400986016E+01   -6.4014022522E+01
    9.9977772777E-01   -6.9414455097E+00    1.9400986016E+01   -6.4014022522E+01
    9.9977767777E-01   -6.9414455097E+00    1.9400986016E+01   -6.4014022522E+01
    9.9977762776E-01   -6.9414455097E+00    1.9400986016E+01   -6.4014022522E+01
    9.9977757776E-01   -6.9414455097E+00    1.9400986016E+01   -6.4014022522E+01
    9.9977752775E-01   -6.9414455097E+00    1.9400986016E+01   -6.4014022522E+01
    9.9977747775E-01   -6.9414455097E+00    1.9400986016E+01   -6.4014022522E+01
    9.9977742774E-01   -6.9414455097E+00    1.9400986016E+01   -6.4014022522E+01
    9.9977737774E-01   -6.9414455097E+00    1.9400986016E+01   -6.4014022522E+01
    9.9977732773E-01   -6.9414455097E+00    1.9400986016E+01   -6.4014022522E+01
    9.9977727773E-01   -6.9414455097E+00    1.9400986016E+01   -6.4014022522E+01
    9.9977722772E-01   -6.9414455097E+00    1.9400986016E+01   -6.4014022522E+01
    9.9977717772E-01   -6.9414455097E+00    1.9400986016E+01   -6.4014022522E+01
    9.9977712771E-01   -6.9414455097E+00    1.9400986016E+01   -6.4014022522E+01
    9.9977707771E-01   -6.9414455097E+00    1.9400986016E+01   -6.4014022522E+01
    9.9977702770E-01   -6.9414455097E+00    1.9400986016E+01   -6.4014022522E+01
    9.9977697770E-01   -6.9414455097E+00    1.9400986016E+01   -6.4014022522E+01
    9.9977692769E-01   -6.9414455097E+00    1.9400986016E+01   -6.4014022522E+01
    9.9977687769E-01   -6.9414455097E+00    1.9400986016E+01   -6.4014022522E+01
    9.9977682768E-01   -6.9414455097E+00    1.9400986016E+01   -6.4014022522E+01
    9.9977677768E-01   -6.9414455097E+00    1.9400986016E+01   -6.4014022522E+01
    9.9977672767E-01   -6.9414455097E+00    1.9400986016E+01   -6.4014022522E+01
    9.9977667767E-01   -6.9414455097E+00    1.9400986016E+01   -6.4014022522E+01
    9.9977662766E-01   -6.9414455097E+00    1.9400986016E+01   -6.4014022522E+01
    9.9977657766E-01   -6.9414455097E+00    1.9400986016E+01   -6.4014022522E+01
    9.9977652765E-01   -6.9414455097E+00    1.9400986016E+01   -6.4014022522E+01
    9.9977647765E-01   -6.9414455097E+00    1.9400986016E+01   -6.4014022522E+01
    9.9977642764E-01   -6.9414455097E+00    1.9400986016E+01   -6.4014022522E+01
    9.9977637764E-01   -6.9414455097E+00    1.9400986016E+01   -6.4014022522E+01
    9.9977632763E-01   -6.9414455097E+00    1.9400986016E+01   -6.4014022522E+01
    9.9977627763E-01   -6.9414455097E+00    1.9400986016E+01   -6.4014022522E+01
    9.9977622762E-01   -6.9414455097E+00    1.9400986016E+01   -6.4014022522E+01
    9.9977617762E-01   -6.9414455097E+00    1.9400986016E+01   -6.4014022522E+01
    9.9977612761E-01   -6.9414455097E+00    1.9400986016E+01   -6.4014022522E+01
    9.9977607761E-01   -6.9414455097E+00    1.9400986016E+01   -6.4014022522E+01
    9.9977602760E-01   -6.9414455097E+00    1.9400986016E+01   -6.4014022522E+01
    9.9977597760E-01   -6.9414455097E+00    1.9400986016E+01   -6.4014022522E+01
    9.9977592759E-01   -6.9414455097E+00    1.9400986016E+01   -6.4014022522E+01
    9.9977587759E-01   -6.9414455097E+00    1.9400986016E+01   -6.4014022522E+01
    9.9977582758E-01   -6.9414455097E+00    1.9400986016E+01   -6.4014022522E+01
    9.9977577758E-01   -6.9414455097E+00    1.9400986016E+01   -6.4014022522E+01
    9.9977572757E-01   -6.9414455097E+00    1.9400986016E+01   -6.4014022522E+01
    9.9977567757E-01   -6.9414455097E+00    1.9400986016E+01   -6.4014022522E+01
    9.9977562756E-01   -6.9414455097E+00    1.9400986016E+01   -6.4014022522E+01
    9.9977557756E-01   -6.9414455097E+00    1.9400986016E+01   -6.4014022522E+01
    9.9977552755E-01   -6.9414455097E+00    1.9400986016E+01   -6.4014022522E+01
    9.9977547755E-01   -6.9414455097E+00    1.9400986016E+01   -6.4014022522E+01
    9.9977542754E-01   -6.9414455097E+00    1.9400986016E+01   -6.4014022522E+01
    9.9977537754E-01   -6.9414455097E+00    1.9400986016E+01   -6.4014022522E+01
    9.9977532753E-01   -6.9414455097E+00    1.9400986016E+01   -6.4014022522E+01
    9.9977527753E-01   -6.9414455097E+00    1.9400986016E+01   -6.4014022522E+01
    9.9977522752E-01   -6.9414455097E+00    1.9400986016E+01   -6.4014022522E+01
    9.9977517752E-01   -6.9414455097E+00    1.9400986016E+01   -6.4014022522E+01
    9.9977512751E-01   -6.9414455097E+00    1.9400986016E+01   -6.4014022522E+01
    9.9977507751E-01   -6.9414455097E+00    1.9400986016E+01   -6.4014022522E+01
    9.9977502750E-01   -6.9414455097E+00    1.9400986016E+01   -6.4014022522E+01
    9.9977497750E-01   -6.9414455097E+00    1.9400986016E+01   -6.4014022522E+01
    9.9977492749E-01   -6.9414455097E+00    1.9400986016E+01   -6.4014022522E+01
    9.9977487749E-01   -6.9414455097E+00    1.9400986016E+01   -6.4014022522E+01
    9.9977482748E-01   -6.9414455097E+00    1.9400986016E+01   -6.4014022522E+01
    9.9977477748E-01   -6.9414455097E+00    1.9400986016E+01   -6.4014022522E+01
    9.9977472747E-01   -6.9414455097E+00    1.9400986016E+01   -6.4014022522E+01
    9.9977467747E-01   -6.9414455097E+00    1.9400986016E+01   -6.4014022522E+01
    9.9977462746E-01   -6.9414455097E+00    1.9400986016E+01   -6.4014022522E+01
    9.9977457746E-01   -6.9414455097E+00    1.9400986016E+01   -6.4014022522E+01
    9.9977452745E-01   -6.9414455097E+00    1.9400986016E+01   -6.4014022522E+01
    9.9977447745E-01   -6.9414455097E+00    1.9400986016E+01   -6.4014022522E+01
    9.9977442744E-01   -6.9414455097E+00    1.9400986016E+01   -6.4014022522E+01
    9.9977437744E-01   -6.9414455097E+00    1.9400986016E+01   -6.4014022522E+01
    9.9977432743E-01   -6.9414455097E+00    1.9400986016E+01   -6.4014022522E+01
    9.9977427743E-01   -6.9414455097E+00    1.9400986016E+01   -6.4014022522E+01
    9.9977422742E-01   -6.9414455097E+00    1.9400986016E+01   -6.4014022522E+01
    9.9977417742E-01   -6.9414455097E+00    1.9400986016E+01   -6.4014022522E+01
    9.9977412741E-01   -6.9414455097E+00    1.9400986016E+01   -6.4014022522E+01
    9.9977407741E-01   -6.9414455097E+00    1.9400986016E+01   -6.4014022522E+01
    9.9977402740E-01   -6.9414455097E+00    1.9400986016E+01   -6.4014022522E+01
    9.9977397740E-01   -6.9414455097E+00    1.9400986016E+01   -6.4014022522E+01
    9.9977392739E-01   -6.9414455097E+00    1.9400986016E+01   -6.4014022522E+01
    9.9977387739E-01   -6.9414455097E+00    1.9400986016E+01   -6.4014022522E+01
    9.9977382738E-01   -6.9414455097E+00    1.9400986016E+01   -6.4014022522E+01
    9.9977377738E-01   -6.9414455097E+00    1.9400986016E+01   -6.4014022522E+01
    9.9977372737E-01   -6.9414455097E+00    1.9400986016E+01   -6.4014022522E+01
    9.9977367737E-01   -6.9414455097E+00    1.9400986016E+01   -6.4014022522E+01
    9.9977362736E-01   -6.9414455097E+00    1.9400986016E+01   -6.4014022522E+01
    9.9977357736E-01   -6.9414455097E+00    1.9400986016E+01   -6.4014022522E+01
    9.9977352735E-01   -6.9414455097E+00    1.9400986016E+01   -6.4014022522E+01
    9.9977347735E-01   -6.9414455097E+00    1.9400986016E+01   -6.4014022522E+01
    9.9977342734E-01   -6.9414455097E+00    1.9400986016E+01   -6.4014022522E+01
    9.9977337734E-01   -6.9414455097E+00    1.9400986016E+01   -6.4014022522E+01
    9.9977332733E-01   -6.9414455097E+00    1.9400986016E+01   -6.4014022522E+01
    9.9977327733E-01   -6.9414455097E+00    1.9400986016E+01   -6.4014022522E+01
    9.9977322732E-01   -6.9414455097E+00    1.9400986016E+01   -6.4014022522E+01
    9.9977317732E-01   -6.9414455097E+00    1.9400986016E+01   -6.4014022522E+01
    9.9977312731E-01   -6.9414455097E+00    1.9400986016E+01   -6.4014022522E+01
    9.9977307731E-01   -6.9414455097E+00    1.9400986016E+01   -6.4014022522E+01
    9.9977302730E-01   -6.9414455097E+00    1.9400986016E+01   -6.4014022522E+01
    9.9977297730E-01   -6.9414455097E+00    1.9400986016E+01   -6.4014022522E+01
    9.9977292729E-01   -6.9414455097E+00    1.9400986016E+01   -6.4014022522E+01
    9.9977287729E-01   -6.9414455097E+00    1.9400986016E+01   -6.4014022522E+01
    9.9977282728E-01   -6.9414455097E+00    1.9400986016E+01   -6.4014022522E+01
    9.9977277728E-01   -6.9414455097E+00    1.9400986016E+01   -6.4014022522E+01
    9.9977272727E-01   -6.9414455097E+00    1.9400986016E+01   -6.4014022522E+01
    9.9977267727E-01   -6.9414455097E+00    1.9400986016E+01   -6.4014022522E+01
    9.9977262726E-01   -6.9414455097E+00    1.9400986016E+01   -6.4014022522E+01
    9.9977257726E-01   -6.9414455097E+00    1.9400986016E+01   -6.4014022522E+01
    9.9977252725E-01   -6.9414455097E+00    1.9400986016E+01   -6.4014022522E+01
    9.9977247725E-01   -6.9414455097E+00    1.9400986016E+01   -6.4014022522E+01
    9.9977242724E-01   -6.9414455097E+00    1.9400986016E+01   -6.4014022522E+01
    9.9977237724E-01   -6.9414455097E+00    1.9400986016E+01   -6.4014022522E+01
    9.9977232723E-01   -6.9414455097E+00    1.9400986016E+01   -6.4014022522E+01
    9.9977227723E-01   -6.9414455097E+00    1.9400986016E+01   -6.4014022522E+01
    9.9977222722E-01   -6.9414455097E+00    1.9400986016E+01   -6.4014022522E+01
    9.9977217722E-01   -6.9414455097E+00    1.9400986016E+01   -6.4014022522E+01
    9.9977212721E-01   -6.9414455097E+00    1.9400986016E+01   -6.4014022522E+01
    9.9977207721E-01   -6.9414455097E+00    1.9400986016E+01   -6.4014022522E+01
    9.9977202720E-01   -6.9414455097E+00    1.9400986016E+01   -6.4014022522E+01
    9.9977197720E-01   -6.9414455097E+00    1.9400986016E+01   -6.4014022522E+01
    9.9977192719E-01   -6.9414455097E+00    1.9400986016E+01   -6.4014022522E+01
    9.9977187719E-01   -6.9414455097E+00    1.9400986016E+01   -6.4014022522E+01
    9.9977182718E-01   -6.9414455097E+00    1.9400986016E+01   -6.4014022522E+01
    9.9977177718E-01   -6.9414455097E+00    1.9400986016E+01   -6.4014022522E+01
    9.9977172717E-01   -6.9414455097E+00    1.9400986016E+01   -6.4014022522E+01
    9.9977167717E-01   -6.9414455097E+00    1.9400986016E+01   -6.4014022522E+01
    9.9977162716E-01   -6.9414455097E+00    1.9400986016E+01   -6.4014022522E+01
    9.9977157716E-01   -6.9414455097E+00    1.9400986016E+01   -6.4014022522E+01
    9.9977152715E-01   -6.9414455097E+00    1.9400986016E+01   -6.4014022522E+01
    9.9977147715E-01   -6.9414455097E+00    1.9400986016E+01   -6.4014022522E+01
    9.9977142714E-01   -6.9414455097E+00    1.9400986016E+01   -6.4014022522E+01
    9.9977137714E-01   -6.9414455097E+00    1.9400986016E+01   -6.4014022522E+01
    9.9977132713E-01   -6.9414455097E+00    1.9400986016E+01   -6.4014022522E+01
    9.9977127713E-01   -6.9414455097E+00    1.9400986016E+01   -6.4014022522E+01
    9.9977122712E-01   -6.9414455097E+00    1.9400986016E+01   -6.4014022522E+01
    9.9977117712E-01   -6.9414455097E+00    1.9400986016E+01   -6.4014022522E+01
    9.9977112711E-01   -6.9414455097E+00    1.9400986016E+01   -6.4014022522E+01
    9.9977107711E-01   -6.9414455097E+00    1.9400986016E+01   -6.4014022522E+01
    9.9977102710E-01   -6.9414455097E+00    1.9400986016E+01   -6.4014022522E+01
    9.9977097710E-01   -6.9414455097E+00    1.9400986016E+01   -6.4014022522E+01
    9.9977092709E-01   -6.9414455097E+00    1.9400986016E+01   -6.4014022522E+01
    9.9977087709E-01   -6.9414455097E+00    1.9400986016E+01   -6.4014022522E+01
    9.9977082708E-01   -6.9414455097E+00    1.9400986016E+01   -6.4014022522E+01
    9.9977077708E-01   -6.9414455097E+00    1.9400986016E+01   -6.4014022522E+01
    9.9977072707E-01   -6.9414455097E+00    1.9400986016E+01   -6.4014022522E+01
    9.9977067707E-01   -6.9414455097E+00    1.9400986016E+01   -6.4014022522E+01
    9.9977062706E-01   -6.9414455097E+00    1.9400986016E+01   -6.4014022522E+01
    9.9977057706E-01   -6.9414455097E+00    1.9400986016E+01   -6.4014022522E+01
    9.9977052705E-01   -6.9414455097E+00    1.9400986016E+01   -6.4014022522E+01
    9.9977047705E-01   -6.9414455097E+00    1.9400986016E+01   -6.4014022522E+01
    9.9977042704E-01   -6.9414455097E+00    1.9400986016E+01   -6.4014022522E+01
    9.9977037704E-01   -6.9414455097E+00    1.9400986016E+01   -6.4014022522E+01
    9.9977032703E-01   -6.9414455097E+00    1.9400986016E+01   -6.4014022522E+01
    9.9977027703E-01   -6.9414455097E+00    1.9400986016E+01   -6.4014022522E+01
    9.9977022702E-01   -6.9414455097E+00    1.9400986016E+01   -6.4014022522E+01
    9.9977017702E-01   -6.9414455097E+00    1.9400986016E+01   -6.4014022522E+01
    9.9977012701E-01   -6.9414455097E+00    1.9400986016E+01   -6.4014022522E+01
    9.9977007701E-01   -6.9414455097E+00    1.9400986016E+01   -6.4014022522E+01
    9.9977002700E-01   -6.9414455097E+00    1.9400986016E+01   -6.4014022522E+01
    9.9976997700E-01   -6.9414455097E+00    1.9400986016E+01   -6.4014022522E+01
    9.9976992699E-01   -6.9414455097E+00    1.9400986016E+01   -6.4014022522E+01
    9.9976987699E-01   -6.9414455097E+00    1.9400986016E+01   -6.4014022522E+01
    9.9976982698E-01   -6.9414455097E+00    1.9400986016E+01   -6.4014022522E+01
    9.9976977698E-01   -6.9414455097E+00    1.9400986016E+01   -6.4014022522E+01
    9.9976972697E-01   -6.9414455097E+00    1.9400986016E+01   -6.4014022522E+01
    9.9976967697E-01   -6.9414455097E+00    1.9400986016E+01   -6.4014022522E+01
    9.9976962696E-01   -6.9414455097E+00    1.9400986016E+01   -6.4014022522E+01
    9.9976957696E-01   -6.9414455097E+00    1.9400986016E+01   -6.4014022522E+01
    9.9976952695E-01   -6.9414455097E+00    1.9400986016E+01   -6.4014022522E+01
    9.9976947695E-01   -6.9414455097E+00    1.9400986016E+01   -6.4014022522E+01
    9.9976942694E-01   -6.9414455097E+00    1.9400986016E+01   -6.4014022522E+01
    9.9976937694E-01   -6.9414455097E+00    1.9400986016E+01   -6.4014022522E+01
    9.9976932693E-01   -6.9414455097E+00    1.9400986016E+01   -6.4014022522E+01
    9.9976927693E-01   -6.9414455097E+00    1.9400986016E+01   -6.4014022522E+01
    9.9976922692E-01   -6.9414455097E+00    1.9400986016E+01   -6.4014022522E+01
    9.9976917692E-01   -6.9414455097E+00    1.9400986016E+01   -6.4014022522E+01
    9.9976912691E-01   -6.9414455097E+00    1.9400986016E+01   -6.4014022522E+01
    9.9976907691E-01   -6.9414455097E+00    1.9400986016E+01   -6.4014022522E+01
    9.9976902690E-01   -6.9414455097E+00    1.9400986016E+01   -6.4014022522E+01
    9.9976897690E-01   -6.9414455097E+00    1.9400986016E+01   -6.4014022522E+01
    9.9976892689E-01   -6.9414455097E+00    1.9400986016E+01   -6.4014022522E+01
    9.9976887689E-01   -6.9414455097E+00    1.9400986016E+01   -6.4014022522E+01
    9.9976882688E-01   -6.9414455097E+00    1.9400986016E+01   -6.4014022522E+01
    9.9976877688E-01   -6.9414455097E+00    1.9400986016E+01   -6.4014022522E+01
    9.9976872687E-01   -6.9414455097E+00    1.9400986016E+01   -6.4014022522E+01
    9.9976867687E-01   -6.9414455097E+00    1.9400986016E+01   -6.4014022522E+01
    9.9976862686E-01   -6.9414455097E+00    1.9400986016E+01   -6.4014022522E+01
    9.9976857686E-01   -6.9414455097E+00    1.9400986016E+01   -6.4014022522E+01
    9.9976852685E-01   -6.9414455097E+00    1.9400986016E+01   -6.4014022522E+01
    9.9976847685E-01   -6.9414455097E+00    1.9400986016E+01   -6.4014022522E+01
    9.9976842684E-01   -6.9414455097E+00    1.9400986016E+01   -6.4014022522E+01
    9.9976837684E-01   -6.9414455097E+00    1.9400986016E+01   -6.4014022522E+01
    9.9976832683E-01   -6.9414455097E+00    1.9400986016E+01   -6.4014022522E+01
    9.9976827683E-01   -6.9414455097E+00    1.9400986016E+01   -6.4014022522E+01
    9.9976822682E-01   -6.9414455097E+00    1.9400986016E+01   -6.4014022522E+01
    9.9976817682E-01   -6.9414455097E+00    1.9400986016E+01   -6.4014022522E+01
    9.9976812681E-01   -6.9414455097E+00    1.9400986016E+01   -6.4014022522E+01
    9.9976807681E-01   -6.9414455097E+00    1.9400986016E+01   -6.4014022522E+01
    9.9976802680E-01   -6.9414455097E+00    1.9400986016E+01   -6.4014022522E+01
    9.9976797680E-01   -6.9414455097E+00    1.9400986016E+01   -6.4014022522E+01
    9.9976792679E-01   -6.9414455097E+00    1.9400986016E+01   -6.4014022522E+01
    9.9976787679E-01   -6.9414455097E+00    1.9400986016E+01   -6.4014022522E+01
    9.9976782678E-01   -6.9414455097E+00    1.9400986016E+01   -6.4014022522E+01
    9.9976777678E-01   -6.9414455097E+00    1.9400986016E+01   -6.4014022522E+01
    9.9976772677E-01   -6.9414455097E+00    1.9400986016E+01   -6.4014022522E+01
    9.9976767677E-01   -6.9414455097E+00    1.9400986016E+01   -6.4014022522E+01
    9.9976762676E-01   -6.9414455097E+00    1.9400986016E+01   -6.4014022522E+01
    9.9976757676E-01   -6.9414455097E+00    1.9400986016E+01   -6.4014022522E+01
    9.9976752675E-01   -6.9414455097E+00    1.9400986016E+01   -6.4014022522E+01
    9.9976747675E-01   -6.9414455097E+00    1.9400986016E+01   -6.4014022522E+01
    9.9976742674E-01   -6.9414455097E+00    1.9400986016E+01   -6.4014022522E+01
    9.9976737674E-01   -6.9414455097E+00    1.9400986016E+01   -6.4014022522E+01
    9.9976732673E-01   -6.9414455097E+00    1.9400986016E+01   -6.4014022522E+01
    9.9976727673E-01   -6.9414455097E+00    1.9400986016E+01   -6.4014022522E+01
    9.9976722672E-01   -6.9414455097E+00    1.9400986016E+01   -6.4014022522E+01
    9.9976717672E-01   -6.9414455097E+00    1.9400986016E+01   -6.4014022522E+01
    9.9976712671E-01   -6.9414455097E+00    1.9400986016E+01   -6.4014022522E+01
    9.9976707671E-01   -6.9414455097E+00    1.9400986016E+01   -6.4014022522E+01
    9.9976702670E-01   -6.9414455097E+00    1.9400986016E+01   -6.4014022522E+01
    9.9976697670E-01   -6.9414455097E+00    1.9400986016E+01   -6.4014022522E+01
    9.9976692669E-01   -6.9414455097E+00    1.9400986016E+01   -6.4014022522E+01
    9.9976687669E-01   -6.9414455097E+00    1.9400986016E+01   -6.4014022522E+01
    9.9976682668E-01   -6.9414455097E+00    1.9400986016E+01   -6.4014022522E+01
    9.9976677668E-01   -6.9414455097E+00    1.9400986016E+01   -6.4014022522E+01
    9.9976672667E-01   -6.9414455097E+00    1.9400986016E+01   -6.4014022522E+01
    9.9976667667E-01   -6.9414455097E+00    1.9400986016E+01   -6.4014022522E+01
    9.9976662666E-01   -6.9414455097E+00    1.9400986016E+01   -6.4014022522E+01
    9.9976657666E-01   -6.9414455097E+00    1.9400986016E+01   -6.4014022522E+01
    9.9976652665E-01   -6.9414455097E+00    1.9400986016E+01   -6.4014022522E+01
    9.9976647665E-01   -6.9414455097E+00    1.9400986016E+01   -6.4014022522E+01
    9.9976642664E-01   -6.9414455097E+00    1.9400986016E+01   -6.4014022522E+01
    9.9976637664E-01   -6.9414455097E+00    1.9400986016E+01   -6.4014022522E+01
    9.9976632663E-01   -6.9414455097E+00    1.9400986016E+01   -6.4014022522E+01
    9.9976627663E-01   -6.9414455097E+00    1.9400986016E+01   -6.4014022522E+01
    9.9976622662E-01   -6.9414455097E+00    1.9400986016E+01   -6.4014022522E+01
    9.9976617662E-01   -6.9414455097E+00    1.9400986016E+01   -6.4014022522E+01
    9.9976612661E-01   -6.9414455097E+00    1.9400986016E+01   -6.4014022522E+01
    9.9976607661E-01   -6.9414455097E+00    1.9400986016E+01   -6.4014022522E+01
    9.9976602660E-01   -6.9414455097E+00    1.9400986016E+01   -6.4014022522E+01
    9.9976597660E-01   -6.9414455097E+00    1.9400986016E+01   -6.4014022522E+01
    9.9976592659E-01   -6.9414455097E+00    1.9400986016E+01   -6.4014022522E+01
    9.9976587659E-01   -6.9414455097E+00    1.9400986016E+01   -6.4014022522E+01
    9.9976582658E-01   -6.9414455097E+00    1.9400986016E+01   -6.4014022522E+01
    9.9976577658E-01   -6.9414455097E+00    1.9400986016E+01   -6.4014022522E+01
    9.9976572657E-01   -6.9414455097E+00    1.9400986016E+01   -6.4014022522E+01
    9.9976567657E-01   -6.9414455097E+00    1.9400986016E+01   -6.4014022522E+01
    9.9976562656E-01   -6.9414455097E+00    1.9400986016E+01   -6.4014022522E+01
    9.9976557656E-01   -6.9414455097E+00    1.9400986016E+01   -6.4014022522E+01
    9.9976552655E-01   -6.9414455097E+00    1.9400986016E+01   -6.4014022522E+01
    9.9976547655E-01   -6.9414455097E+00    1.9400986016E+01   -6.4014022522E+01
    9.9976542654E-01   -6.9414455097E+00    1.9400986016E+01   -6.4014022522E+01
    9.9976537654E-01   -6.9414455097E+00    1.9400986016E+01   -6.4014022522E+01
    9.9976532653E-01   -6.9414455097E+00    1.9400986016E+01   -6.4014022522E+01
    9.9976527653E-01   -6.9414455097E+00    1.9400986016E+01   -6.4014022522E+01
    9.9976522652E-01   -6.9414455097E+00    1.9400986016E+01   -6.4014022522E+01
    9.9976517652E-01   -6.9414455097E+00    1.9400986016E+01   -6.4014022522E+01
    9.9976512651E-01   -6.9414455097E+00    1.9400986016E+01   -6.4014022522E+01
    9.9976507651E-01   -6.9414455097E+00    1.9400986016E+01   -6.4014022522E+01
    9.9976502650E-01   -6.9414455097E+00    1.9400986016E+01   -6.4014022522E+01
    9.9976497650E-01   -6.9414455097E+00    1.9400986016E+01   -6.4014022522E+01
    9.9976492649E-01   -6.9414455097E+00    1.9400986016E+01   -6.4014022522E+01
    9.9976487649E-01   -6.9414455097E+00    1.9400986016E+01   -6.4014022522E+01
    9.9976482648E-01   -6.9414455097E+00    1.9400986016E+01   -6.4014022522E+01
    9.9976477648E-01   -6.9414455097E+00    1.9400986016E+01   -6.4014022522E+01
    9.9976472647E-01   -6.9414455097E+00    1.9400986016E+01   -6.4014022522E+01
    9.9976467647E-01   -6.9414455097E+00    1.9400986016E+01   -6.4014022522E+01
    9.9976462646E-01   -6.9414455097E+00    1.9400986016E+01   -6.4014022522E+01
    9.9976457646E-01   -6.9414455097E+00    1.9400986016E+01   -6.4014022522E+01
    9.9976452645E-01   -6.9414455097E+00    1.9400986016E+01   -6.4014022522E+01
    9.9976447645E-01   -6.9414455097E+00    1.9400986016E+01   -6.4014022522E+01
    9.9976442644E-01   -6.9414455097E+00    1.9400986016E+01   -6.4014022522E+01
    9.9976437644E-01   -6.9414455097E+00    1.9400986016E+01   -6.4014022522E+01
    9.9976432643E-01   -6.9414455097E+00    1.9400986016E+01   -6.4014022522E+01
    9.9976427643E-01   -6.9414455097E+00    1.9400986016E+01   -6.4014022522E+01
    9.9976422642E-01   -6.9414455097E+00    1.9400986016E+01   -6.4014022522E+01
    9.9976417642E-01   -6.9414455097E+00    1.9400986016E+01   -6.4014022522E+01
    9.9976412641E-01   -6.9414455097E+00    1.9400986016E+01   -6.4014022522E+01
    9.9976407641E-01   -6.9414455097E+00    1.9400986016E+01   -6.4014022522E+01
    9.9976402640E-01   -6.9414455097E+00    1.9400986016E+01   -6.4014022522E+01
    9.9976397640E-01   -6.9414455097E+00    1.9400986016E+01   -6.4014022522E+01
    9.9976392639E-01   -6.9414455097E+00    1.9400986016E+01   -6.4014022522E+01
    9.9976387639E-01   -6.9414455097E+00    1.9400986016E+01   -6.4014022522E+01
    9.9976382638E-01   -6.9414455097E+00    1.9400986016E+01   -6.4014022522E+01
    9.9976377638E-01   -6.9414455097E+00    1.9400986016E+01   -6.4014022522E+01
    9.9976372637E-01   -6.9414455097E+00    1.9400986016E+01   -6.4014022522E+01
    9.9976367637E-01   -6.9414455097E+00    1.9400986016E+01   -6.4014022522E+01
    9.9976362636E-01   -6.9414455097E+00    1.9400986016E+01   -6.4014022522E+01
    9.9976357636E-01   -6.9414455097E+00    1.9400986016E+01   -6.4014022522E+01
    9.9976352635E-01   -6.9414455097E+00    1.9400986016E+01   -6.4014022522E+01
    9.9976347635E-01   -6.9414455097E+00    1.9400986016E+01   -6.4014022522E+01
    9.9976342634E-01   -6.9414455097E+00    1.9400986016E+01   -6.4014022522E+01
    9.9976337634E-01   -6.9414455097E+00    1.9400986016E+01   -6.4014022522E+01
    9.9976332633E-01   -6.9414455097E+00    1.9400986016E+01   -6.4014022522E+01
    9.9976327633E-01   -6.9414455097E+00    1.9400986016E+01   -6.4014022522E+01
    9.9976322632E-01   -6.9414455097E+00    1.9400986016E+01   -6.4014022522E+01
    9.9976317632E-01   -6.9414455097E+00    1.9400986016E+01   -6.4014022522E+01
    9.9976312631E-01   -6.9414455097E+00    1.9400986016E+01   -6.4014022522E+01
    9.9976307631E-01   -6.9414455097E+00    1.9400986016E+01   -6.4014022522E+01
    9.9976302630E-01   -6.9414455097E+00    1.9400986016E+01   -6.4014022522E+01
    9.9976297630E-01   -6.9414455097E+00    1.9400986016E+01   -6.4014022522E+01
    9.9976292629E-01   -6.9414455097E+00    1.9400986016E+01   -6.4014022522E+01
    9.9976287629E-01   -6.9414455097E+00    1.9400986016E+01   -6.4014022522E+01
    9.9976282628E-01   -6.9414455097E+00    1.9400986016E+01   -6.4014022522E+01
    9.9976277628E-01   -6.9414455097E+00    1.9400986016E+01   -6.4014022522E+01
    9.9976272627E-01   -6.9414455097E+00    1.9400986016E+01   -6.4014022522E+01
    9.9976267627E-01   -6.9414455097E+00    1.9400986016E+01   -6.4014022522E+01
    9.9976262626E-01   -6.9414455097E+00    1.9400986016E+01   -6.4014022522E+01
    9.9976257626E-01   -6.9414455097E+00    1.9400986016E+01   -6.4014022522E+01
    9.9976252625E-01   -6.9414455097E+00    1.9400986016E+01   -6.4014022522E+01
    9.9976247625E-01   -6.9414455097E+00    1.9400986016E+01   -6.4014022522E+01
    9.9976242624E-01   -6.9414455097E+00    1.9400986016E+01   -6.4014022522E+01
    9.9976237624E-01   -6.9414455097E+00    1.9400986016E+01   -6.4014022522E+01
    9.9976232623E-01   -6.9414455097E+00    1.9400986016E+01   -6.4014022522E+01
    9.9976227623E-01   -6.9414455097E+00    1.9400986016E+01   -6.4014022522E+01
    9.9976222622E-01   -6.9414455097E+00    1.9400986016E+01   -6.4014022522E+01
    9.9976217622E-01   -6.9414455097E+00    1.9400986016E+01   -6.4014022522E+01
    9.9976212621E-01   -6.9414455097E+00    1.9400986016E+01   -6.4014022522E+01
    9.9976207621E-01   -6.9414455097E+00    1.9400986016E+01   -6.4014022522E+01
    9.9976202620E-01   -6.9414455097E+00    1.9400986016E+01   -6.4014022522E+01
    9.9976197620E-01   -6.9414455097E+00    1.9400986016E+01   -6.4014022522E+01
    9.9976192619E-01   -6.9414455097E+00    1.9400986016E+01   -6.4014022522E+01
    9.9976187619E-01   -6.9414455097E+00    1.9400986016E+01   -6.4014022522E+01
    9.9976182618E-01   -6.9414455097E+00    1.9400986016E+01   -6.4014022522E+01
    9.9976177618E-01   -6.9414455097E+00    1.9400986016E+01   -6.4014022522E+01
    9.9976172617E-01   -6.9414455097E+00    1.9400986016E+01   -6.4014022522E+01
    9.9976167617E-01   -6.9414455097E+00    1.9400986016E+01   -6.4014022522E+01
    9.9976162616E-01   -6.9414455097E+00    1.9400986016E+01   -6.4014022522E+01
    9.9976157616E-01   -6.9414455097E+00    1.9400986016E+01   -6.4014022522E+01
    9.9976152615E-01   -6.9414455097E+00    1.9400986016E+01   -6.4014022522E+01
    9.9976147615E-01   -6.9414455097E+00    1.9400986016E+01   -6.4014022522E+01
    9.9976142614E-01   -6.9414455097E+00    1.9400986016E+01   -6.4014022522E+01
    9.9976137614E-01   -6.9414455097E+00    1.9400986016E+01   -6.4014022522E+01
    9.9976132613E-01   -6.9414455097E+00    1.9400986016E+01   -6.4014022522E+01
    9.9976127613E-01   -6.9414455097E+00    1.9400986016E+01   -6.4014022522E+01
    9.9976122612E-01   -6.9414455097E+00    1.9400986016E+01   -6.4014022522E+01
    9.9976117612E-01   -6.9414455097E+00    1.9400986016E+01   -6.4014022522E+01
    9.9976112611E-01   -6.9414455097E+00    1.9400986016E+01   -6.4014022522E+01
    9.9976107611E-01   -6.9414455097E+00    1.9400986016E+01   -6.4014022522E+01
    9.9976102610E-01   -6.9414455097E+00    1.9400986016E+01   -6.4014022522E+01
    9.9976097610E-01   -6.9414455097E+00    1.9400986016E+01   -6.4014022522E+01
    9.9976092609E-01   -6.9414455097E+00    1.9400986016E+01   -6.4014022522E+01
    9.9976087609E-01   -6.9414455097E+00    1.9400986016E+01   -6.4014022522E+01
    9.9976082608E-01   -6.9414455097E+00    1.9400986016E+01   -6.4014022522E+01
    9.9976077608E-01   -6.9414455097E+00    1.9400986016E+01   -6.4014022522E+01
    9.9976072607E-01   -6.9414455097E+00    1.9400986016E+01   -6.4014022522E+01
    9.9976067607E-01   -6.9414455097E+00    1.9400986016E+01   -6.4014022522E+01
    9.9976062606E-01   -6.9414455097E+00    1.9400986016E+01   -6.4014022522E+01
    9.9976057606E-01   -6.9414455097E+00    1.9400986016E+01   -6.4014022522E+01
    9.9976052605E-01   -6.9414455097E+00    1.9400986016E+01   -6.4014022522E+01
    9.9976047605E-01   -6.9414455097E+00    1.9400986016E+01   -6.4014022522E+01
    9.9976042604E-01   -6.9414455097E+00    1.9400986016E+01   -6.4014022522E+01
    9.9976037604E-01   -6.9414455097E+00    1.9400986016E+01   -6.4014022522E+01
    9.9976032603E-01   -6.9414455097E+00    1.9400986016E+01   -6.4014022522E+01
    9.9976027603E-01   -6.9414455097E+00    1.9400986016E+01   -6.4014022522E+01
    9.9976022602E-01   -6.9414455097E+00    1.9400986016E+01   -6.4014022522E+01
    9.9976017602E-01   -6.9414455097E+00    1.9400986016E+01   -6.4014022522E+01
    9.9976012601E-01   -6.9414455097E+00    1.9400986016E+01   -6.4014022522E+01
    9.9976007601E-01   -6.9414455097E+00    1.9400986016E+01   -6.4014022522E+01
    9.9976002600E-01   -6.9414455097E+00    1.9400986016E+01   -6.4014022522E+01
    9.9975997600E-01   -6.9414455097E+00    1.9400986016E+01   -6.4014022522E+01
    9.9975992599E-01   -6.9414455097E+00    1.9400986016E+01   -6.4014022522E+01
    9.9975987599E-01   -6.9414455097E+00    1.9400986016E+01   -6.4014022522E+01
    9.9975982598E-01   -6.9414455097E+00    1.9400986016E+01   -6.4014022522E+01
    9.9975977598E-01   -6.9414455097E+00    1.9400986016E+01   -6.4014022522E+01
    9.9975972597E-01   -6.9414455097E+00    1.9400986016E+01   -6.4014022522E+01
    9.9975967597E-01   -6.9414455097E+00    1.9400986016E+01   -6.4014022522E+01
    9.9975962596E-01   -6.9414455097E+00    1.9400986016E+01   -6.4014022522E+01
    9.9975957596E-01   -6.9414455097E+00    1.9400986016E+01   -6.4014022522E+01
    9.9975952595E-01   -6.9414455097E+00    1.9400986016E+01   -6.4014022522E+01
    9.9975947595E-01   -6.9414455097E+00    1.9400986016E+01   -6.4014022522E+01
    9.9975942594E-01   -6.9414455097E+00    1.9400986016E+01   -6.4014022522E+01
    9.9975937594E-01   -6.9414455097E+00    1.9400986016E+01   -6.4014022522E+01
    9.9975932593E-01   -6.9414455097E+00    1.9400986016E+01   -6.4014022522E+01
    9.9975927593E-01   -6.9414455097E+00    1.9400986016E+01   -6.4014022522E+01
    9.9975922592E-01   -6.9414455097E+00    1.9400986016E+01   -6.4014022522E+01
    9.9975917592E-01   -6.9414455097E+00    1.9400986016E+01   -6.4014022522E+01
    9.9975912591E-01   -6.9414455097E+00    1.9400986016E+01   -6.4014022522E+01
    9.9975907591E-01   -6.9414455097E+00    1.9400986016E+01   -6.4014022522E+01
    9.9975902590E-01   -6.9414455097E+00    1.9400986016E+01   -6.4014022522E+01
    9.9975897590E-01   -6.9414455097E+00    1.9400986016E+01   -6.4014022522E+01
    9.9975892589E-01   -6.9414455097E+00    1.9400986016E+01   -6.4014022522E+01
    9.9975887589E-01   -6.9414455097E+00    1.9400986016E+01   -6.4014022522E+01
    9.9975882588E-01   -6.9414455097E+00    1.9400986016E+01   -6.4014022522E+01
    9.9975877588E-01   -6.9414455097E+00    1.9400986016E+01   -6.4014022522E+01
    9.9975872587E-01   -6.9414455097E+00    1.9400986016E+01   -6.4014022522E+01
    9.9975867587E-01   -6.9414455097E+00    1.9400986016E+01   -6.4014022522E+01
    9.9975862586E-01   -6.9414455097E+00    1.9400986016E+01   -6.4014022522E+01
    9.9975857586E-01   -6.9414455097E+00    1.9400986016E+01   -6.4014022522E+01
    9.9975852585E-01   -6.9414455097E+00    1.9400986016E+01   -6.4014022522E+01
    9.9975847585E-01   -6.9414455097E+00    1.9400986016E+01   -6.4014022522E+01
    9.9975842584E-01   -6.9414455097E+00    1.9400986016E+01   -6.4014022522E+01
    9.9975837584E-01   -6.9414455097E+00    1.9400986016E+01   -6.4014022522E+01
    9.9975832583E-01   -6.9414455097E+00    1.9400986016E+01   -6.4014022522E+01
    9.9975827583E-01   -6.9414455097E+00    1.9400986016E+01   -6.4014022522E+01
    9.9975822582E-01   -6.9414455097E+00    1.9400986016E+01   -6.4014022522E+01
    9.9975817582E-01   -6.9414455097E+00    1.9400986016E+01   -6.4014022522E+01
    9.9975812581E-01   -6.9414455097E+00    1.9400986016E+01   -6.4014022522E+01
    9.9975807581E-01   -6.9414455097E+00    1.9400986016E+01   -6.4014022522E+01
    9.9975802580E-01   -6.9414455097E+00    1.9400986016E+01   -6.4014022522E+01
    9.9975797580E-01   -6.9414455097E+00    1.9400986016E+01   -6.4014022522E+01
    9.9975792579E-01   -6.9414455097E+00    1.9400986016E+01   -6.4014022522E+01
    9.9975787579E-01   -6.9414455097E+00    1.9400986016E+01   -6.4014022522E+01
    9.9975782578E-01   -6.9414455097E+00    1.9400986016E+01   -6.4014022522E+01
    9.9975777578E-01   -6.9414455097E+00    1.9400986016E+01   -6.4014022522E+01
    9.9975772577E-01   -6.9414455097E+00    1.9400986016E+01   -6.4014022522E+01
    9.9975767577E-01   -6.9414455097E+00    1.9400986016E+01   -6.4014022522E+01
    9.9975762576E-01   -6.9414455097E+00    1.9400986016E+01   -6.4014022522E+01
    9.9975757576E-01   -6.9414455097E+00    1.9400986016E+01   -6.4014022522E+01
    9.9975752575E-01   -6.9414455097E+00    1.9400986016E+01   -6.4014022522E+01
    9.9975747575E-01   -6.9414455097E+00    1.9400986016E+01   -6.4014022522E+01
    9.9975742574E-01   -6.9414455097E+00    1.9400986016E+01   -6.4014022522E+01
    9.9975737574E-01   -6.9414455097E+00    1.9400986016E+01   -6.4014022522E+01
    9.9975732573E-01   -6.9414455097E+00    1.9400986016E+01   -6.4014022522E+01
    9.9975727573E-01   -6.9414455097E+00    1.9400986016E+01   -6.4014022522E+01
    9.9975722572E-01   -6.9414455097E+00    1.9400986016E+01   -6.4014022522E+01
    9.9975717572E-01   -6.9414455097E+00    1.9400986016E+01   -6.4014022522E+01
    9.9975712571E-01   -6.9414455097E+00    1.9400986016E+01   -6.4014022522E+01
    9.9975707571E-01   -6.9414455097E+00    1.9400986016E+01   -6.4014022522E+01
    9.9975702570E-01   -6.9414455097E+00    1.9400986016E+01   -6.4014022522E+01
    9.9975697570E-01   -6.9414455097E+00    1.9400986016E+01   -6.4014022522E+01
    9.9975692569E-01   -6.9414455097E+00    1.9400986016E+01   -6.4014022522E+01
    9.9975687569E-01   -6.9414455097E+00    1.9400986016E+01   -6.4014022522E+01
    9.9975682568E-01   -6.9414455097E+00    1.9400986016E+01   -6.4014022522E+01
    9.9975677568E-01   -6.9414455097E+00    1.9400986016E+01   -6.4014022522E+01
    9.9975672567E-01   -6.9414455097E+00    1.9400986016E+01   -6.4014022522E+01
    9.9975667567E-01   -6.9414455097E+00    1.9400986016E+01   -6.4014022522E+01
    9.9975662566E-01   -6.9414455097E+00    1.9400986016E+01   -6.4014022522E+01
    9.9975657566E-01   -6.9414455097E+00    1.9400986016E+01   -6.4014022522E+01
    9.9975652565E-01   -6.9414455097E+00    1.9400986016E+01   -6.4014022522E+01
    9.9975647565E-01   -6.9414455097E+00    1.9400986016E+01   -6.4014022522E+01
    9.9975642564E-01   -6.9414455097E+00    1.9400986016E+01   -6.4014022522E+01
    9.9975637564E-01   -6.9414455097E+00    1.9400986016E+01   -6.4014022522E+01
    9.9975632563E-01   -6.9414455097E+00    1.9400986016E+01   -6.4014022522E+01
    9.9975627563E-01   -6.9414455097E+00    1.9400986016E+01   -6.4014022522E+01
    9.9975622562E-01   -6.9414455097E+00    1.9400986016E+01   -6.4014022522E+01
    9.9975617562E-01   -6.9414455097E+00    1.9400986016E+01   -6.4014022522E+01
    9.9975612561E-01   -6.9414455097E+00    1.9400986016E+01   -6.4014022522E+01
    9.9975607561E-01   -6.9414455097E+00    1.9400986016E+01   -6.4014022522E+01
    9.9975602560E-01   -6.9414455097E+00    1.9400986016E+01   -6.4014022522E+01
    9.9975597560E-01   -6.9414455097E+00    1.9400986016E+01   -6.4014022522E+01
    9.9975592559E-01   -6.9414455097E+00    1.9400986016E+01   -6.4014022522E+01
    9.9975587559E-01   -6.9414455097E+00    1.9400986016E+01   -6.4014022522E+01
    9.9975582558E-01   -6.9414455097E+00    1.9400986016E+01   -6.4014022522E+01
    9.9975577558E-01   -6.9414455097E+00    1.9400986016E+01   -6.4014022522E+01
    9.9975572557E-01   -6.9414455097E+00    1.9400986016E+01   -6.4014022522E+01
    9.9975567557E-01   -6.9414455097E+00    1.9400986016E+01   -6.4014022522E+01
    9.9975562556E-01   -6.9414455097E+00    1.9400986016E+01   -6.4014022522E+01
    9.9975557556E-01   -6.9414455097E+00    1.9400986016E+01   -6.4014022522E+01
    9.9975552555E-01   -6.9414455097E+00    1.9400986016E+01   -6.4014022522E+01
    9.9975547555E-01   -6.9414455097E+00    1.9400986016E+01   -6.4014022522E+01
    9.9975542554E-01   -6.9414455097E+00    1.9400986016E+01   -6.4014022522E+01
    9.9975537554E-01   -6.9414455097E+00    1.9400986016E+01   -6.4014022522E+01
    9.9975532553E-01   -6.9414455097E+00    1.9400986016E+01   -6.4014022522E+01
    9.9975527553E-01   -6.9414455097E+00    1.9400986016E+01   -6.4014022522E+01
    9.9975522552E-01   -6.9414455097E+00    1.9400986016E+01   -6.4014022522E+01
    9.9975517552E-01   -6.9414455097E+00    1.9400986016E+01   -6.4014022522E+01
    9.9975512551E-01   -6.9414455097E+00    1.9400986016E+01   -6.4014022522E+01
    9.9975507551E-01   -6.9414455097E+00    1.9400986016E+01   -6.4014022522E+01
    9.9975502550E-01   -6.9414455097E+00    1.9400986016E+01   -6.4014022522E+01
    9.9975497550E-01   -6.9414455097E+00    1.9400986016E+01   -6.4014022522E+01
    9.9975492549E-01   -6.9414455097E+00    1.9400986016E+01   -6.4014022522E+01
    9.9975487549E-01   -6.9414455097E+00    1.9400986016E+01   -6.4014022522E+01
    9.9975482548E-01   -6.9414455097E+00    1.9400986016E+01   -6.4014022522E+01
    9.9975477548E-01   -6.9414455097E+00    1.9400986016E+01   -6.4014022522E+01
    9.9975472547E-01   -6.9414455097E+00    1.9400986016E+01   -6.4014022522E+01
    9.9975467547E-01   -6.9414455097E+00    1.9400986016E+01   -6.4014022522E+01
    9.9975462546E-01   -6.9414455097E+00    1.9400986016E+01   -6.4014022522E+01
    9.9975457546E-01   -6.9414455097E+00    1.9400986016E+01   -6.4014022522E+01
    9.9975452545E-01   -6.9414455097E+00    1.9400986016E+01   -6.4014022522E+01
    9.9975447545E-01   -6.9414455097E+00    1.9400986016E+01   -6.4014022522E+01
    9.9975442544E-01   -6.9414455097E+00    1.9400986016E+01   -6.4014022522E+01
    9.9975437544E-01   -6.9414455097E+00    1.9400986016E+01   -6.4014022522E+01
    9.9975432543E-01   -6.9414455097E+00    1.9400986016E+01   -6.4014022522E+01
    9.9975427543E-01   -6.9414455097E+00    1.9400986016E+01   -6.4014022522E+01
    9.9975422542E-01   -6.9414455097E+00    1.9400986016E+01   -6.4014022522E+01
    9.9975417542E-01   -6.9414455097E+00    1.9400986016E+01   -6.4014022522E+01
    9.9975412541E-01   -6.9414455097E+00    1.9400986016E+01   -6.4014022522E+01
    9.9975407541E-01   -6.9414455097E+00    1.9400986016E+01   -6.4014022522E+01
    9.9975402540E-01   -6.9414455097E+00    1.9400986016E+01   -6.4014022522E+01
    9.9975397540E-01   -6.9414455097E+00    1.9400986016E+01   -6.4014022522E+01
    9.9975392539E-01   -6.9414455097E+00    1.9400986016E+01   -6.4014022522E+01
    9.9975387539E-01   -6.9414455097E+00    1.9400986016E+01   -6.4014022522E+01
    9.9975382538E-01   -6.9414455097E+00    1.9400986016E+01   -6.4014022522E+01
    9.9975377538E-01   -6.9414455097E+00    1.9400986016E+01   -6.4014022522E+01
    9.9975372537E-01   -6.9414455097E+00    1.9400986016E+01   -6.4014022522E+01
    9.9975367537E-01   -6.9414455097E+00    1.9400986016E+01   -6.4014022522E+01
    9.9975362536E-01   -6.9414455097E+00    1.9400986016E+01   -6.4014022522E+01
    9.9975357536E-01   -6.9414455097E+00    1.9400986016E+01   -6.4014022522E+01
    9.9975352535E-01   -6.9414455097E+00    1.9400986016E+01   -6.4014022522E+01
    9.9975347535E-01   -6.9414455097E+00    1.9400986016E+01   -6.4014022522E+01
    9.9975342534E-01   -6.9414455097E+00    1.9400986016E+01   -6.4014022522E+01
    9.9975337534E-01   -6.9414455097E+00    1.9400986016E+01   -6.4014022522E+01
    9.9975332533E-01   -6.9414455097E+00    1.9400986016E+01   -6.4014022522E+01
    9.9975327533E-01   -6.9414455097E+00    1.9400986016E+01   -6.4014022522E+01
    9.9975322532E-01   -6.9414455097E+00    1.9400986016E+01   -6.4014022522E+01
    9.9975317532E-01   -6.9414455097E+00    1.9400986016E+01   -6.4014022522E+01
    9.9975312531E-01   -6.9414455097E+00    1.9400986016E+01   -6.4014022522E+01
    9.9975307531E-01   -6.9414455097E+00    1.9400986016E+01   -6.4014022522E+01
    9.9975302530E-01   -6.9414455097E+00    1.9400986016E+01   -6.4014022522E+01
    9.9975297530E-01   -6.9414455097E+00    1.9400986016E+01   -6.4014022522E+01
    9.9975292529E-01   -6.9414455097E+00    1.9400986016E+01   -6.4014022522E+01
    9.9975287529E-01   -6.9414455097E+00    1.9400986016E+01   -6.4014022522E+01
    9.9975282528E-01   -6.9414455097E+00    1.9400986016E+01   -6.4014022522E+01
    9.9975277528E-01   -6.9414455097E+00    1.9400986016E+01   -6.4014022522E+01
    9.9975272527E-01   -6.9414455097E+00    1.9400986016E+01   -6.4014022522E+01
    9.9975267527E-01   -6.9414455097E+00    1.9400986016E+01   -6.4014022522E+01
    9.9975262526E-01   -6.9414455097E+00    1.9400986016E+01   -6.4014022522E+01
    9.9975257526E-01   -6.9414455097E+00    1.9400986016E+01   -6.4014022522E+01
    9.9975252525E-01   -6.9414455097E+00    1.9400986016E+01   -6.4014022522E+01
    9.9975247525E-01   -6.9414455097E+00    1.9400986016E+01   -6.4014022522E+01
    9.9975242524E-01   -6.9414455097E+00    1.9400986016E+01   -6.4014022522E+01
    9.9975237524E-01   -6.9414455097E+00    1.9400986016E+01   -6.4014022522E+01
    9.9975232523E-01   -6.9414455097E+00    1.9400986016E+01   -6.4014022522E+01
    9.9975227523E-01   -6.9414455097E+00    1.9400986016E+01   -6.4014022522E+01
    9.9975222522E-01   -6.9414455097E+00    1.9400986016E+01   -6.4014022522E+01
    9.9975217522E-01   -6.9414455097E+00    1.9400986016E+01   -6.4014022522E+01
    9.9975212521E-01   -6.9414455097E+00    1.9400986016E+01   -6.4014022522E+01
    9.9975207521E-01   -6.9414455097E+00    1.9400986016E+01   -6.4014022522E+01
    9.9975202520E-01   -6.9414455097E+00    1.9400986016E+01   -6.4014022522E+01
    9.9975197520E-01   -6.9414455097E+00    1.9400986016E+01   -6.4014022522E+01
    9.9975192519E-01   -6.9414455097E+00    1.9400986016E+01   -6.4014022522E+01
    9.9975187519E-01   -6.9414455097E+00    1.9400986016E+01   -6.4014022522E+01
    9.9975182518E-01   -6.9414455097E+00    1.9400986016E+01   -6.4014022522E+01
    9.9975177518E-01   -6.9414455097E+00    1.9400986016E+01   -6.4014022522E+01
    9.9975172517E-01   -6.9414455097E+00    1.9400986016E+01   -6.4014022522E+01
    9.9975167517E-01   -6.9414455097E+00    1.9400986016E+01   -6.4014022522E+01
    9.9975162516E-01   -6.9414455097E+00    1.9400986016E+01   -6.4014022522E+01
    9.9975157516E-01   -6.9414455097E+00    1.9400986016E+01   -6.4014022522E+01
    9.9975152515E-01   -6.9414455097E+00    1.9400986016E+01   -6.4014022522E+01
    9.9975147515E-01   -6.9414455097E+00    1.9400986016E+01   -6.4014022522E+01
    9.9975142514E-01   -6.9414455097E+00    1.9400986016E+01   -6.4014022522E+01
    9.9975137514E-01   -6.9414455097E+00    1.9400986016E+01   -6.4014022522E+01
    9.9975132513E-01   -6.9414455097E+00    1.9400986016E+01   -6.4014022522E+01
    9.9975127513E-01   -6.9414455097E+00    1.9400986016E+01   -6.4014022522E+01
    9.9975122512E-01   -6.9414455097E+00    1.9400986016E+01   -6.4014022522E+01
    9.9975117512E-01   -6.9414455097E+00    1.9400986016E+01   -6.4014022522E+01
    9.9975112511E-01   -6.9414455097E+00    1.9400986016E+01   -6.4014022522E+01
    9.9975107511E-01   -6.9414455097E+00    1.9400986016E+01   -6.4014022522E+01
    9.9975102510E-01   -6.9414455097E+00    1.9400986016E+01   -6.4014022522E+01
    9.9975097510E-01   -6.9414455097E+00    1.9400986016E+01   -6.4014022522E+01
    9.9975092509E-01   -6.9414455097E+00    1.9400986016E+01   -6.4014022522E+01
    9.9975087509E-01   -6.9414455097E+00    1.9400986016E+01   -6.4014022522E+01
    9.9975082508E-01   -6.9414455097E+00    1.9400986016E+01   -6.4014022522E+01
    9.9975077508E-01   -6.9414455097E+00    1.9400986016E+01   -6.4014022522E+01
    9.9975072507E-01   -6.9414455097E+00    1.9400986016E+01   -6.4014022522E+01
    9.9975067507E-01   -6.9414455097E+00    1.9400986016E+01   -6.4014022522E+01
    9.9975062506E-01   -6.9414455097E+00    1.9400986016E+01   -6.4014022522E+01
    9.9975057506E-01   -6.9414455097E+00    1.9400986016E+01   -6.4014022522E+01
    9.9975052505E-01   -6.9414455097E+00    1.9400986016E+01   -6.4014022522E+01
    9.9975047505E-01   -6.9414455097E+00    1.9400986016E+01   -6.4014022522E+01
    9.9975042504E-01   -6.9414455097E+00    1.9400986016E+01   -6.4014022522E+01
    9.9975037504E-01   -6.9414455097E+00    1.9400986016E+01   -6.4014022522E+01
    9.9975032503E-01   -6.9414455097E+00    1.9400986016E+01   -6.4014022522E+01
    9.9975027503E-01   -6.9414455097E+00    1.9400986016E+01   -6.4014022522E+01
    9.9975022502E-01   -6.9414455097E+00    1.9400986016E+01   -6.4014022522E+01
    9.9975017502E-01   -6.9414455097E+00    1.9400986016E+01   -6.4014022522E+01
    9.9975012501E-01   -6.9414455097E+00    1.9400986016E+01   -6.4014022522E+01
    9.9975007501E-01   -6.9414455097E+00    1.9400986016E+01   -6.4014022522E+01
    9.9975002500E-01   -6.9414455097E+00    1.9400986016E+01   -6.4014022522E+01
    9.9974997500E-01   -6.9414455097E+00    1.9400986016E+01   -6.4014022522E+01
    9.9974992499E-01   -6.9414455097E+00    1.9400986016E+01   -6.4014022522E+01
    9.9974987499E-01   -6.9414455097E+00    1.9400986016E+01   -6.4014022522E+01
    9.9974982498E-01   -6.9414455097E+00    1.9400986016E+01   -6.4014022522E+01
    9.9974977498E-01   -6.9414455097E+00    1.9400986016E+01   -6.4014022522E+01
    9.9974972497E-01   -6.9414455097E+00    1.9400986016E+01   -6.4014022522E+01
    9.9974967497E-01   -6.9414455097E+00    1.9400986016E+01   -6.4014022522E+01
    9.9974962496E-01   -6.9414455097E+00    1.9400986016E+01   -6.4014022522E+01
    9.9974957496E-01   -6.9414455097E+00    1.9400986016E+01   -6.4014022522E+01
    9.9974952495E-01   -6.9414455097E+00    1.9400986016E+01   -6.4014022522E+01
    9.9974947495E-01   -6.9414455097E+00    1.9400986016E+01   -6.4014022522E+01
    9.9974942494E-01   -6.9414455097E+00    1.9400986016E+01   -6.4014022522E+01
    9.9974937494E-01   -6.9414455097E+00    1.9400986016E+01   -6.4014022522E+01
    9.9974932493E-01   -6.9414455097E+00    1.9400986016E+01   -6.4014022522E+01
    9.9974927493E-01   -6.9414455097E+00    1.9400986016E+01   -6.4014022522E+01
    9.9974922492E-01   -6.9414455097E+00    1.9400986016E+01   -6.4014022522E+01
    9.9974917492E-01   -6.9414455097E+00    1.9400986016E+01   -6.4014022522E+01
    9.9974912491E-01   -6.9414455097E+00    1.9400986016E+01   -6.4014022522E+01
    9.9974907491E-01   -6.9414455097E+00    1.9400986016E+01   -6.4014022522E+01
    9.9974902490E-01   -6.9414455097E+00    1.9400986016E+01   -6.4014022522E+01
    9.9974897490E-01   -6.9414455097E+00    1.9400986016E+01   -6.4014022522E+01
    9.9974892489E-01   -6.9414455097E+00    1.9400986016E+01   -6.4014022522E+01
    9.9974887489E-01   -6.9414455097E+00    1.9400986016E+01   -6.4014022522E+01
    9.9974882488E-01   -6.9414455097E+00    1.9400986016E+01   -6.4014022522E+01
    9.9974877488E-01   -6.9414455097E+00    1.9400986016E+01   -6.4014022522E+01
    9.9974872487E-01   -6.9414455097E+00    1.9400986016E+01   -6.4014022522E+01
    9.9974867487E-01   -6.9414455097E+00    1.9400986016E+01   -6.4014022522E+01
    9.9974862486E-01   -6.9414455097E+00    1.9400986016E+01   -6.4014022522E+01
    9.9974857486E-01   -6.9414455097E+00    1.9400986016E+01   -6.4014022522E+01
    9.9974852485E-01   -6.9414455097E+00    1.9400986016E+01   -6.4014022522E+01
    9.9974847485E-01   -6.9414455097E+00    1.9400986016E+01   -6.4014022522E+01
    9.9974842484E-01   -6.9414455097E+00    1.9400986016E+01   -6.4014022522E+01
    9.9974837484E-01   -6.9414455097E+00    1.9400986016E+01   -6.4014022522E+01
    9.9974832483E-01   -6.9414455097E+00    1.9400986016E+01   -6.4014022522E+01
    9.9974827483E-01   -6.9414455097E+00    1.9400986016E+01   -6.4014022522E+01
    9.9974822482E-01   -6.9414455097E+00    1.9400986016E+01   -6.4014022522E+01
    9.9974817482E-01   -6.9414455097E+00    1.9400986016E+01   -6.4014022522E+01
    9.9974812481E-01   -6.9414455097E+00    1.9400986016E+01   -6.4014022522E+01
    9.9974807481E-01   -6.9414455097E+00    1.9400986016E+01   -6.4014022522E+01
    9.9974802480E-01   -6.9414455097E+00    1.9400986016E+01   -6.4014022522E+01
    9.9974797480E-01   -6.9414455097E+00    1.9400986016E+01   -6.4014022522E+01
    9.9974792479E-01   -6.9414455097E+00    1.9400986016E+01   -6.4014022522E+01
    9.9974787479E-01   -6.9414455097E+00    1.9400986016E+01   -6.4014022522E+01
    9.9974782478E-01   -6.9414455097E+00    1.9400986016E+01   -6.4014022522E+01
    9.9974777478E-01   -6.9414455097E+00    1.9400986016E+01   -6.4014022522E+01
    9.9974772477E-01   -6.9414455097E+00    1.9400986016E+01   -6.4014022522E+01
    9.9974767477E-01   -6.9414455097E+00    1.9400986016E+01   -6.4014022522E+01
    9.9974762476E-01   -6.9414455097E+00    1.9400986016E+01   -6.4014022522E+01
    9.9974757476E-01   -6.9414455097E+00    1.9400986016E+01   -6.4014022522E+01
    9.9974752475E-01   -6.9414455097E+00    1.9400986016E+01   -6.4014022522E+01
    9.9974747475E-01   -6.9414455097E+00    1.9400986016E+01   -6.4014022522E+01
    9.9974742474E-01   -6.9414455097E+00    1.9400986016E+01   -6.4014022522E+01
    9.9974737474E-01   -6.9414455097E+00    1.9400986016E+01   -6.4014022522E+01
    9.9974732473E-01   -6.9414455097E+00    1.9400986016E+01   -6.4014022522E+01
    9.9974727473E-01   -6.9414455097E+00    1.9400986016E+01   -6.4014022522E+01
    9.9974722472E-01   -6.9414455097E+00    1.9400986016E+01   -6.4014022522E+01
    9.9974717472E-01   -6.9414455097E+00    1.9400986016E+01   -6.4014022522E+01
    9.9974712471E-01   -6.9414455097E+00    1.9400986016E+01   -6.4014022522E+01
    9.9974707471E-01   -6.9414455097E+00    1.9400986016E+01   -6.4014022522E+01
    9.9974702470E-01   -6.9414455097E+00    1.9400986016E+01   -6.4014022522E+01
    9.9974697470E-01   -6.9414455097E+00    1.9400986016E+01   -6.4014022522E+01
    9.9974692469E-01   -6.9414455097E+00    1.9400986016E+01   -6.4014022522E+01
    9.9974687469E-01   -6.9414455097E+00    1.9400986016E+01   -6.4014022522E+01
    9.9974682468E-01   -6.9414455097E+00    1.9400986016E+01   -6.4014022522E+01
    9.9974677468E-01   -6.9414455097E+00    1.9400986016E+01   -6.4014022522E+01
    9.9974672467E-01   -6.9414455097E+00    1.9400986016E+01   -6.4014022522E+01
    9.9974667467E-01   -6.9414455097E+00    1.9400986016E+01   -6.4014022522E+01
    9.9974662466E-01   -6.9414455097E+00    1.9400986016E+01   -6.4014022522E+01
    9.9974657466E-01   -6.9414455097E+00    1.9400986016E+01   -6.4014022522E+01
    9.9974652465E-01   -6.9414455097E+00    1.9400986016E+01   -6.4014022522E+01
    9.9974647465E-01   -6.9414455097E+00    1.9400986016E+01   -6.4014022522E+01
    9.9974642464E-01   -6.9414455097E+00    1.9400986016E+01   -6.4014022522E+01
    9.9974637464E-01   -6.9414455097E+00    1.9400986016E+01   -6.4014022522E+01
    9.9974632463E-01   -6.9414455097E+00    1.9400986016E+01   -6.4014022522E+01
    9.9974627463E-01   -6.9414455097E+00    1.9400986016E+01   -6.4014022522E+01
    9.9974622462E-01   -6.9414455097E+00    1.9400986016E+01   -6.4014022522E+01
    9.9974617462E-01   -6.9414455097E+00    1.9400986016E+01   -6.4014022522E+01
    9.9974612461E-01   -6.9414455097E+00    1.9400986016E+01   -6.4014022522E+01
    9.9974607461E-01   -6.9414455097E+00    1.9400986016E+01   -6.4014022522E+01
    9.9974602460E-01   -6.9414455097E+00    1.9400986016E+01   -6.4014022522E+01
    9.9974597460E-01   -6.9414455097E+00    1.9400986016E+01   -6.4014022522E+01
    9.9974592459E-01   -6.9414455097E+00    1.9400986016E+01   -6.4014022522E+01
    9.9974587459E-01   -6.9414455097E+00    1.9400986016E+01   -6.4014022522E+01
    9.9974582458E-01   -6.9414455097E+00    1.9400986016E+01   -6.4014022522E+01
    9.9974577458E-01   -6.9414455097E+00    1.9400986016E+01   -6.4014022522E+01
    9.9974572457E-01   -6.9414455097E+00    1.9400986016E+01   -6.4014022522E+01
    9.9974567457E-01   -6.9414455097E+00    1.9400986016E+01   -6.4014022522E+01
    9.9974562456E-01   -6.9414455097E+00    1.9400986016E+01   -6.4014022522E+01
    9.9974557456E-01   -6.9414455097E+00    1.9400986016E+01   -6.4014022522E+01
    9.9974552455E-01   -6.9414455097E+00    1.9400986016E+01   -6.4014022522E+01
    9.9974547455E-01   -6.9414455097E+00    1.9400986016E+01   -6.4014022522E+01
    9.9974542454E-01   -6.9414455097E+00    1.9400986016E+01   -6.4014022522E+01
    9.9974537454E-01   -6.9414455097E+00    1.9400986016E+01   -6.4014022522E+01
    9.9974532453E-01   -6.9414455097E+00    1.9400986016E+01   -6.4014022522E+01
    9.9974527453E-01   -6.9414455097E+00    1.9400986016E+01   -6.4014022522E+01
    9.9974522452E-01   -6.9414455097E+00    1.9400986016E+01   -6.4014022522E+01
    9.9974517452E-01   -6.9414455097E+00    1.9400986016E+01   -6.4014022522E+01
    9.9974512451E-01   -6.9414455097E+00    1.9400986016E+01   -6.4014022522E+01
    9.9974507451E-01   -6.9414455097E+00    1.9400986016E+01   -6.4014022522E+01
    9.9974502450E-01   -6.9414455097E+00    1.9400986016E+01   -6.4014022522E+01
    9.9974497450E-01   -6.9414455097E+00    1.9400986016E+01   -6.4014022522E+01
    9.9974492449E-01   -6.9414455097E+00    1.9400986016E+01   -6.4014022522E+01
    9.9974487449E-01   -6.9414455097E+00    1.9400986016E+01   -6.4014022522E+01
    9.9974482448E-01   -6.9414455097E+00    1.9400986016E+01   -6.4014022522E+01
    9.9974477448E-01   -6.9414455097E+00    1.9400986016E+01   -6.4014022522E+01
    9.9974472447E-01   -6.9414455097E+00    1.9400986016E+01   -6.4014022522E+01
    9.9974467447E-01   -6.9414455097E+00    1.9400986016E+01   -6.4014022522E+01
    9.9974462446E-01   -6.9414455097E+00    1.9400986016E+01   -6.4014022522E+01
    9.9974457446E-01   -6.9414455097E+00    1.9400986016E+01   -6.4014022522E+01
    9.9974452445E-01   -6.9414455097E+00    1.9400986016E+01   -6.4014022522E+01
    9.9974447445E-01   -6.9414455097E+00    1.9400986016E+01   -6.4014022522E+01
    9.9974442444E-01   -6.9414455097E+00    1.9400986016E+01   -6.4014022522E+01
    9.9974437444E-01   -6.9414455097E+00    1.9400986016E+01   -6.4014022522E+01
    9.9974432443E-01   -6.9414455097E+00    1.9400986016E+01   -6.4014022522E+01
    9.9974427443E-01   -6.9414455097E+00    1.9400986016E+01   -6.4014022522E+01
    9.9974422442E-01   -6.9414455097E+00    1.9400986016E+01   -6.4014022522E+01
    9.9974417442E-01   -6.9414455097E+00    1.9400986016E+01   -6.4014022522E+01
    9.9974412441E-01   -6.9414455097E+00    1.9400986016E+01   -6.4014022522E+01
    9.9974407441E-01   -6.9414455097E+00    1.9400986016E+01   -6.4014022522E+01
    9.9974402440E-01   -6.9414455097E+00    1.9400986016E+01   -6.4014022522E+01
    9.9974397440E-01   -6.9414455097E+00    1.9400986016E+01   -6.4014022522E+01
    9.9974392439E-01   -6.9414455097E+00    1.9400986016E+01   -6.4014022522E+01
    9.9974387439E-01   -6.9414455097E+00    1.9400986016E+01   -6.4014022522E+01
    9.9974382438E-01   -6.9414455097E+00    1.9400986016E+01   -6.4014022522E+01
    9.9974377438E-01   -6.9414455097E+00    1.9400986016E+01   -6.4014022522E+01
    9.9974372437E-01   -6.9414455097E+00    1.9400986016E+01   -6.4014022522E+01
    9.9974367437E-01   -6.9414455097E+00    1.9400986016E+01   -6.4014022522E+01
    9.9974362436E-01   -6.9414455097E+00    1.9400986016E+01   -6.4014022522E+01
    9.9974357436E-01   -6.9414455097E+00    1.9400986016E+01   -6.4014022522E+01
    9.9974352435E-01   -6.9414455097E+00    1.9400986016E+01   -6.4014022522E+01
    9.9974347435E-01   -6.9414455097E+00    1.9400986016E+01   -6.4014022522E+01
    9.9974342434E-01   -6.9414455097E+00    1.9400986016E+01   -6.4014022522E+01
    9.9974337434E-01   -6.9414455097E+00    1.9400986016E+01   -6.4014022522E+01
    9.9974332433E-01   -6.9414455097E+00    1.9400986016E+01   -6.4014022522E+01
    9.9974327433E-01   -6.9414455097E+00    1.9400986016E+01   -6.4014022522E+01
    9.9974322432E-01   -6.9414455097E+00    1.9400986016E+01   -6.4014022522E+01
    9.9974317432E-01   -6.9414455097E+00    1.9400986016E+01   -6.4014022522E+01
    9.9974312431E-01   -6.9414455097E+00    1.9400986016E+01   -6.4014022522E+01
    9.9974307431E-01   -6.9414455097E+00    1.9400986016E+01   -6.4014022522E+01
    9.9974302430E-01   -6.9414455097E+00    1.9400986016E+01   -6.4014022522E+01
    9.9974297430E-01   -6.9414455097E+00    1.9400986016E+01   -6.4014022522E+01
    9.9974292429E-01   -6.9414455097E+00    1.9400986016E+01   -6.4014022522E+01
    9.9974287429E-01   -6.9414455097E+00    1.9400986016E+01   -6.4014022522E+01
    9.9974282428E-01   -6.9414455097E+00    1.9400986016E+01   -6.4014022522E+01
    9.9974277428E-01   -6.9414455097E+00    1.9400986016E+01   -6.4014022522E+01
    9.9974272427E-01   -6.9414455097E+00    1.9400986016E+01   -6.4014022522E+01
    9.9974267427E-01   -6.9414455097E+00    1.9400986016E+01   -6.4014022522E+01
    9.9974262426E-01   -6.9414455097E+00    1.9400986016E+01   -6.4014022522E+01
    9.9974257426E-01   -6.9414455097E+00    1.9400986016E+01   -6.4014022522E+01
    9.9974252425E-01   -6.9414455097E+00    1.9400986016E+01   -6.4014022522E+01
    9.9974247425E-01   -6.9414455097E+00    1.9400986016E+01   -6.4014022522E+01
    9.9974242424E-01   -6.9414455097E+00    1.9400986016E+01   -6.4014022522E+01
    9.9974237424E-01   -6.9414455097E+00    1.9400986016E+01   -6.4014022522E+01
    9.9974232423E-01   -6.9414455097E+00    1.9400986016E+01   -6.4014022522E+01
    9.9974227423E-01   -6.9414455097E+00    1.9400986016E+01   -6.4014022522E+01
    9.9974222422E-01   -6.9414455097E+00    1.9400986016E+01   -6.4014022522E+01
    9.9974217422E-01   -6.9414455097E+00    1.9400986016E+01   -6.4014022522E+01
    9.9974212421E-01   -6.9414455097E+00    1.9400986016E+01   -6.4014022522E+01
    9.9974207421E-01   -6.9414455097E+00    1.9400986016E+01   -6.4014022522E+01
    9.9974202420E-01   -6.9414455097E+00    1.9400986016E+01   -6.4014022522E+01
    9.9974197420E-01   -6.9414455097E+00    1.9400986016E+01   -6.4014022522E+01
    9.9974192419E-01   -6.9414455097E+00    1.9400986016E+01   -6.4014022522E+01
    9.9974187419E-01   -6.9414455097E+00    1.9400986016E+01   -6.4014022522E+01
    9.9974182418E-01   -6.9414455097E+00    1.9400986016E+01   -6.4014022522E+01
    9.9974177418E-01   -6.9414455097E+00    1.9400986016E+01   -6.4014022522E+01
    9.9974172417E-01   -6.9414455097E+00    1.9400986016E+01   -6.4014022522E+01
    9.9974167417E-01   -6.9414455097E+00    1.9400986016E+01   -6.4014022522E+01
    9.9974162416E-01   -6.9414455097E+00    1.9400986016E+01   -6.4014022522E+01
    9.9974157416E-01   -6.9414455097E+00    1.9400986016E+01   -6.4014022522E+01
    9.9974152415E-01   -6.9414455097E+00    1.9400986016E+01   -6.4014022522E+01
    9.9974147415E-01   -6.9414455097E+00    1.9400986016E+01   -6.4014022522E+01
    9.9974142414E-01   -6.9414455097E+00    1.9400986016E+01   -6.4014022522E+01
    9.9974137414E-01   -6.9414455097E+00    1.9400986016E+01   -6.4014022522E+01
    9.9974132413E-01   -6.9414455097E+00    1.9400986016E+01   -6.4014022522E+01
    9.9974127413E-01   -6.9414455097E+00    1.9400986016E+01   -6.4014022522E+01
    9.9974122412E-01   -6.9414455097E+00    1.9400986016E+01   -6.4014022522E+01
    9.9974117412E-01   -6.9414455097E+00    1.9400986016E+01   -6.4014022522E+01
    9.9974112411E-01   -6.9414455097E+00    1.9400986016E+01   -6.4014022522E+01
    9.9974107411E-01   -6.9414455097E+00    1.9400986016E+01   -6.4014022522E+01
    9.9974102410E-01   -6.9414455097E+00    1.9400986016E+01   -6.4014022522E+01
    9.9974097410E-01   -6.9414455097E+00    1.9400986016E+01   -6.4014022522E+01
    9.9974092409E-01   -6.9414455097E+00    1.9400986016E+01   -6.4014022522E+01
    9.9974087409E-01   -6.9414455097E+00    1.9400986016E+01   -6.4014022522E+01
    9.9974082408E-01   -6.9414455097E+00    1.9400986016E+01   -6.4014022522E+01
    9.9974077408E-01   -6.9414455097E+00    1.9400986016E+01   -6.4014022522E+01
    9.9974072407E-01   -6.9414455097E+00    1.9400986016E+01   -6.4014022522E+01
    9.9974067407E-01   -6.9414455097E+00    1.9400986016E+01   -6.4014022522E+01
    9.9974062406E-01   -6.9414455097E+00    1.9400986016E+01   -6.4014022522E+01
    9.9974057406E-01   -6.9414455097E+00    1.9400986016E+01   -6.4014022522E+01
    9.9974052405E-01   -6.9414455097E+00    1.9400986016E+01   -6.4014022522E+01
    9.9974047405E-01   -6.9414455097E+00    1.9400986016E+01   -6.4014022522E+01
    9.9974042404E-01   -6.9414455097E+00    1.9400986016E+01   -6.4014022522E+01
    9.9974037404E-01   -6.9414455097E+00    1.9400986016E+01   -6.4014022522E+01
    9.9974032403E-01   -6.9414455097E+00    1.9400986016E+01   -6.4014022522E+01
    9.9974027403E-01   -6.9414455097E+00    1.9400986016E+01   -6.4014022522E+01
    9.9974022402E-01   -6.9414455097E+00    1.9400986016E+01   -6.4014022522E+01
    9.9974017402E-01   -6.9414455097E+00    1.9400986016E+01   -6.4014022522E+01
    9.9974012401E-01   -6.9414455097E+00    1.9400986016E+01   -6.4014022522E+01
    9.9974007401E-01   -6.9414455097E+00    1.9400986016E+01   -6.4014022522E+01
    9.9974002400E-01   -6.9414455097E+00    1.9400986016E+01   -6.4014022522E+01
    9.9973997400E-01   -6.9414455097E+00    1.9400986016E+01   -6.4014022522E+01
    9.9973992399E-01   -6.9414455097E+00    1.9400986016E+01   -6.4014022522E+01
    9.9973987399E-01   -6.9414455097E+00    1.9400986016E+01   -6.4014022522E+01
    9.9973982398E-01   -6.9414455097E+00    1.9400986016E+01   -6.4014022522E+01
    9.9973977398E-01   -6.9414455097E+00    1.9400986016E+01   -6.4014022522E+01
    9.9973972397E-01   -6.9414455097E+00    1.9400986016E+01   -6.4014022522E+01
    9.9973967397E-01   -6.9414455097E+00    1.9400986016E+01   -6.4014022522E+01
    9.9973962396E-01   -6.9414455097E+00    1.9400986016E+01   -6.4014022522E+01
    9.9973957396E-01   -6.9414455097E+00    1.9400986016E+01   -6.4014022522E+01
    9.9973952395E-01   -6.9414455097E+00    1.9400986016E+01   -6.4014022522E+01
    9.9973947395E-01   -6.9414455097E+00    1.9400986016E+01   -6.4014022522E+01
    9.9973942394E-01   -6.9414455097E+00    1.9400986016E+01   -6.4014022522E+01
    9.9973937394E-01   -6.9414455097E+00    1.9400986016E+01   -6.4014022522E+01
    9.9973932393E-01   -6.9414455097E+00    1.9400986016E+01   -6.4014022522E+01
    9.9973927393E-01   -6.9414455097E+00    1.9400986016E+01   -6.4014022522E+01
    9.9973922392E-01   -6.9414455097E+00    1.9400986016E+01   -6.4014022522E+01
    9.9973917392E-01   -6.9414455097E+00    1.9400986016E+01   -6.4014022522E+01
    9.9973912391E-01   -6.9414455097E+00    1.9400986016E+01   -6.4014022522E+01
    9.9973907391E-01   -6.9414455097E+00    1.9400986016E+01   -6.4014022522E+01
    9.9973902390E-01   -6.9414455097E+00    1.9400986016E+01   -6.4014022522E+01
    9.9973897390E-01   -6.9414455097E+00    1.9400986016E+01   -6.4014022522E+01
    9.9973892389E-01   -6.9414455097E+00    1.9400986016E+01   -6.4014022522E+01
    9.9973887389E-01   -6.9414455097E+00    1.9400986016E+01   -6.4014022522E+01
    9.9973882388E-01   -6.9414455097E+00    1.9400986016E+01   -6.4014022522E+01
    9.9973877388E-01   -6.9414455097E+00    1.9400986016E+01   -6.4014022522E+01
    9.9973872387E-01   -6.9414455097E+00    1.9400986016E+01   -6.4014022522E+01
    9.9973867387E-01   -6.9414455097E+00    1.9400986016E+01   -6.4014022522E+01
    9.9973862386E-01   -6.9414455097E+00    1.9400986016E+01   -6.4014022522E+01
    9.9973857386E-01   -6.9414455097E+00    1.9400986016E+01   -6.4014022522E+01
    9.9973852385E-01   -6.9414455097E+00    1.9400986016E+01   -6.4014022522E+01
    9.9973847385E-01   -6.9414455097E+00    1.9400986016E+01   -6.4014022522E+01
    9.9973842384E-01   -6.9414455097E+00    1.9400986016E+01   -6.4014022522E+01
    9.9973837384E-01   -6.9414455097E+00    1.9400986016E+01   -6.4014022522E+01
    9.9973832383E-01   -6.9414455097E+00    1.9400986016E+01   -6.4014022522E+01
    9.9973827383E-01   -6.9414455097E+00    1.9400986016E+01   -6.4014022522E+01
    9.9973822382E-01   -6.9414455097E+00    1.9400986016E+01   -6.4014022522E+01
    9.9973817382E-01   -6.9414455097E+00    1.9400986016E+01   -6.4014022522E+01
    9.9973812381E-01   -6.9414455097E+00    1.9400986016E+01   -6.4014022522E+01
    9.9973807381E-01   -6.9414455097E+00    1.9400986016E+01   -6.4014022522E+01
    9.9973802380E-01   -6.9414455097E+00    1.9400986016E+01   -6.4014022522E+01
    9.9973797380E-01   -6.9414455097E+00    1.9400986016E+01   -6.4014022522E+01
    9.9973792379E-01   -6.9414455097E+00    1.9400986016E+01   -6.4014022522E+01
    9.9973787379E-01   -6.9414455097E+00    1.9400986016E+01   -6.4014022522E+01
    9.9973782378E-01   -6.9414455097E+00    1.9400986016E+01   -6.4014022522E+01
    9.9973777378E-01   -6.9414455097E+00    1.9400986016E+01   -6.4014022522E+01
    9.9973772377E-01   -6.9414455097E+00    1.9400986016E+01   -6.4014022522E+01
    9.9973767377E-01   -6.9414455097E+00    1.9400986016E+01   -6.4014022522E+01
    9.9973762376E-01   -6.9414455097E+00    1.9400986016E+01   -6.4014022522E+01
    9.9973757376E-01   -6.9414455097E+00    1.9400986016E+01   -6.4014022522E+01
    9.9973752375E-01   -6.9414455097E+00    1.9400986016E+01   -6.4014022522E+01
    9.9973747375E-01   -6.9414455097E+00    1.9400986016E+01   -6.4014022522E+01
    9.9973742374E-01   -6.9414455097E+00    1.9400986016E+01   -6.4014022522E+01
    9.9973737374E-01   -6.9414455097E+00    1.9400986016E+01   -6.4014022522E+01
    9.9973732373E-01   -6.9414455097E+00    1.9400986016E+01   -6.4014022522E+01
    9.9973727373E-01   -6.9414455097E+00    1.9400986016E+01   -6.4014022522E+01
    9.9973722372E-01   -6.9414455097E+00    1.9400986016E+01   -6.4014022522E+01
    9.9973717372E-01   -6.9414455097E+00    1.9400986016E+01   -6.4014022522E+01
    9.9973712371E-01   -6.9414455097E+00    1.9400986016E+01   -6.4014022522E+01
    9.9973707371E-01   -6.9414455097E+00    1.9400986016E+01   -6.4014022522E+01
    9.9973702370E-01   -6.9414455097E+00    1.9400986016E+01   -6.4014022522E+01
    9.9973697370E-01   -6.9414455097E+00    1.9400986016E+01   -6.4014022522E+01
    9.9973692369E-01   -6.9414455097E+00    1.9400986016E+01   -6.4014022522E+01
    9.9973687369E-01   -6.9414455097E+00    1.9400986016E+01   -6.4014022522E+01
    9.9973682368E-01   -6.9414455097E+00    1.9400986016E+01   -6.4014022522E+01
    9.9973677368E-01   -6.9414455097E+00    1.9400986016E+01   -6.4014022522E+01
    9.9973672367E-01   -6.9414455097E+00    1.9400986016E+01   -6.4014022522E+01
    9.9973667367E-01   -6.9414455097E+00    1.9400986016E+01   -6.4014022522E+01
    9.9973662366E-01   -6.9414455097E+00    1.9400986016E+01   -6.4014022522E+01
    9.9973657366E-01   -6.9414455097E+00    1.9400986016E+01   -6.4014022522E+01
    9.9973652365E-01   -6.9414455097E+00    1.9400986016E+01   -6.4014022522E+01
    9.9973647365E-01   -6.9414455097E+00    1.9400986016E+01   -6.4014022522E+01
    9.9973642364E-01   -6.9414455097E+00    1.9400986016E+01   -6.4014022522E+01
    9.9973637364E-01   -6.9414455097E+00    1.9400986016E+01   -6.4014022522E+01
    9.9973632363E-01   -6.9414455097E+00    1.9400986016E+01   -6.4014022522E+01
    9.9973627363E-01   -6.9414455097E+00    1.9400986016E+01   -6.4014022522E+01
    9.9973622362E-01   -6.9414455097E+00    1.9400986016E+01   -6.4014022522E+01
    9.9973617362E-01   -6.9414455097E+00    1.9400986016E+01   -6.4014022522E+01
    9.9973612361E-01   -6.9414455097E+00    1.9400986016E+01   -6.4014022522E+01
    9.9973607361E-01   -6.9414455097E+00    1.9400986016E+01   -6.4014022522E+01
    9.9973602360E-01   -6.9414455097E+00    1.9400986016E+01   -6.4014022522E+01
    9.9973597360E-01   -6.9414455097E+00    1.9400986016E+01   -6.4014022522E+01
    9.9973592359E-01   -6.9414455097E+00    1.9400986016E+01   -6.4014022522E+01
    9.9973587359E-01   -6.9414455097E+00    1.9400986016E+01   -6.4014022522E+01
    9.9973582358E-01   -6.9414455097E+00    1.9400986016E+01   -6.4014022522E+01
    9.9973577358E-01   -6.9414455097E+00    1.9400986016E+01   -6.4014022522E+01
    9.9973572357E-01   -6.9414455097E+00    1.9400986016E+01   -6.4014022522E+01
    9.9973567357E-01   -6.9414455097E+00    1.9400986016E+01   -6.4014022522E+01
    9.9973562356E-01   -6.9414455097E+00    1.9400986016E+01   -6.4014022522E+01
    9.9973557356E-01   -6.9414455097E+00    1.9400986016E+01   -6.4014022522E+01
    9.9973552355E-01   -6.9414455097E+00    1.9400986016E+01   -6.4014022522E+01
    9.9973547355E-01   -6.9414455097E+00    1.9400986016E+01   -6.4014022522E+01
    9.9973542354E-01   -6.9414455097E+00    1.9400986016E+01   -6.4014022522E+01
    9.9973537354E-01   -6.9414455097E+00    1.9400986016E+01   -6.4014022522E+01
    9.9973532353E-01   -6.9414455097E+00    1.9400986016E+01   -6.4014022522E+01
    9.9973527353E-01   -6.9414455097E+00    1.9400986016E+01   -6.4014022522E+01
    9.9973522352E-01   -6.9414455097E+00    1.9400986016E+01   -6.4014022522E+01
    9.9973517352E-01   -6.9414455097E+00    1.9400986016E+01   -6.4014022522E+01
    9.9973512351E-01   -6.9414455097E+00    1.9400986016E+01   -6.4014022522E+01
    9.9973507351E-01   -6.9414455097E+00    1.9400986016E+01   -6.4014022522E+01
    9.9973502350E-01   -6.9414455097E+00    1.9400986016E+01   -6.4014022522E+01
    9.9973497350E-01   -6.9414455097E+00    1.9400986016E+01   -6.4014022522E+01
    9.9973492349E-01   -6.9414455097E+00    1.9400986016E+01   -6.4014022522E+01
    9.9973487349E-01   -6.9414455097E+00    1.9400986016E+01   -6.4014022522E+01
    9.9973482348E-01   -6.9414455097E+00    1.9400986016E+01   -6.4014022522E+01
    9.9973477348E-01   -6.9414455097E+00    1.9400986016E+01   -6.4014022522E+01
    9.9973472347E-01   -6.9414455097E+00    1.9400986016E+01   -6.4014022522E+01
    9.9973467347E-01   -6.9414455097E+00    1.9400986016E+01   -6.4014022522E+01
    9.9973462346E-01   -6.9414455097E+00    1.9400986016E+01   -6.4014022522E+01
    9.9973457346E-01   -6.9414455097E+00    1.9400986016E+01   -6.4014022522E+01
    9.9973452345E-01   -6.9414455097E+00    1.9400986016E+01   -6.4014022522E+01
    9.9973447345E-01   -6.9414455097E+00    1.9400986016E+01   -6.4014022522E+01
    9.9973442344E-01   -6.9414455097E+00    1.9400986016E+01   -6.4014022522E+01
    9.9973437344E-01   -6.9414455097E+00    1.9400986016E+01   -6.4014022522E+01
    9.9973432343E-01   -6.9414455097E+00    1.9400986016E+01   -6.4014022522E+01
    9.9973427343E-01   -6.9414455097E+00    1.9400986016E+01   -6.4014022522E+01
    9.9973422342E-01   -6.9414455097E+00    1.9400986016E+01   -6.4014022522E+01
    9.9973417342E-01   -6.9414455097E+00    1.9400986016E+01   -6.4014022522E+01
    9.9973412341E-01   -6.9414455097E+00    1.9400986016E+01   -6.4014022522E+01
    9.9973407341E-01   -6.9414455097E+00    1.9400986016E+01   -6.4014022522E+01
    9.9973402340E-01   -6.9414455097E+00    1.9400986016E+01   -6.4014022522E+01
    9.9973397340E-01   -6.9414455097E+00    1.9400986016E+01   -6.4014022522E+01
    9.9973392339E-01   -6.9414455097E+00    1.9400986016E+01   -6.4014022522E+01
    9.9973387339E-01   -6.9414455097E+00    1.9400986016E+01   -6.4014022522E+01
    9.9973382338E-01   -6.9414455097E+00    1.9400986016E+01   -6.4014022522E+01
    9.9973377338E-01   -6.9414455097E+00    1.9400986016E+01   -6.4014022522E+01
    9.9973372337E-01   -6.9414455097E+00    1.9400986016E+01   -6.4014022522E+01
    9.9973367337E-01   -6.9414455097E+00    1.9400986016E+01   -6.4014022522E+01
    9.9973362336E-01   -6.9414455097E+00    1.9400986016E+01   -6.4014022522E+01
    9.9973357336E-01   -6.9414455097E+00    1.9400986016E+01   -6.4014022522E+01
    9.9973352335E-01   -6.9414455097E+00    1.9400986016E+01   -6.4014022522E+01
    9.9973347335E-01   -6.9414455097E+00    1.9400986016E+01   -6.4014022522E+01
    9.9973342334E-01   -6.9414455097E+00    1.9400986016E+01   -6.4014022522E+01
    9.9973337334E-01   -6.9414455097E+00    1.9400986016E+01   -6.4014022522E+01
    9.9973332333E-01   -6.9414455097E+00    1.9400986016E+01   -6.4014022522E+01
    9.9973327333E-01   -6.9414455097E+00    1.9400986016E+01   -6.4014022522E+01
    9.9973322332E-01   -6.9414455097E+00    1.9400986016E+01   -6.4014022522E+01
    9.9973317332E-01   -6.9414455097E+00    1.9400986016E+01   -6.4014022522E+01
    9.9973312331E-01   -6.9414455097E+00    1.9400986016E+01   -6.4014022522E+01
    9.9973307331E-01   -6.9414455097E+00    1.9400986016E+01   -6.4014022522E+01
    9.9973302330E-01   -6.9414455097E+00    1.9400986016E+01   -6.4014022522E+01
    9.9973297330E-01   -6.9414455097E+00    1.9400986016E+01   -6.4014022522E+01
    9.9973292329E-01   -6.9414455097E+00    1.9400986016E+01   -6.4014022522E+01
    9.9973287329E-01   -6.9414455097E+00    1.9400986016E+01   -6.4014022522E+01
    9.9973282328E-01   -6.9414455097E+00    1.9400986016E+01   -6.4014022522E+01
    9.9973277328E-01   -6.9414455097E+00    1.9400986016E+01   -6.4014022522E+01
    9.9973272327E-01   -6.9414455097E+00    1.9400986016E+01   -6.4014022522E+01
    9.9973267327E-01   -6.9414455097E+00    1.9400986016E+01   -6.4014022522E+01
    9.9973262326E-01   -6.9414455097E+00    1.9400986016E+01   -6.4014022522E+01
    9.9973257326E-01   -6.9414455097E+00    1.9400986016E+01   -6.4014022522E+01
    9.9973252325E-01   -6.9414455097E+00    1.9400986016E+01   -6.4014022522E+01
    9.9973247325E-01   -6.9414455097E+00    1.9400986016E+01   -6.4014022522E+01
    9.9973242324E-01   -6.9414455097E+00    1.9400986016E+01   -6.4014022522E+01
    9.9973237324E-01   -6.9414455097E+00    1.9400986016E+01   -6.4014022522E+01
    9.9973232323E-01   -6.9414455097E+00    1.9400986016E+01   -6.4014022522E+01
    9.9973227323E-01   -6.9414455097E+00    1.9400986016E+01   -6.4014022522E+01
    9.9973222322E-01   -6.9414455097E+00    1.9400986016E+01   -6.4014022522E+01
    9.9973217322E-01   -6.9414455097E+00    1.9400986016E+01   -6.4014022522E+01
    9.9973212321E-01   -6.9414455097E+00    1.9400986016E+01   -6.4014022522E+01
    9.9973207321E-01   -6.9414455097E+00    1.9400986016E+01   -6.4014022522E+01
    9.9973202320E-01   -6.9414455097E+00    1.9400986016E+01   -6.4014022522E+01
    9.9973197320E-01   -6.9414455097E+00    1.9400986016E+01   -6.4014022522E+01
    9.9973192319E-01   -6.9414455097E+00    1.9400986016E+01   -6.4014022522E+01
    9.9973187319E-01   -6.9414455097E+00    1.9400986016E+01   -6.4014022522E+01
    9.9973182318E-01   -6.9414455097E+00    1.9400986016E+01   -6.4014022522E+01
    9.9973177318E-01   -6.9414455097E+00    1.9400986016E+01   -6.4014022522E+01
    9.9973172317E-01   -6.9414455097E+00    1.9400986016E+01   -6.4014022522E+01
    9.9973167317E-01   -6.9414455097E+00    1.9400986016E+01   -6.4014022522E+01
    9.9973162316E-01   -6.9414455097E+00    1.9400986016E+01   -6.4014022522E+01
    9.9973157316E-01   -6.9414455097E+00    1.9400986016E+01   -6.4014022522E+01
    9.9973152315E-01   -6.9414455097E+00    1.9400986016E+01   -6.4014022522E+01
    9.9973147315E-01   -6.9414455097E+00    1.9400986016E+01   -6.4014022522E+01
    9.9973142314E-01   -6.9414455097E+00    1.9400986016E+01   -6.4014022522E+01
    9.9973137314E-01   -6.9414455097E+00    1.9400986016E+01   -6.4014022522E+01
    9.9973132313E-01   -6.9414455097E+00    1.9400986016E+01   -6.4014022522E+01
    9.9973127313E-01   -6.9414455097E+00    1.9400986016E+01   -6.4014022522E+01
    9.9973122312E-01   -6.9414455097E+00    1.9400986016E+01   -6.4014022522E+01
    9.9973117312E-01   -6.9414455097E+00    1.9400986016E+01   -6.4014022522E+01
    9.9973112311E-01   -6.9414455097E+00    1.9400986016E+01   -6.4014022522E+01
    9.9973107311E-01   -6.9414455097E+00    1.9400986016E+01   -6.4014022522E+01
    9.9973102310E-01   -6.9414455097E+00    1.9400986016E+01   -6.4014022522E+01
    9.9973097310E-01   -6.9414455097E+00    1.9400986016E+01   -6.4014022522E+01
    9.9973092309E-01   -6.9414455097E+00    1.9400986016E+01   -6.4014022522E+01
    9.9973087309E-01   -6.9414455097E+00    1.9400986016E+01   -6.4014022522E+01
    9.9973082308E-01   -6.9414455097E+00    1.9400986016E+01   -6.4014022522E+01
    9.9973077308E-01   -6.9414455097E+00    1.9400986016E+01   -6.4014022522E+01
    9.9973072307E-01   -6.9414455097E+00    1.9400986016E+01   -6.4014022522E+01
    9.9973067307E-01   -6.9414455097E+00    1.9400986016E+01   -6.4014022522E+01
    9.9973062306E-01   -6.9414455097E+00    1.9400986016E+01   -6.4014022522E+01
    9.9973057306E-01   -6.9414455097E+00    1.9400986016E+01   -6.4014022522E+01
    9.9973052305E-01   -6.9414455097E+00    1.9400986016E+01   -6.4014022522E+01
    9.9973047305E-01   -6.9414455097E+00    1.9400986016E+01   -6.4014022522E+01
    9.9973042304E-01   -6.9414455097E+00    1.9400986016E+01   -6.4014022522E+01
    9.9973037304E-01   -6.9414455097E+00    1.9400986016E+01   -6.4014022522E+01
    9.9973032303E-01   -6.9414455097E+00    1.9400986016E+01   -6.4014022522E+01
    9.9973027303E-01   -6.9414455097E+00    1.9400986016E+01   -6.4014022522E+01
    9.9973022302E-01   -6.9414455097E+00    1.9400986016E+01   -6.4014022522E+01
    9.9973017302E-01   -6.9414455097E+00    1.9400986016E+01   -6.4014022522E+01
    9.9973012301E-01   -6.9414455097E+00    1.9400986016E+01   -6.4014022522E+01
    9.9973007301E-01   -6.9414455097E+00    1.9400986016E+01   -6.4014022522E+01
    9.9973002300E-01   -6.9414455097E+00    1.9400986016E+01   -6.4014022522E+01
    9.9972997300E-01   -6.9414455097E+00    1.9400986016E+01   -6.4014022522E+01
    9.9972992299E-01   -6.9414455097E+00    1.9400986016E+01   -6.4014022522E+01
    9.9972987299E-01   -6.9414455097E+00    1.9400986016E+01   -6.4014022522E+01
    9.9972982298E-01   -6.9414455097E+00    1.9400986016E+01   -6.4014022522E+01
    9.9972977298E-01   -6.9414455097E+00    1.9400986016E+01   -6.4014022522E+01
    9.9972972297E-01   -6.9414455097E+00    1.9400986016E+01   -6.4014022522E+01
    9.9972967297E-01   -6.9414455097E+00    1.9400986016E+01   -6.4014022522E+01
    9.9972962296E-01   -6.9414455097E+00    1.9400986016E+01   -6.4014022522E+01
    9.9972957296E-01   -6.9414455097E+00    1.9400986016E+01   -6.4014022522E+01
    9.9972952295E-01   -6.9414455097E+00    1.9400986016E+01   -6.4014022522E+01
    9.9972947295E-01   -6.9414455097E+00    1.9400986016E+01   -6.4014022522E+01
    9.9972942294E-01   -6.9414455097E+00    1.9400986016E+01   -6.4014022522E+01
    9.9972937294E-01   -6.9414455097E+00    1.9400986016E+01   -6.4014022522E+01
    9.9972932293E-01   -6.9414455097E+00    1.9400986016E+01   -6.4014022522E+01
    9.9972927293E-01   -6.9414455097E+00    1.9400986016E+01   -6.4014022522E+01
    9.9972922292E-01   -6.9414455097E+00    1.9400986016E+01   -6.4014022522E+01
    9.9972917292E-01   -6.9414455097E+00    1.9400986016E+01   -6.4014022522E+01
    9.9972912291E-01   -6.9414455097E+00    1.9400986016E+01   -6.4014022522E+01
    9.9972907291E-01   -6.9414455097E+00    1.9400986016E+01   -6.4014022522E+01
    9.9972902290E-01   -6.9414455097E+00    1.9400986016E+01   -6.4014022522E+01
    9.9972897290E-01   -6.9414455097E+00    1.9400986016E+01   -6.4014022522E+01
    9.9972892289E-01   -6.9414455097E+00    1.9400986016E+01   -6.4014022522E+01
    9.9972887289E-01   -6.9414455097E+00    1.9400986016E+01   -6.4014022522E+01
    9.9972882288E-01   -6.9414455097E+00    1.9400986016E+01   -6.4014022522E+01
    9.9972877288E-01   -6.9414455097E+00    1.9400986016E+01   -6.4014022522E+01
    9.9972872287E-01   -6.9414455097E+00    1.9400986016E+01   -6.4014022522E+01
    9.9972867287E-01   -6.9414455097E+00    1.9400986016E+01   -6.4014022522E+01
    9.9972862286E-01   -6.9414455097E+00    1.9400986016E+01   -6.4014022522E+01
    9.9972857286E-01   -6.9414455097E+00    1.9400986016E+01   -6.4014022522E+01
    9.9972852285E-01   -6.9414455097E+00    1.9400986016E+01   -6.4014022522E+01
    9.9972847285E-01   -6.9414455097E+00    1.9400986016E+01   -6.4014022522E+01
    9.9972842284E-01   -6.9414455097E+00    1.9400986016E+01   -6.4014022522E+01
    9.9972837284E-01   -6.9414455097E+00    1.9400986016E+01   -6.4014022522E+01
    9.9972832283E-01   -6.9414455097E+00    1.9400986016E+01   -6.4014022522E+01
    9.9972827283E-01   -6.9414455097E+00    1.9400986016E+01   -6.4014022522E+01
    9.9972822282E-01   -6.9414455097E+00    1.9400986016E+01   -6.4014022522E+01
    9.9972817282E-01   -6.9414455097E+00    1.9400986016E+01   -6.4014022522E+01
    9.9972812281E-01   -6.9414455097E+00    1.9400986016E+01   -6.4014022522E+01
    9.9972807281E-01   -6.9414455097E+00    1.9400986016E+01   -6.4014022522E+01
    9.9972802280E-01   -6.9414455097E+00    1.9400986016E+01   -6.4014022522E+01
    9.9972797280E-01   -6.9414455097E+00    1.9400986016E+01   -6.4014022522E+01
    9.9972792279E-01   -6.9414455097E+00    1.9400986016E+01   -6.4014022522E+01
    9.9972787279E-01   -6.9414455097E+00    1.9400986016E+01   -6.4014022522E+01
    9.9972782278E-01   -6.9414455097E+00    1.9400986016E+01   -6.4014022522E+01
    9.9972777278E-01   -6.9414455097E+00    1.9400986016E+01   -6.4014022522E+01
    9.9972772277E-01   -6.9414455097E+00    1.9400986016E+01   -6.4014022522E+01
    9.9972767277E-01   -6.9414455097E+00    1.9400986016E+01   -6.4014022522E+01
    9.9972762276E-01   -6.9414455097E+00    1.9400986016E+01   -6.4014022522E+01
    9.9972757276E-01   -6.9414455097E+00    1.9400986016E+01   -6.4014022522E+01
    9.9972752275E-01   -6.9414455097E+00    1.9400986016E+01   -6.4014022522E+01
    9.9972747275E-01   -6.9414455097E+00    1.9400986016E+01   -6.4014022522E+01
    9.9972742274E-01   -6.9414455097E+00    1.9400986016E+01   -6.4014022522E+01
    9.9972737274E-01   -6.9414455097E+00    1.9400986016E+01   -6.4014022522E+01
    9.9972732273E-01   -6.9414455097E+00    1.9400986016E+01   -6.4014022522E+01
    9.9972727273E-01   -6.9414455097E+00    1.9400986016E+01   -6.4014022522E+01
    9.9972722272E-01   -6.9414455097E+00    1.9400986016E+01   -6.4014022522E+01
    9.9972717272E-01   -6.9414455097E+00    1.9400986016E+01   -6.4014022522E+01
    9.9972712271E-01   -6.9414455097E+00    1.9400986016E+01   -6.4014022522E+01
    9.9972707271E-01   -6.9414455097E+00    1.9400986016E+01   -6.4014022522E+01
    9.9972702270E-01   -6.9414455097E+00    1.9400986016E+01   -6.4014022522E+01
    9.9972697270E-01   -6.9414455097E+00    1.9400986016E+01   -6.4014022522E+01
    9.9972692269E-01   -6.9414455097E+00    1.9400986016E+01   -6.4014022522E+01
    9.9972687269E-01   -6.9414455097E+00    1.9400986016E+01   -6.4014022522E+01
    9.9972682268E-01   -6.9414455097E+00    1.9400986016E+01   -6.4014022522E+01
    9.9972677268E-01   -6.9414455097E+00    1.9400986016E+01   -6.4014022522E+01
    9.9972672267E-01   -6.9414455097E+00    1.9400986016E+01   -6.4014022522E+01
    9.9972667267E-01   -6.9414455097E+00    1.9400986016E+01   -6.4014022522E+01
    9.9972662266E-01   -6.9414455097E+00    1.9400986016E+01   -6.4014022522E+01
    9.9972657266E-01   -6.9414455097E+00    1.9400986016E+01   -6.4014022522E+01
    9.9972652265E-01   -6.9414455097E+00    1.9400986016E+01   -6.4014022522E+01
    9.9972647265E-01   -6.9414455097E+00    1.9400986016E+01   -6.4014022522E+01
    9.9972642264E-01   -6.9414455097E+00    1.9400986016E+01   -6.4014022522E+01
    9.9972637264E-01   -6.9414455097E+00    1.9400986016E+01   -6.4014022522E+01
    9.9972632263E-01   -6.9414455097E+00    1.9400986016E+01   -6.4014022522E+01
    9.9972627263E-01   -6.9414455097E+00    1.9400986016E+01   -6.4014022522E+01
    9.9972622262E-01   -6.9414455097E+00    1.9400986016E+01   -6.4014022522E+01
    9.9972617262E-01   -6.9414455097E+00    1.9400986016E+01   -6.4014022522E+01
    9.9972612261E-01   -6.9414455097E+00    1.9400986016E+01   -6.4014022522E+01
    9.9972607261E-01   -6.9414455097E+00    1.9400986016E+01   -6.4014022522E+01
    9.9972602260E-01   -6.9414455097E+00    1.9400986016E+01   -6.4014022522E+01
    9.9972597260E-01   -6.9414455097E+00    1.9400986016E+01   -6.4014022522E+01
    9.9972592259E-01   -6.9414455097E+00    1.9400986016E+01   -6.4014022522E+01
    9.9972587259E-01   -6.9414455097E+00    1.9400986016E+01   -6.4014022522E+01
    9.9972582258E-01   -6.9414455097E+00    1.9400986016E+01   -6.4014022522E+01
    9.9972577258E-01   -6.9414455097E+00    1.9400986016E+01   -6.4014022522E+01
    9.9972572257E-01   -6.9414455097E+00    1.9400986016E+01   -6.4014022522E+01
    9.9972567257E-01   -6.9414455097E+00    1.9400986016E+01   -6.4014022522E+01
    9.9972562256E-01   -6.9414455097E+00    1.9400986016E+01   -6.4014022522E+01
    9.9972557256E-01   -6.9414455097E+00    1.9400986016E+01   -6.4014022522E+01
    9.9972552255E-01   -6.9414455097E+00    1.9400986016E+01   -6.4014022522E+01
    9.9972547255E-01   -6.9414455097E+00    1.9400986016E+01   -6.4014022522E+01
    9.9972542254E-01   -6.9414455097E+00    1.9400986016E+01   -6.4014022522E+01
    9.9972537254E-01   -6.9414455097E+00    1.9400986016E+01   -6.4014022522E+01
    9.9972532253E-01   -6.9414455097E+00    1.9400986016E+01   -6.4014022522E+01
    9.9972527253E-01   -6.9414455097E+00    1.9400986016E+01   -6.4014022522E+01
    9.9972522252E-01   -6.9414455097E+00    1.9400986016E+01   -6.4014022522E+01
    9.9972517252E-01   -6.9414455097E+00    1.9400986016E+01   -6.4014022522E+01
    9.9972512251E-01   -6.9414455097E+00    1.9400986016E+01   -6.4014022522E+01
    9.9972507251E-01   -6.9414455097E+00    1.9400986016E+01   -6.4014022522E+01
    9.9972502250E-01   -6.9414455097E+00    1.9400986016E+01   -6.4014022522E+01
    9.9972497250E-01   -6.9414455097E+00    1.9400986016E+01   -6.4014022522E+01
    9.9972492249E-01   -6.9414455097E+00    1.9400986016E+01   -6.4014022522E+01
    9.9972487249E-01   -6.9414455097E+00    1.9400986016E+01   -6.4014022522E+01
    9.9972482248E-01   -6.9414455097E+00    1.9400986016E+01   -6.4014022522E+01
    9.9972477248E-01   -6.9414455097E+00    1.9400986016E+01   -6.4014022522E+01
    9.9972472247E-01   -6.9414455097E+00    1.9400986016E+01   -6.4014022522E+01
    9.9972467247E-01   -6.9414455097E+00    1.9400986016E+01   -6.4014022522E+01
    9.9972462246E-01   -6.9414455097E+00    1.9400986016E+01   -6.4014022522E+01
    9.9972457246E-01   -6.9414455097E+00    1.9400986016E+01   -6.4014022522E+01
    9.9972452245E-01   -6.9414455097E+00    1.9400986016E+01   -6.4014022522E+01
    9.9972447245E-01   -6.9414455097E+00    1.9400986016E+01   -6.4014022522E+01
    9.9972442244E-01   -6.9414455097E+00    1.9400986016E+01   -6.4014022522E+01
    9.9972437244E-01   -6.9414455097E+00    1.9400986016E+01   -6.4014022522E+01
    9.9972432243E-01   -6.9414455097E+00    1.9400986016E+01   -6.4014022522E+01
    9.9972427243E-01   -6.9414455097E+00    1.9400986016E+01   -6.4014022522E+01
    9.9972422242E-01   -6.9414455097E+00    1.9400986016E+01   -6.4014022522E+01
    9.9972417242E-01   -6.9414455097E+00    1.9400986016E+01   -6.4014022522E+01
    9.9972412241E-01   -6.9414455097E+00    1.9400986016E+01   -6.4014022522E+01
    9.9972407241E-01   -6.9414455097E+00    1.9400986016E+01   -6.4014022522E+01
    9.9972402240E-01   -6.9414455097E+00    1.9400986016E+01   -6.4014022522E+01
    9.9972397240E-01   -6.9414455097E+00    1.9400986016E+01   -6.4014022522E+01
    9.9972392239E-01   -6.9414455097E+00    1.9400986016E+01   -6.4014022522E+01
    9.9972387239E-01   -6.9414455097E+00    1.9400986016E+01   -6.4014022522E+01
    9.9972382238E-01   -6.9414455097E+00    1.9400986016E+01   -6.4014022522E+01
    9.9972377238E-01   -6.9414455097E+00    1.9400986016E+01   -6.4014022522E+01
    9.9972372237E-01   -6.9414455097E+00    1.9400986016E+01   -6.4014022522E+01
    9.9972367237E-01   -6.9414455097E+00    1.9400986016E+01   -6.4014022522E+01
    9.9972362236E-01   -6.9414455097E+00    1.9400986016E+01   -6.4014022522E+01
    9.9972357236E-01   -6.9414455097E+00    1.9400986016E+01   -6.4014022522E+01
    9.9972352235E-01   -6.9414455097E+00    1.9400986016E+01   -6.4014022522E+01
    9.9972347235E-01   -6.9414455097E+00    1.9400986016E+01   -6.4014022522E+01
    9.9972342234E-01   -6.9414455097E+00    1.9400986016E+01   -6.4014022522E+01
    9.9972337234E-01   -6.9414455097E+00    1.9400986016E+01   -6.4014022522E+01
    9.9972332233E-01   -6.9414455097E+00    1.9400986016E+01   -6.4014022522E+01
    9.9972327233E-01   -6.9414455097E+00    1.9400986016E+01   -6.4014022522E+01
    9.9972322232E-01   -6.9414455097E+00    1.9400986016E+01   -6.4014022522E+01
    9.9972317232E-01   -6.9414455097E+00    1.9400986016E+01   -6.4014022522E+01
    9.9972312231E-01   -6.9414455097E+00    1.9400986016E+01   -6.4014022522E+01
    9.9972307231E-01   -6.9414455097E+00    1.9400986016E+01   -6.4014022522E+01
    9.9972302230E-01   -6.9414455097E+00    1.9400986016E+01   -6.4014022522E+01
    9.9972297230E-01   -6.9414455097E+00    1.9400986016E+01   -6.4014022522E+01
    9.9972292229E-01   -6.9414455097E+00    1.9400986016E+01   -6.4014022522E+01
    9.9972287229E-01   -6.9414455097E+00    1.9400986016E+01   -6.4014022522E+01
    9.9972282228E-01   -6.9414455097E+00    1.9400986016E+01   -6.4014022522E+01
    9.9972277228E-01   -6.9414455097E+00    1.9400986016E+01   -6.4014022522E+01
    9.9972272227E-01   -6.9414455097E+00    1.9400986016E+01   -6.4014022522E+01
    9.9972267227E-01   -6.9414455097E+00    1.9400986016E+01   -6.4014022522E+01
    9.9972262226E-01   -6.9414455097E+00    1.9400986016E+01   -6.4014022522E+01
    9.9972257226E-01   -6.9414455097E+00    1.9400986016E+01   -6.4014022522E+01
    9.9972252225E-01   -6.9414455097E+00    1.9400986016E+01   -6.4014022522E+01
    9.9972247225E-01   -6.9414455097E+00    1.9400986016E+01   -6.4014022522E+01
    9.9972242224E-01   -6.9414455097E+00    1.9400986016E+01   -6.4014022522E+01
    9.9972237224E-01   -6.9414455097E+00    1.9400986016E+01   -6.4014022522E+01
    9.9972232223E-01   -6.9414455097E+00    1.9400986016E+01   -6.4014022522E+01
    9.9972227223E-01   -6.9414455097E+00    1.9400986016E+01   -6.4014022522E+01
    9.9972222222E-01   -6.9414455097E+00    1.9400986016E+01   -6.4014022522E+01
    9.9972217222E-01   -6.9414455097E+00    1.9400986016E+01   -6.4014022522E+01
    9.9972212221E-01   -6.9414455097E+00    1.9400986016E+01   -6.4014022522E+01
    9.9972207221E-01   -6.9414455097E+00    1.9400986016E+01   -6.4014022522E+01
    9.9972202220E-01   -6.9414455097E+00    1.9400986016E+01   -6.4014022522E+01
    9.9972197220E-01   -6.9414455097E+00    1.9400986016E+01   -6.4014022522E+01
    9.9972192219E-01   -6.9414455097E+00    1.9400986016E+01   -6.4014022522E+01
    9.9972187219E-01   -6.9414455097E+00    1.9400986016E+01   -6.4014022522E+01
    9.9972182218E-01   -6.9414455097E+00    1.9400986016E+01   -6.4014022522E+01
    9.9972177218E-01   -6.9414455097E+00    1.9400986016E+01   -6.4014022522E+01
    9.9972172217E-01   -6.9414455097E+00    1.9400986016E+01   -6.4014022522E+01
    9.9972167217E-01   -6.9414455097E+00    1.9400986016E+01   -6.4014022522E+01
    9.9972162216E-01   -6.9414455097E+00    1.9400986016E+01   -6.4014022522E+01
    9.9972157216E-01   -6.9414455097E+00    1.9400986016E+01   -6.4014022522E+01
    9.9972152215E-01   -6.9414455097E+00    1.9400986016E+01   -6.4014022522E+01
    9.9972147215E-01   -6.9414455097E+00    1.9400986016E+01   -6.4014022522E+01
    9.9972142214E-01   -6.9414455097E+00    1.9400986016E+01   -6.4014022522E+01
    9.9972137214E-01   -6.9414455097E+00    1.9400986016E+01   -6.4014022522E+01
    9.9972132213E-01   -6.9414455097E+00    1.9400986016E+01   -6.4014022522E+01
    9.9972127213E-01   -6.9414455097E+00    1.9400986016E+01   -6.4014022522E+01
    9.9972122212E-01   -6.9414455097E+00    1.9400986016E+01   -6.4014022522E+01
    9.9972117212E-01   -6.9414455097E+00    1.9400986016E+01   -6.4014022522E+01
    9.9972112211E-01   -6.9414455097E+00    1.9400986016E+01   -6.4014022522E+01
    9.9972107211E-01   -6.9414455097E+00    1.9400986016E+01   -6.4014022522E+01
    9.9972102210E-01   -6.9414455097E+00    1.9400986016E+01   -6.4014022522E+01
    9.9972097210E-01   -6.9414455097E+00    1.9400986016E+01   -6.4014022522E+01
    9.9972092209E-01   -6.9414455097E+00    1.9400986016E+01   -6.4014022522E+01
    9.9972087209E-01   -6.9414455097E+00    1.9400986016E+01   -6.4014022522E+01
    9.9972082208E-01   -6.9414455097E+00    1.9400986016E+01   -6.4014022522E+01
    9.9972077208E-01   -6.9414455097E+00    1.9400986016E+01   -6.4014022522E+01
    9.9972072207E-01   -6.9414455097E+00    1.9400986016E+01   -6.4014022522E+01
    9.9972067207E-01   -6.9414455097E+00    1.9400986016E+01   -6.4014022522E+01
    9.9972062206E-01   -6.9414455097E+00    1.9400986016E+01   -6.4014022522E+01
    9.9972057206E-01   -6.9414455097E+00    1.9400986016E+01   -6.4014022522E+01
    9.9972052205E-01   -6.9414455097E+00    1.9400986016E+01   -6.4014022522E+01
    9.9972047205E-01   -6.9414455097E+00    1.9400986016E+01   -6.4014022522E+01
    9.9972042204E-01   -6.9414455097E+00    1.9400986016E+01   -6.4014022522E+01
    9.9972037204E-01   -6.9414455097E+00    1.9400986016E+01   -6.4014022522E+01
    9.9972032203E-01   -6.9414455097E+00    1.9400986016E+01   -6.4014022522E+01
    9.9972027203E-01   -6.9414455097E+00    1.9400986016E+01   -6.4014022522E+01
    9.9972022202E-01   -6.9414455097E+00    1.9400986016E+01   -6.4014022522E+01
    9.9972017202E-01   -6.9414455097E+00    1.9400986016E+01   -6.4014022522E+01
    9.9972012201E-01   -6.9414455097E+00    1.9400986016E+01   -6.4014022522E+01
    9.9972007201E-01   -6.9414455097E+00    1.9400986016E+01   -6.4014022522E+01
    9.9972002200E-01   -6.9414455097E+00    1.9400986016E+01   -6.4014022522E+01
    9.9971997200E-01   -6.9414455097E+00    1.9400986016E+01   -6.4014022522E+01
    9.9971992199E-01   -6.9414455097E+00    1.9400986016E+01   -6.4014022522E+01
    9.9971987199E-01   -6.9414455097E+00    1.9400986016E+01   -6.4014022522E+01
    9.9971982198E-01   -6.9414455097E+00    1.9400986016E+01   -6.4014022522E+01
    9.9971977198E-01   -6.9414455097E+00    1.9400986016E+01   -6.4014022522E+01
    9.9971972197E-01   -6.9414455097E+00    1.9400986016E+01   -6.4014022522E+01
    9.9971967197E-01   -6.9414455097E+00    1.9400986016E+01   -6.4014022522E+01
    9.9971962196E-01   -6.9414455097E+00    1.9400986016E+01   -6.4014022522E+01
    9.9971957196E-01   -6.9414455097E+00    1.9400986016E+01   -6.4014022522E+01
    9.9971952195E-01   -6.9414455097E+00    1.9400986016E+01   -6.4014022522E+01
    9.9971947195E-01   -6.9414455097E+00    1.9400986016E+01   -6.4014022522E+01
    9.9971942194E-01   -6.9414455097E+00    1.9400986016E+01   -6.4014022522E+01
    9.9971937194E-01   -6.9414455097E+00    1.9400986016E+01   -6.4014022522E+01
    9.9971932193E-01   -6.9414455097E+00    1.9400986016E+01   -6.4014022522E+01
    9.9971927193E-01   -6.9414455097E+00    1.9400986016E+01   -6.4014022522E+01
    9.9971922192E-01   -6.9414455097E+00    1.9400986016E+01   -6.4014022522E+01
    9.9971917192E-01   -6.9414455097E+00    1.9400986016E+01   -6.4014022522E+01
    9.9971912191E-01   -6.9414455097E+00    1.9400986016E+01   -6.4014022522E+01
    9.9971907191E-01   -6.9414455097E+00    1.9400986016E+01   -6.4014022522E+01
    9.9971902190E-01   -6.9414455097E+00    1.9400986016E+01   -6.4014022522E+01
    9.9971897190E-01   -6.9414455097E+00    1.9400986016E+01   -6.4014022522E+01
    9.9971892189E-01   -6.9414455097E+00    1.9400986016E+01   -6.4014022522E+01
    9.9971887189E-01   -6.9414455097E+00    1.9400986016E+01   -6.4014022522E+01
    9.9971882188E-01   -6.9414455097E+00    1.9400986016E+01   -6.4014022522E+01
    9.9971877188E-01   -6.9414455097E+00    1.9400986016E+01   -6.4014022522E+01
    9.9971872187E-01   -6.9414455097E+00    1.9400986016E+01   -6.4014022522E+01
    9.9971867187E-01   -6.9414455097E+00    1.9400986016E+01   -6.4014022522E+01
    9.9971862186E-01   -6.9414455097E+00    1.9400986016E+01   -6.4014022522E+01
    9.9971857186E-01   -6.9414455097E+00    1.9400986016E+01   -6.4014022522E+01
    9.9971852185E-01   -6.9414455097E+00    1.9400986016E+01   -6.4014022522E+01
    9.9971847185E-01   -6.9414455097E+00    1.9400986016E+01   -6.4014022522E+01
    9.9971842184E-01   -6.9414455097E+00    1.9400986016E+01   -6.4014022522E+01
    9.9971837184E-01   -6.9414455097E+00    1.9400986016E+01   -6.4014022522E+01
    9.9971832183E-01   -6.9414455097E+00    1.9400986016E+01   -6.4014022522E+01
    9.9971827183E-01   -6.9414455097E+00    1.9400986016E+01   -6.4014022522E+01
    9.9971822182E-01   -6.9414455097E+00    1.9400986016E+01   -6.4014022522E+01
    9.9971817182E-01   -6.9414455097E+00    1.9400986016E+01   -6.4014022522E+01
    9.9971812181E-01   -6.9414455097E+00    1.9400986016E+01   -6.4014022522E+01
    9.9971807181E-01   -6.9414455097E+00    1.9400986016E+01   -6.4014022522E+01
    9.9971802180E-01   -6.9414455097E+00    1.9400986016E+01   -6.4014022522E+01
    9.9971797180E-01   -6.9414455097E+00    1.9400986016E+01   -6.4014022522E+01
    9.9971792179E-01   -6.9414455097E+00    1.9400986016E+01   -6.4014022522E+01
    9.9971787179E-01   -6.9414455097E+00    1.9400986016E+01   -6.4014022522E+01
    9.9971782178E-01   -6.9414455097E+00    1.9400986016E+01   -6.4014022522E+01
    9.9971777178E-01   -6.9414455097E+00    1.9400986016E+01   -6.4014022522E+01
    9.9971772177E-01   -6.9414455097E+00    1.9400986016E+01   -6.4014022522E+01
    9.9971767177E-01   -6.9414455097E+00    1.9400986016E+01   -6.4014022522E+01
    9.9971762176E-01   -6.9414455097E+00    1.9400986016E+01   -6.4014022522E+01
    9.9971757176E-01   -6.9414455097E+00    1.9400986016E+01   -6.4014022522E+01
    9.9971752175E-01   -6.9414455097E+00    1.9400986016E+01   -6.4014022522E+01
    9.9971747175E-01   -6.9414455097E+00    1.9400986016E+01   -6.4014022522E+01
    9.9971742174E-01   -6.9414455097E+00    1.9400986016E+01   -6.4014022522E+01
    9.9971737174E-01   -6.9414455097E+00    1.9400986016E+01   -6.4014022522E+01
    9.9971732173E-01   -6.9414455097E+00    1.9400986016E+01   -6.4014022522E+01
    9.9971727173E-01   -6.9414455097E+00    1.9400986016E+01   -6.4014022522E+01
    9.9971722172E-01   -6.9414455097E+00    1.9400986016E+01   -6.4014022522E+01
    9.9971717172E-01   -6.9414455097E+00    1.9400986016E+01   -6.4014022522E+01
    9.9971712171E-01   -6.9414455097E+00    1.9400986016E+01   -6.4014022522E+01
    9.9971707171E-01   -6.9414455097E+00    1.9400986016E+01   -6.4014022522E+01
    9.9971702170E-01   -6.9414455097E+00    1.9400986016E+01   -6.4014022522E+01
    9.9971697170E-01   -6.9414455097E+00    1.9400986016E+01   -6.4014022522E+01
    9.9971692169E-01   -6.9414455097E+00    1.9400986016E+01   -6.4014022522E+01
    9.9971687169E-01   -6.9414455097E+00    1.9400986016E+01   -6.4014022522E+01
    9.9971682168E-01   -6.9414455097E+00    1.9400986016E+01   -6.4014022522E+01
    9.9971677168E-01   -6.9414455097E+00    1.9400986016E+01   -6.4014022522E+01
    9.9971672167E-01   -6.9414455097E+00    1.9400986016E+01   -6.4014022522E+01
    9.9971667167E-01   -6.9414455097E+00    1.9400986016E+01   -6.4014022522E+01
    9.9971662166E-01   -6.9414455097E+00    1.9400986016E+01   -6.4014022522E+01
    9.9971657166E-01   -6.9414455097E+00    1.9400986016E+01   -6.4014022522E+01
    9.9971652165E-01   -6.9414455097E+00    1.9400986016E+01   -6.4014022522E+01
    9.9971647165E-01   -6.9414455097E+00    1.9400986016E+01   -6.4014022522E+01
    9.9971642164E-01   -6.9414455097E+00    1.9400986016E+01   -6.4014022522E+01
    9.9971637164E-01   -6.9414455097E+00    1.9400986016E+01   -6.4014022522E+01
    9.9971632163E-01   -6.9414455097E+00    1.9400986016E+01   -6.4014022522E+01
    9.9971627163E-01   -6.9414455097E+00    1.9400986016E+01   -6.4014022522E+01
    9.9971622162E-01   -6.9414455097E+00    1.9400986016E+01   -6.4014022522E+01
    9.9971617162E-01   -6.9414455097E+00    1.9400986016E+01   -6.4014022522E+01
    9.9971612161E-01   -6.9414455097E+00    1.9400986016E+01   -6.4014022522E+01
    9.9971607161E-01   -6.9414455097E+00    1.9400986016E+01   -6.4014022522E+01
    9.9971602160E-01   -6.9414455097E+00    1.9400986016E+01   -6.4014022522E+01
    9.9971597160E-01   -6.9414455097E+00    1.9400986016E+01   -6.4014022522E+01
    9.9971592159E-01   -6.9414455097E+00    1.9400986016E+01   -6.4014022522E+01
    9.9971587159E-01   -6.9414455097E+00    1.9400986016E+01   -6.4014022522E+01
    9.9971582158E-01   -6.9414455097E+00    1.9400986016E+01   -6.4014022522E+01
    9.9971577158E-01   -6.9414455097E+00    1.9400986016E+01   -6.4014022522E+01
    9.9971572157E-01   -6.9414455097E+00    1.9400986016E+01   -6.4014022522E+01
    9.9971567157E-01   -6.9414455097E+00    1.9400986016E+01   -6.4014022522E+01
    9.9971562156E-01   -6.9414455097E+00    1.9400986016E+01   -6.4014022522E+01
    9.9971557156E-01   -6.9414455097E+00    1.9400986016E+01   -6.4014022522E+01
    9.9971552155E-01   -6.9414455097E+00    1.9400986016E+01   -6.4014022522E+01
    9.9971547155E-01   -6.9414455097E+00    1.9400986016E+01   -6.4014022522E+01
    9.9971542154E-01   -6.9414455097E+00    1.9400986016E+01   -6.4014022522E+01
    9.9971537154E-01   -6.9414455097E+00    1.9400986016E+01   -6.4014022522E+01
    9.9971532153E-01   -6.9414455097E+00    1.9400986016E+01   -6.4014022522E+01
    9.9971527153E-01   -6.9414455097E+00    1.9400986016E+01   -6.4014022522E+01
    9.9971522152E-01   -6.9414455097E+00    1.9400986016E+01   -6.4014022522E+01
    9.9971517152E-01   -6.9414455097E+00    1.9400986016E+01   -6.4014022522E+01
    9.9971512151E-01   -6.9414455097E+00    1.9400986016E+01   -6.4014022522E+01
    9.9971507151E-01   -6.9414455097E+00    1.9400986016E+01   -6.4014022522E+01
    9.9971502150E-01   -6.9414455097E+00    1.9400986016E+01   -6.4014022522E+01
    9.9971497150E-01   -6.9414455097E+00    1.9400986016E+01   -6.4014022522E+01
    9.9971492149E-01   -6.9414455097E+00    1.9400986016E+01   -6.4014022522E+01
    9.9971487149E-01   -6.9414455097E+00    1.9400986016E+01   -6.4014022522E+01
    9.9971482148E-01   -6.9414455097E+00    1.9400986016E+01   -6.4014022522E+01
    9.9971477148E-01   -6.9414455097E+00    1.9400986016E+01   -6.4014022522E+01
    9.9971472147E-01   -6.9414455097E+00    1.9400986016E+01   -6.4014022522E+01
    9.9971467147E-01   -6.9414455097E+00    1.9400986016E+01   -6.4014022522E+01
    9.9971462146E-01   -6.9414455097E+00    1.9400986016E+01   -6.4014022522E+01
    9.9971457146E-01   -6.9414455097E+00    1.9400986016E+01   -6.4014022522E+01
    9.9971452145E-01   -6.9414455097E+00    1.9400986016E+01   -6.4014022522E+01
    9.9971447145E-01   -6.9414455097E+00    1.9400986016E+01   -6.4014022522E+01
    9.9971442144E-01   -6.9414455097E+00    1.9400986016E+01   -6.4014022522E+01
    9.9971437144E-01   -6.9414455097E+00    1.9400986016E+01   -6.4014022522E+01
    9.9971432143E-01   -6.9414455097E+00    1.9400986016E+01   -6.4014022522E+01
    9.9971427143E-01   -6.9414455097E+00    1.9400986016E+01   -6.4014022522E+01
    9.9971422142E-01   -6.9414455097E+00    1.9400986016E+01   -6.4014022522E+01
    9.9971417142E-01   -6.9414455097E+00    1.9400986016E+01   -6.4014022522E+01
    9.9971412141E-01   -6.9414455097E+00    1.9400986016E+01   -6.4014022522E+01
    9.9971407141E-01   -6.9414455097E+00    1.9400986016E+01   -6.4014022522E+01
    9.9971402140E-01   -6.9414455097E+00    1.9400986016E+01   -6.4014022522E+01
    9.9971397140E-01   -6.9414455097E+00    1.9400986016E+01   -6.4014022522E+01
    9.9971392139E-01   -6.9414455097E+00    1.9400986016E+01   -6.4014022522E+01
    9.9971387139E-01   -6.9414455097E+00    1.9400986016E+01   -6.4014022522E+01
    9.9971382138E-01   -6.9414455097E+00    1.9400986016E+01   -6.4014022522E+01
    9.9971377138E-01   -6.9414455097E+00    1.9400986016E+01   -6.4014022522E+01
    9.9971372137E-01   -6.9414455097E+00    1.9400986016E+01   -6.4014022522E+01
    9.9971367137E-01   -6.9414455097E+00    1.9400986016E+01   -6.4014022522E+01
    9.9971362136E-01   -6.9414455097E+00    1.9400986016E+01   -6.4014022522E+01
    9.9971357136E-01   -6.9414455097E+00    1.9400986016E+01   -6.4014022522E+01
    9.9971352135E-01   -6.9414455097E+00    1.9400986016E+01   -6.4014022522E+01
    9.9971347135E-01   -6.9414455097E+00    1.9400986016E+01   -6.4014022522E+01
    9.9971342134E-01   -6.9414455097E+00    1.9400986016E+01   -6.4014022522E+01
    9.9971337134E-01   -6.9414455097E+00    1.9400986016E+01   -6.4014022522E+01
    9.9971332133E-01   -6.9414455097E+00    1.9400986016E+01   -6.4014022522E+01
    9.9971327133E-01   -6.9414455097E+00    1.9400986016E+01   -6.4014022522E+01
    9.9971322132E-01   -6.9414455097E+00    1.9400986016E+01   -6.4014022522E+01
    9.9971317132E-01   -6.9414455097E+00    1.9400986016E+01   -6.4014022522E+01
    9.9971312131E-01   -6.9414455097E+00    1.9400986016E+01   -6.4014022522E+01
    9.9971307131E-01   -6.9414455097E+00    1.9400986016E+01   -6.4014022522E+01
    9.9971302130E-01   -6.9414455097E+00    1.9400986016E+01   -6.4014022522E+01
    9.9971297130E-01   -6.9414455097E+00    1.9400986016E+01   -6.4014022522E+01
    9.9971292129E-01   -6.9414455097E+00    1.9400986016E+01   -6.4014022522E+01
    9.9971287129E-01   -6.9414455097E+00    1.9400986016E+01   -6.4014022522E+01
    9.9971282128E-01   -6.9414455097E+00    1.9400986016E+01   -6.4014022522E+01
    9.9971277128E-01   -6.9414455097E+00    1.9400986016E+01   -6.4014022522E+01
    9.9971272127E-01   -6.9414455097E+00    1.9400986016E+01   -6.4014022522E+01
    9.9971267127E-01   -6.9414455097E+00    1.9400986016E+01   -6.4014022522E+01
    9.9971262126E-01   -6.9414455097E+00    1.9400986016E+01   -6.4014022522E+01
    9.9971257126E-01   -6.9414455097E+00    1.9400986016E+01   -6.4014022522E+01
    9.9971252125E-01   -6.9414455097E+00    1.9400986016E+01   -6.4014022522E+01
    9.9971247125E-01   -6.9414455097E+00    1.9400986016E+01   -6.4014022522E+01
    9.9971242124E-01   -6.9414455097E+00    1.9400986016E+01   -6.4014022522E+01
    9.9971237124E-01   -6.9414455097E+00    1.9400986016E+01   -6.4014022522E+01
    9.9971232123E-01   -6.9414455097E+00    1.9400986016E+01   -6.4014022522E+01
    9.9971227123E-01   -6.9414455097E+00    1.9400986016E+01   -6.4014022522E+01
    9.9971222122E-01   -6.9414455097E+00    1.9400986016E+01   -6.4014022522E+01
    9.9971217122E-01   -6.9414455097E+00    1.9400986016E+01   -6.4014022522E+01
    9.9971212121E-01   -6.9414455097E+00    1.9400986016E+01   -6.4014022522E+01
    9.9971207121E-01   -6.9414455097E+00    1.9400986016E+01   -6.4014022522E+01
    9.9971202120E-01   -6.9414455097E+00    1.9400986016E+01   -6.4014022522E+01
    9.9971197120E-01   -6.9414455097E+00    1.9400986016E+01   -6.4014022522E+01
    9.9971192119E-01   -6.9414455097E+00    1.9400986016E+01   -6.4014022522E+01
    9.9971187119E-01   -6.9414455097E+00    1.9400986016E+01   -6.4014022522E+01
    9.9971182118E-01   -6.9414455097E+00    1.9400986016E+01   -6.4014022522E+01
    9.9971177118E-01   -6.9414455097E+00    1.9400986016E+01   -6.4014022522E+01
    9.9971172117E-01   -6.9414455097E+00    1.9400986016E+01   -6.4014022522E+01
    9.9971167117E-01   -6.9414455097E+00    1.9400986016E+01   -6.4014022522E+01
    9.9971162116E-01   -6.9414455097E+00    1.9400986016E+01   -6.4014022522E+01
    9.9971157116E-01   -6.9414455097E+00    1.9400986016E+01   -6.4014022522E+01
    9.9971152115E-01   -6.9414455097E+00    1.9400986016E+01   -6.4014022522E+01
    9.9971147115E-01   -6.9414455097E+00    1.9400986016E+01   -6.4014022522E+01
    9.9971142114E-01   -6.9414455097E+00    1.9400986016E+01   -6.4014022522E+01
    9.9971137114E-01   -6.9414455097E+00    1.9400986016E+01   -6.4014022522E+01
    9.9971132113E-01   -6.9414455097E+00    1.9400986016E+01   -6.4014022522E+01
    9.9971127113E-01   -6.9414455097E+00    1.9400986016E+01   -6.4014022522E+01
    9.9971122112E-01   -6.9414455097E+00    1.9400986016E+01   -6.4014022522E+01
    9.9971117112E-01   -6.9414455097E+00    1.9400986016E+01   -6.4014022522E+01
    9.9971112111E-01   -6.9414455097E+00    1.9400986016E+01   -6.4014022522E+01
    9.9971107111E-01   -6.9414455097E+00    1.9400986016E+01   -6.4014022522E+01
    9.9971102110E-01   -6.9414455097E+00    1.9400986016E+01   -6.4014022522E+01
    9.9971097110E-01   -6.9414455097E+00    1.9400986016E+01   -6.4014022522E+01
    9.9971092109E-01   -6.9414455097E+00    1.9400986016E+01   -6.4014022522E+01
    9.9971087109E-01   -6.9414455097E+00    1.9400986016E+01   -6.4014022522E+01
    9.9971082108E-01   -6.9414455097E+00    1.9400986016E+01   -6.4014022522E+01
    9.9971077108E-01   -6.9414455097E+00    1.9400986016E+01   -6.4014022522E+01
    9.9971072107E-01   -6.9414455097E+00    1.9400986016E+01   -6.4014022522E+01
    9.9971067107E-01   -6.9414455097E+00    1.9400986016E+01   -6.4014022522E+01
    9.9971062106E-01   -6.9414455097E+00    1.9400986016E+01   -6.4014022522E+01
    9.9971057106E-01   -6.9414455097E+00    1.9400986016E+01   -6.4014022522E+01
    9.9971052105E-01   -6.9414455097E+00    1.9400986016E+01   -6.4014022522E+01
    9.9971047105E-01   -6.9414455097E+00    1.9400986016E+01   -6.4014022522E+01
    9.9971042104E-01   -6.9414455097E+00    1.9400986016E+01   -6.4014022522E+01
    9.9971037104E-01   -6.9414455097E+00    1.9400986016E+01   -6.4014022522E+01
    9.9971032103E-01   -6.9414455097E+00    1.9400986016E+01   -6.4014022522E+01
    9.9971027103E-01   -6.9414455097E+00    1.9400986016E+01   -6.4014022522E+01
    9.9971022102E-01   -6.9414455097E+00    1.9400986016E+01   -6.4014022522E+01
    9.9971017102E-01   -6.9414455097E+00    1.9400986016E+01   -6.4014022522E+01
    9.9971012101E-01   -6.9414455097E+00    1.9400986016E+01   -6.4014022522E+01
    9.9971007101E-01   -6.9414455097E+00    1.9400986016E+01   -6.4014022522E+01
    9.9971002100E-01   -6.9414455097E+00    1.9400986016E+01   -6.4014022522E+01
    9.9970997100E-01   -6.9414455097E+00    1.9400986016E+01   -6.4014022522E+01
    9.9970992099E-01   -6.9414455097E+00    1.9400986016E+01   -6.4014022522E+01
    9.9970987099E-01   -6.9414455097E+00    1.9400986016E+01   -6.4014022522E+01
    9.9970982098E-01   -6.9414455097E+00    1.9400986016E+01   -6.4014022522E+01
    9.9970977098E-01   -6.9414455097E+00    1.9400986016E+01   -6.4014022522E+01
    9.9970972097E-01   -6.9414455097E+00    1.9400986016E+01   -6.4014022522E+01
    9.9970967097E-01   -6.9414455097E+00    1.9400986016E+01   -6.4014022522E+01
    9.9970962096E-01   -6.9414455097E+00    1.9400986016E+01   -6.4014022522E+01
    9.9970957096E-01   -6.9414455097E+00    1.9400986016E+01   -6.4014022522E+01
    9.9970952095E-01   -6.9414455097E+00    1.9400986016E+01   -6.4014022522E+01
    9.9970947095E-01   -6.9414455097E+00    1.9400986016E+01   -6.4014022522E+01
    9.9970942094E-01   -6.9414455097E+00    1.9400986016E+01   -6.4014022522E+01
    9.9970937094E-01   -6.9414455097E+00    1.9400986016E+01   -6.4014022522E+01
    9.9970932093E-01   -6.9414455097E+00    1.9400986016E+01   -6.4014022522E+01
    9.9970927093E-01   -6.9414455097E+00    1.9400986016E+01   -6.4014022522E+01
    9.9970922092E-01   -6.9414455097E+00    1.9400986016E+01   -6.4014022522E+01
    9.9970917092E-01   -6.9414455097E+00    1.9400986016E+01   -6.4014022522E+01
    9.9970912091E-01   -6.9414455097E+00    1.9400986016E+01   -6.4014022522E+01
    9.9970907091E-01   -6.9414455097E+00    1.9400986016E+01   -6.4014022522E+01
    9.9970902090E-01   -6.9414455097E+00    1.9400986016E+01   -6.4014022522E+01
    9.9970897090E-01   -6.9414455097E+00    1.9400986016E+01   -6.4014022522E+01
    9.9970892089E-01   -6.9414455097E+00    1.9400986016E+01   -6.4014022522E+01
    9.9970887089E-01   -6.9414455097E+00    1.9400986016E+01   -6.4014022522E+01
    9.9970882088E-01   -6.9414455097E+00    1.9400986016E+01   -6.4014022522E+01
    9.9970877088E-01   -6.9414455097E+00    1.9400986016E+01   -6.4014022522E+01
    9.9970872087E-01   -6.9414455097E+00    1.9400986016E+01   -6.4014022522E+01
    9.9970867087E-01   -6.9414455097E+00    1.9400986016E+01   -6.4014022522E+01
    9.9970862086E-01   -6.9414455097E+00    1.9400986016E+01   -6.4014022522E+01
    9.9970857086E-01   -6.9414455097E+00    1.9400986016E+01   -6.4014022522E+01
    9.9970852085E-01   -6.9414455097E+00    1.9400986016E+01   -6.4014022522E+01
    9.9970847085E-01   -6.9414455097E+00    1.9400986016E+01   -6.4014022522E+01
    9.9970842084E-01   -6.9414455097E+00    1.9400986016E+01   -6.4014022522E+01
    9.9970837084E-01   -6.9414455097E+00    1.9400986016E+01   -6.4014022522E+01
    9.9970832083E-01   -6.9414455097E+00    1.9400986016E+01   -6.4014022522E+01
    9.9970827083E-01   -6.9414455097E+00    1.9400986016E+01   -6.4014022522E+01
    9.9970822082E-01   -6.9414455097E+00    1.9400986016E+01   -6.4014022522E+01
    9.9970817082E-01   -6.9414455097E+00    1.9400986016E+01   -6.4014022522E+01
    9.9970812081E-01   -6.9414455097E+00    1.9400986016E+01   -6.4014022522E+01
    9.9970807081E-01   -6.9414455097E+00    1.9400986016E+01   -6.4014022522E+01
    9.9970802080E-01   -6.9414455097E+00    1.9400986016E+01   -6.4014022522E+01
    9.9970797080E-01   -6.9414455097E+00    1.9400986016E+01   -6.4014022522E+01
    9.9970792079E-01   -6.9414455097E+00    1.9400986016E+01   -6.4014022522E+01
    9.9970787079E-01   -6.9414455097E+00    1.9400986016E+01   -6.4014022522E+01
    9.9970782078E-01   -6.9414455097E+00    1.9400986016E+01   -6.4014022522E+01
    9.9970777078E-01   -6.9414455097E+00    1.9400986016E+01   -6.4014022522E+01
    9.9970772077E-01   -6.9414455097E+00    1.9400986016E+01   -6.4014022522E+01
    9.9970767077E-01   -6.9414455097E+00    1.9400986016E+01   -6.4014022522E+01
    9.9970762076E-01   -6.9414455097E+00    1.9400986016E+01   -6.4014022522E+01
    9.9970757076E-01   -6.9414455097E+00    1.9400986016E+01   -6.4014022522E+01
    9.9970752075E-01   -6.9414455097E+00    1.9400986016E+01   -6.4014022522E+01
    9.9970747075E-01   -6.9414455097E+00    1.9400986016E+01   -6.4014022522E+01
    9.9970742074E-01   -6.9414455097E+00    1.9400986016E+01   -6.4014022522E+01
    9.9970737074E-01   -6.9414455097E+00    1.9400986016E+01   -6.4014022522E+01
    9.9970732073E-01   -6.9414455097E+00    1.9400986016E+01   -6.4014022522E+01
    9.9970727073E-01   -6.9414455097E+00    1.9400986016E+01   -6.4014022522E+01
    9.9970722072E-01   -6.9414455097E+00    1.9400986016E+01   -6.4014022522E+01
    9.9970717072E-01   -6.9414455097E+00    1.9400986016E+01   -6.4014022522E+01
    9.9970712071E-01   -6.9414455097E+00    1.9400986016E+01   -6.4014022522E+01
    9.9970707071E-01   -6.9414455097E+00    1.9400986016E+01   -6.4014022522E+01
    9.9970702070E-01   -6.9414455097E+00    1.9400986016E+01   -6.4014022522E+01
    9.9970697070E-01   -6.9414455097E+00    1.9400986016E+01   -6.4014022522E+01
    9.9970692069E-01   -6.9414455097E+00    1.9400986016E+01   -6.4014022522E+01
    9.9970687069E-01   -6.9414455097E+00    1.9400986016E+01   -6.4014022522E+01
    9.9970682068E-01   -6.9414455097E+00    1.9400986016E+01   -6.4014022522E+01
    9.9970677068E-01   -6.9414455097E+00    1.9400986016E+01   -6.4014022522E+01
    9.9970672067E-01   -6.9414455097E+00    1.9400986016E+01   -6.4014022522E+01
    9.9970667067E-01   -6.9414455097E+00    1.9400986016E+01   -6.4014022522E+01
    9.9970662066E-01   -6.9414455097E+00    1.9400986016E+01   -6.4014022522E+01
    9.9970657066E-01   -6.9414455097E+00    1.9400986016E+01   -6.4014022522E+01
    9.9970652065E-01   -6.9414455097E+00    1.9400986016E+01   -6.4014022522E+01
    9.9970647065E-01   -6.9414455097E+00    1.9400986016E+01   -6.4014022522E+01
    9.9970642064E-01   -6.9414455097E+00    1.9400986016E+01   -6.4014022522E+01
    9.9970637064E-01   -6.9414455097E+00    1.9400986016E+01   -6.4014022522E+01
    9.9970632063E-01   -6.9414455097E+00    1.9400986016E+01   -6.4014022522E+01
    9.9970627063E-01   -6.9414455097E+00    1.9400986016E+01   -6.4014022522E+01
    9.9970622062E-01   -6.9414455097E+00    1.9400986016E+01   -6.4014022522E+01
    9.9970617062E-01   -6.9414455097E+00    1.9400986016E+01   -6.4014022522E+01
    9.9970612061E-01   -6.9414455097E+00    1.9400986016E+01   -6.4014022522E+01
    9.9970607061E-01   -6.9414455097E+00    1.9400986016E+01   -6.4014022522E+01
    9.9970602060E-01   -6.9414455097E+00    1.9400986016E+01   -6.4014022522E+01
    9.9970597060E-01   -6.9414455097E+00    1.9400986016E+01   -6.4014022522E+01
    9.9970592059E-01   -6.9414455097E+00    1.9400986016E+01   -6.4014022522E+01
    9.9970587059E-01   -6.9414455097E+00    1.9400986016E+01   -6.4014022522E+01
    9.9970582058E-01   -6.9414455097E+00    1.9400986016E+01   -6.4014022522E+01
    9.9970577058E-01   -6.9414455097E+00    1.9400986016E+01   -6.4014022522E+01
    9.9970572057E-01   -6.9414455097E+00    1.9400986016E+01   -6.4014022522E+01
    9.9970567057E-01   -6.9414455097E+00    1.9400986016E+01   -6.4014022522E+01
    9.9970562056E-01   -6.9414455097E+00    1.9400986016E+01   -6.4014022522E+01
    9.9970557056E-01   -6.9414455097E+00    1.9400986016E+01   -6.4014022522E+01
    9.9970552055E-01   -6.9414455097E+00    1.9400986016E+01   -6.4014022522E+01
    9.9970547055E-01   -6.9414455097E+00    1.9400986016E+01   -6.4014022522E+01
    9.9970542054E-01   -6.9414455097E+00    1.9400986016E+01   -6.4014022522E+01
    9.9970537054E-01   -6.9414455097E+00    1.9400986016E+01   -6.4014022522E+01
    9.9970532053E-01   -6.9414455097E+00    1.9400986016E+01   -6.4014022522E+01
    9.9970527053E-01   -6.9414455097E+00    1.9400986016E+01   -6.4014022522E+01
    9.9970522052E-01   -6.9414455097E+00    1.9400986016E+01   -6.4014022522E+01
    9.9970517052E-01   -6.9414455097E+00    1.9400986016E+01   -6.4014022522E+01
    9.9970512051E-01   -6.9414455097E+00    1.9400986016E+01   -6.4014022522E+01
    9.9970507051E-01   -6.9414455097E+00    1.9400986016E+01   -6.4014022522E+01
    9.9970502050E-01   -6.9414455097E+00    1.9400986016E+01   -6.4014022522E+01
    9.9970497050E-01   -6.9414455097E+00    1.9400986016E+01   -6.4014022522E+01
    9.9970492049E-01   -6.9414455097E+00    1.9400986016E+01   -6.4014022522E+01
    9.9970487049E-01   -6.9414455097E+00    1.9400986016E+01   -6.4014022522E+01
    9.9970482048E-01   -6.9414455097E+00    1.9400986016E+01   -6.4014022522E+01
    9.9970477048E-01   -6.9414455097E+00    1.9400986016E+01   -6.4014022522E+01
    9.9970472047E-01   -6.9414455097E+00    1.9400986016E+01   -6.4014022522E+01
    9.9970467047E-01   -6.9414455097E+00    1.9400986016E+01   -6.4014022522E+01
    9.9970462046E-01   -6.9414455097E+00    1.9400986016E+01   -6.4014022522E+01
    9.9970457046E-01   -6.9414455097E+00    1.9400986016E+01   -6.4014022522E+01
    9.9970452045E-01   -6.9414455097E+00    1.9400986016E+01   -6.4014022522E+01
    9.9970447045E-01   -6.9414455097E+00    1.9400986016E+01   -6.4014022522E+01
    9.9970442044E-01   -6.9414455097E+00    1.9400986016E+01   -6.4014022522E+01
    9.9970437044E-01   -6.9414455097E+00    1.9400986016E+01   -6.4014022522E+01
    9.9970432043E-01   -6.9414455097E+00    1.9400986016E+01   -6.4014022522E+01
    9.9970427043E-01   -6.9414455097E+00    1.9400986016E+01   -6.4014022522E+01
    9.9970422042E-01   -6.9414455097E+00    1.9400986016E+01   -6.4014022522E+01
    9.9970417042E-01   -6.9414455097E+00    1.9400986016E+01   -6.4014022522E+01
    9.9970412041E-01   -6.9414455097E+00    1.9400986016E+01   -6.4014022522E+01
    9.9970407041E-01   -6.9414455097E+00    1.9400986016E+01   -6.4014022522E+01
    9.9970402040E-01   -6.9414455097E+00    1.9400986016E+01   -6.4014022522E+01
    9.9970397040E-01   -6.9414455097E+00    1.9400986016E+01   -6.4014022522E+01
    9.9970392039E-01   -6.9414455097E+00    1.9400986016E+01   -6.4014022522E+01
    9.9970387039E-01   -6.9414455097E+00    1.9400986016E+01   -6.4014022522E+01
    9.9970382038E-01   -6.9414455097E+00    1.9400986016E+01   -6.4014022522E+01
    9.9970377038E-01   -6.9414455097E+00    1.9400986016E+01   -6.4014022522E+01
    9.9970372037E-01   -6.9414455097E+00    1.9400986016E+01   -6.4014022522E+01
    9.9970367037E-01   -6.9414455097E+00    1.9400986016E+01   -6.4014022522E+01
    9.9970362036E-01   -6.9414455097E+00    1.9400986016E+01   -6.4014022522E+01
    9.9970357036E-01   -6.9414455097E+00    1.9400986016E+01   -6.4014022522E+01
    9.9970352035E-01   -6.9414455097E+00    1.9400986016E+01   -6.4014022522E+01
    9.9970347035E-01   -6.9414455097E+00    1.9400986016E+01   -6.4014022522E+01
    9.9970342034E-01   -6.9414455097E+00    1.9400986016E+01   -6.4014022522E+01
    9.9970337034E-01   -6.9414455097E+00    1.9400986016E+01   -6.4014022522E+01
    9.9970332033E-01   -6.9414455097E+00    1.9400986016E+01   -6.4014022522E+01
    9.9970327033E-01   -6.9414455097E+00    1.9400986016E+01   -6.4014022522E+01
    9.9970322032E-01   -6.9414455097E+00    1.9400986016E+01   -6.4014022522E+01
    9.9970317032E-01   -6.9414455097E+00    1.9400986016E+01   -6.4014022522E+01
    9.9970312031E-01   -6.9414455097E+00    1.9400986016E+01   -6.4014022522E+01
    9.9970307031E-01   -6.9414455097E+00    1.9400986016E+01   -6.4014022522E+01
    9.9970302030E-01   -6.9414455097E+00    1.9400986016E+01   -6.4014022522E+01
    9.9970297030E-01   -6.9414455097E+00    1.9400986016E+01   -6.4014022522E+01
    9.9970292029E-01   -6.9414455097E+00    1.9400986016E+01   -6.4014022522E+01
    9.9970287029E-01   -6.9414455097E+00    1.9400986016E+01   -6.4014022522E+01
    9.9970282028E-01   -6.9414455097E+00    1.9400986016E+01   -6.4014022522E+01
    9.9970277028E-01   -6.9414455097E+00    1.9400986016E+01   -6.4014022522E+01
    9.9970272027E-01   -6.9414455097E+00    1.9400986016E+01   -6.4014022522E+01
    9.9970267027E-01   -6.9414455097E+00    1.9400986016E+01   -6.4014022522E+01
    9.9970262026E-01   -6.9414455097E+00    1.9400986016E+01   -6.4014022522E+01
    9.9970257026E-01   -6.9414455097E+00    1.9400986016E+01   -6.4014022522E+01
    9.9970252025E-01   -6.9414455097E+00    1.9400986016E+01   -6.4014022522E+01
    9.9970247025E-01   -6.9414455097E+00    1.9400986016E+01   -6.4014022522E+01
    9.9970242024E-01   -6.9414455097E+00    1.9400986016E+01   -6.4014022522E+01
    9.9970237024E-01   -6.9414455097E+00    1.9400986016E+01   -6.4014022522E+01
    9.9970232023E-01   -6.9414455097E+00    1.9400986016E+01   -6.4014022522E+01
    9.9970227023E-01   -6.9414455097E+00    1.9400986016E+01   -6.4014022522E+01
    9.9970222022E-01   -6.9414455097E+00    1.9400986016E+01   -6.4014022522E+01
    9.9970217022E-01   -6.9414455097E+00    1.9400986016E+01   -6.4014022522E+01
    9.9970212021E-01   -6.9414455097E+00    1.9400986016E+01   -6.4014022522E+01
    9.9970207021E-01   -6.9414455097E+00    1.9400986016E+01   -6.4014022522E+01
    9.9970202020E-01   -6.9414455097E+00    1.9400986016E+01   -6.4014022522E+01
    9.9970197020E-01   -6.9414455097E+00    1.9400986016E+01   -6.4014022522E+01
    9.9970192019E-01   -6.9414455097E+00    1.9400986016E+01   -6.4014022522E+01
    9.9970187019E-01   -6.9414455097E+00    1.9400986016E+01   -6.4014022522E+01
    9.9970182018E-01   -6.9414455097E+00    1.9400986016E+01   -6.4014022522E+01
    9.9970177018E-01   -6.9414455097E+00    1.9400986016E+01   -6.4014022522E+01
    9.9970172017E-01   -6.9414455097E+00    1.9400986016E+01   -6.4014022522E+01
    9.9970167017E-01   -6.9414455097E+00    1.9400986016E+01   -6.4014022522E+01
    9.9970162016E-01   -6.9414455097E+00    1.9400986016E+01   -6.4014022522E+01
    9.9970157016E-01   -6.9414455097E+00    1.9400986016E+01   -6.4014022522E+01
    9.9970152015E-01   -6.9414455097E+00    1.9400986016E+01   -6.4014022522E+01
    9.9970147015E-01   -6.9414455097E+00    1.9400986016E+01   -6.4014022522E+01
    9.9970142014E-01   -6.9414455097E+00    1.9400986016E+01   -6.4014022522E+01
    9.9970137014E-01   -6.9414455097E+00    1.9400986016E+01   -6.4014022522E+01
    9.9970132013E-01   -6.9414455097E+00    1.9400986016E+01   -6.4014022522E+01
    9.9970127013E-01   -6.9414455097E+00    1.9400986016E+01   -6.4014022522E+01
    9.9970122012E-01   -6.9414455097E+00    1.9400986016E+01   -6.4014022522E+01
    9.9970117012E-01   -6.9414455097E+00    1.9400986016E+01   -6.4014022522E+01
    9.9970112011E-01   -6.9414455097E+00    1.9400986016E+01   -6.4014022522E+01
    9.9970107011E-01   -6.9414455097E+00    1.9400986016E+01   -6.4014022522E+01
    9.9970102010E-01   -6.9414455097E+00    1.9400986016E+01   -6.4014022522E+01
    9.9970097010E-01   -6.9414455097E+00    1.9400986016E+01   -6.4014022522E+01
    9.9970092009E-01   -6.9414455097E+00    1.9400986016E+01   -6.4014022522E+01
    9.9970087009E-01   -6.9414455097E+00    1.9400986016E+01   -6.4014022522E+01
    9.9970082008E-01   -6.9414455097E+00    1.9400986016E+01   -6.4014022522E+01
    9.9970077008E-01   -6.9414455097E+00    1.9400986016E+01   -6.4014022522E+01
    9.9970072007E-01   -6.9414455097E+00    1.9400986016E+01   -6.4014022522E+01
    9.9970067007E-01   -6.9414455097E+00    1.9400986016E+01   -6.4014022522E+01
    9.9970062006E-01   -6.9414455097E+00    1.9400986016E+01   -6.4014022522E+01
    9.9970057006E-01   -6.9414455097E+00    1.9400986016E+01   -6.4014022522E+01
    9.9970052005E-01   -6.9414455097E+00    1.9400986016E+01   -6.4014022522E+01
    9.9970047005E-01   -6.9414455097E+00    1.9400986016E+01   -6.4014022522E+01
    9.9970042004E-01   -6.9414455097E+00    1.9400986016E+01   -6.4014022522E+01
    9.9970037004E-01   -6.9414455097E+00    1.9400986016E+01   -6.4014022522E+01
    9.9970032003E-01   -6.9414455097E+00    1.9400986016E+01   -6.4014022522E+01
    9.9970027003E-01   -6.9414455097E+00    1.9400986016E+01   -6.4014022522E+01
    9.9970022002E-01   -6.9414455097E+00    1.9400986016E+01   -6.4014022522E+01
    9.9970017002E-01   -6.9414455097E+00    1.9400986016E+01   -6.4014022522E+01
    9.9970012001E-01   -6.9414455097E+00    1.9400986016E+01   -6.4014022522E+01
    9.9970007001E-01   -6.9414455097E+00    1.9400986016E+01   -6.4014022522E+01
    9.9970002000E-01   -6.9414455097E+00    1.9400986016E+01   -6.4014022522E+01
    9.9969997000E-01   -6.9414455097E+00    1.9400986016E+01   -6.4014022522E+01
    9.9969991999E-01   -6.9414455097E+00    1.9400986016E+01   -6.4014022522E+01
    9.9969986999E-01   -6.9414455097E+00    1.9400986016E+01   -6.4014022522E+01
    9.9969981998E-01   -6.9414455097E+00    1.9400986016E+01   -6.4014022522E+01
    9.9969976998E-01   -6.9414455097E+00    1.9400986016E+01   -6.4014022522E+01
    9.9969971997E-01   -6.9414455097E+00    1.9400986016E+01   -6.4014022522E+01
    9.9969966997E-01   -6.9414455097E+00    1.9400986016E+01   -6.4014022522E+01
    9.9969961996E-01   -6.9414455097E+00    1.9400986016E+01   -6.4014022522E+01
    9.9969956996E-01   -6.9414455097E+00    1.9400986016E+01   -6.4014022522E+01
    9.9969951995E-01   -6.9414455097E+00    1.9400986016E+01   -6.4014022522E+01
    9.9969946995E-01   -6.9414455097E+00    1.9400986016E+01   -6.4014022522E+01
    9.9969941994E-01   -6.9414455097E+00    1.9400986016E+01   -6.4014022522E+01
    9.9969936994E-01   -6.9414455097E+00    1.9400986016E+01   -6.4014022522E+01
    9.9969931993E-01   -6.9414455097E+00    1.9400986016E+01   -6.4014022522E+01
    9.9969926993E-01   -6.9414455097E+00    1.9400986016E+01   -6.4014022522E+01
    9.9969921992E-01   -6.9414455097E+00    1.9400986016E+01   -6.4014022522E+01
    9.9969916992E-01   -6.9414455097E+00    1.9400986016E+01   -6.4014022522E+01
    9.9969911991E-01   -6.9414455097E+00    1.9400986016E+01   -6.4014022522E+01
    9.9969906991E-01   -6.9414455097E+00    1.9400986016E+01   -6.4014022522E+01
    9.9969901990E-01   -6.9414455097E+00    1.9400986016E+01   -6.4014022522E+01
    9.9969896990E-01   -6.9414455097E+00    1.9400986016E+01   -6.4014022522E+01
    9.9969891989E-01   -6.9414455097E+00    1.9400986016E+01   -6.4014022522E+01
    9.9969886989E-01   -6.9414455097E+00    1.9400986016E+01   -6.4014022522E+01
    9.9969881988E-01   -6.9414455097E+00    1.9400986016E+01   -6.4014022522E+01
    9.9969876988E-01   -6.9414455097E+00    1.9400986016E+01   -6.4014022522E+01
    9.9969871987E-01   -6.9414455097E+00    1.9400986016E+01   -6.4014022522E+01
    9.9969866987E-01   -6.9414455097E+00    1.9400986016E+01   -6.4014022522E+01
    9.9969861986E-01   -6.9414455097E+00    1.9400986016E+01   -6.4014022522E+01
    9.9969856986E-01   -6.9414455097E+00    1.9400986016E+01   -6.4014022522E+01
    9.9969851985E-01   -6.9414455097E+00    1.9400986016E+01   -6.4014022522E+01
    9.9969846985E-01   -6.9414455097E+00    1.9400986016E+01   -6.4014022522E+01
    9.9969841984E-01   -6.9414455097E+00    1.9400986016E+01   -6.4014022522E+01
    9.9969836984E-01   -6.9414455097E+00    1.9400986016E+01   -6.4014022522E+01
    9.9969831983E-01   -6.9414455097E+00    1.9400986016E+01   -6.4014022522E+01
    9.9969826983E-01   -6.9414455097E+00    1.9400986016E+01   -6.4014022522E+01
    9.9969821982E-01   -6.9414455097E+00    1.9400986016E+01   -6.4014022522E+01
    9.9969816982E-01   -6.9414455097E+00    1.9400986016E+01   -6.4014022522E+01
    9.9969811981E-01   -6.9414455097E+00    1.9400986016E+01   -6.4014022522E+01
    9.9969806981E-01   -6.9414455097E+00    1.9400986016E+01   -6.4014022522E+01
    9.9969801980E-01   -6.9414455097E+00    1.9400986016E+01   -6.4014022522E+01
    9.9969796980E-01   -6.9414455097E+00    1.9400986016E+01   -6.4014022522E+01
    9.9969791979E-01   -6.9414455097E+00    1.9400986016E+01   -6.4014022522E+01
    9.9969786979E-01   -6.9414455097E+00    1.9400986016E+01   -6.4014022522E+01
    9.9969781978E-01   -6.9414455097E+00    1.9400986016E+01   -6.4014022522E+01
    9.9969776978E-01   -6.9414455097E+00    1.9400986016E+01   -6.4014022522E+01
    9.9969771977E-01   -6.9414455097E+00    1.9400986016E+01   -6.4014022522E+01
    9.9969766977E-01   -6.9414455097E+00    1.9400986016E+01   -6.4014022522E+01
    9.9969761976E-01   -6.9414455097E+00    1.9400986016E+01   -6.4014022522E+01
    9.9969756976E-01   -6.9414455097E+00    1.9400986016E+01   -6.4014022522E+01
    9.9969751975E-01   -6.9414455097E+00    1.9400986016E+01   -6.4014022522E+01
    9.9969746975E-01   -6.9414455097E+00    1.9400986016E+01   -6.4014022522E+01
    9.9969741974E-01   -6.9414455097E+00    1.9400986016E+01   -6.4014022522E+01
    9.9969736974E-01   -6.9414455097E+00    1.9400986016E+01   -6.4014022522E+01
    9.9969731973E-01   -6.9414455097E+00    1.9400986016E+01   -6.4014022522E+01
    9.9969726973E-01   -6.9414455097E+00    1.9400986016E+01   -6.4014022522E+01
    9.9969721972E-01   -6.9414455097E+00    1.9400986016E+01   -6.4014022522E+01
    9.9969716972E-01   -6.9414455097E+00    1.9400986016E+01   -6.4014022522E+01
    9.9969711971E-01   -6.9414455097E+00    1.9400986016E+01   -6.4014022522E+01
    9.9969706971E-01   -6.9414455097E+00    1.9400986016E+01   -6.4014022522E+01
    9.9969701970E-01   -6.9414455097E+00    1.9400986016E+01   -6.4014022522E+01
    9.9969696970E-01   -6.9414455097E+00    1.9400986016E+01   -6.4014022522E+01
    9.9969691969E-01   -6.9414455097E+00    1.9400986016E+01   -6.4014022522E+01
    9.9969686969E-01   -6.9414455097E+00    1.9400986016E+01   -6.4014022522E+01
    9.9969681968E-01   -6.9414455097E+00    1.9400986016E+01   -6.4014022522E+01
    9.9969676968E-01   -6.9414455097E+00    1.9400986016E+01   -6.4014022522E+01
    9.9969671967E-01   -6.9414455097E+00    1.9400986016E+01   -6.4014022522E+01
    9.9969666967E-01   -6.9414455097E+00    1.9400986016E+01   -6.4014022522E+01
    9.9969661966E-01   -6.9414455097E+00    1.9400986016E+01   -6.4014022522E+01
    9.9969656966E-01   -6.9414455097E+00    1.9400986016E+01   -6.4014022522E+01
    9.9969651965E-01   -6.9414455097E+00    1.9400986016E+01   -6.4014022522E+01
    9.9969646965E-01   -6.9414455097E+00    1.9400986016E+01   -6.4014022522E+01
    9.9969641964E-01   -6.9414455097E+00    1.9400986016E+01   -6.4014022522E+01
    9.9969636964E-01   -6.9414455097E+00    1.9400986016E+01   -6.4014022522E+01
    9.9969631963E-01   -6.9414455097E+00    1.9400986016E+01   -6.4014022522E+01
    9.9969626963E-01   -6.9414455097E+00    1.9400986016E+01   -6.4014022522E+01
    9.9969621962E-01   -6.9414455097E+00    1.9400986016E+01   -6.4014022522E+01
    9.9969616962E-01   -6.9414455097E+00    1.9400986016E+01   -6.4014022522E+01
    9.9969611961E-01   -6.9414455097E+00    1.9400986016E+01   -6.4014022522E+01
    9.9969606961E-01   -6.9414455097E+00    1.9400986016E+01   -6.4014022522E+01
    9.9969601960E-01   -6.9414455097E+00    1.9400986016E+01   -6.4014022522E+01
    9.9969596960E-01   -6.9414455097E+00    1.9400986016E+01   -6.4014022522E+01
    9.9969591959E-01   -6.9414455097E+00    1.9400986016E+01   -6.4014022522E+01
    9.9969586959E-01   -6.9414455097E+00    1.9400986016E+01   -6.4014022522E+01
    9.9969581958E-01   -6.9414455097E+00    1.9400986016E+01   -6.4014022522E+01
    9.9969576958E-01   -6.9414455097E+00    1.9400986016E+01   -6.4014022522E+01
    9.9969571957E-01   -6.9414455097E+00    1.9400986016E+01   -6.4014022522E+01
    9.9969566957E-01   -6.9414455097E+00    1.9400986016E+01   -6.4014022522E+01
    9.9969561956E-01   -6.9414455097E+00    1.9400986016E+01   -6.4014022522E+01
    9.9969556956E-01   -6.9414455097E+00    1.9400986016E+01   -6.4014022522E+01
    9.9969551955E-01   -6.9414455097E+00    1.9400986016E+01   -6.4014022522E+01
    9.9969546955E-01   -6.9414455097E+00    1.9400986016E+01   -6.4014022522E+01
    9.9969541954E-01   -6.9414455097E+00    1.9400986016E+01   -6.4014022522E+01
    9.9969536954E-01   -6.9414455097E+00    1.9400986016E+01   -6.4014022522E+01
    9.9969531953E-01   -6.9414455097E+00    1.9400986016E+01   -6.4014022522E+01
    9.9969526953E-01   -6.9414455097E+00    1.9400986016E+01   -6.4014022522E+01
    9.9969521952E-01   -6.9414455097E+00    1.9400986016E+01   -6.4014022522E+01
    9.9969516952E-01   -6.9414455097E+00    1.9400986016E+01   -6.4014022522E+01
    9.9969511951E-01   -6.9414455097E+00    1.9400986016E+01   -6.4014022522E+01
    9.9969506951E-01   -6.9414455097E+00    1.9400986016E+01   -6.4014022522E+01
    9.9969501950E-01   -6.9414455097E+00    1.9400986016E+01   -6.4014022522E+01
    9.9969496950E-01   -6.9414455097E+00    1.9400986016E+01   -6.4014022522E+01
    9.9969491949E-01   -6.9414455097E+00    1.9400986016E+01   -6.4014022522E+01
    9.9969486949E-01   -6.9414455097E+00    1.9400986016E+01   -6.4014022522E+01
    9.9969481948E-01   -6.9414455097E+00    1.9400986016E+01   -6.4014022522E+01
    9.9969476948E-01   -6.9414455097E+00    1.9400986016E+01   -6.4014022522E+01
    9.9969471947E-01   -6.9414455097E+00    1.9400986016E+01   -6.4014022522E+01
    9.9969466947E-01   -6.9414455097E+00    1.9400986016E+01   -6.4014022522E+01
    9.9969461946E-01   -6.9414455097E+00    1.9400986016E+01   -6.4014022522E+01
    9.9969456946E-01   -6.9414455097E+00    1.9400986016E+01   -6.4014022522E+01
    9.9969451945E-01   -6.9414455097E+00    1.9400986016E+01   -6.4014022522E+01
    9.9969446945E-01   -6.9414455097E+00    1.9400986016E+01   -6.4014022522E+01
    9.9969441944E-01   -6.9414455097E+00    1.9400986016E+01   -6.4014022522E+01
    9.9969436944E-01   -6.9414455097E+00    1.9400986016E+01   -6.4014022522E+01
    9.9969431943E-01   -6.9414455097E+00    1.9400986016E+01   -6.4014022522E+01
    9.9969426943E-01   -6.9414455097E+00    1.9400986016E+01   -6.4014022522E+01
    9.9969421942E-01   -6.9414455097E+00    1.9400986016E+01   -6.4014022522E+01
    9.9969416942E-01   -6.9414455097E+00    1.9400986016E+01   -6.4014022522E+01
    9.9969411941E-01   -6.9414455097E+00    1.9400986016E+01   -6.4014022522E+01
    9.9969406941E-01   -6.9414455097E+00    1.9400986016E+01   -6.4014022522E+01
    9.9969401940E-01   -6.9414455097E+00    1.9400986016E+01   -6.4014022522E+01
    9.9969396940E-01   -6.9414455097E+00    1.9400986016E+01   -6.4014022522E+01
    9.9969391939E-01   -6.9414455097E+00    1.9400986016E+01   -6.4014022522E+01
    9.9969386939E-01   -6.9414455097E+00    1.9400986016E+01   -6.4014022522E+01
    9.9969381938E-01   -6.9414455097E+00    1.9400986016E+01   -6.4014022522E+01
    9.9969376938E-01   -6.9414455097E+00    1.9400986016E+01   -6.4014022522E+01
    9.9969371937E-01   -6.9414455097E+00    1.9400986016E+01   -6.4014022522E+01
    9.9969366937E-01   -6.9414455097E+00    1.9400986016E+01   -6.4014022522E+01
    9.9969361936E-01   -6.9414455097E+00    1.9400986016E+01   -6.4014022522E+01
    9.9969356936E-01   -6.9414455097E+00    1.9400986016E+01   -6.4014022522E+01
    9.9969351935E-01   -6.9414455097E+00    1.9400986016E+01   -6.4014022522E+01
    9.9969346935E-01   -6.9414455097E+00    1.9400986016E+01   -6.4014022522E+01
    9.9969341934E-01   -6.9414455097E+00    1.9400986016E+01   -6.4014022522E+01
    9.9969336934E-01   -6.9414455097E+00    1.9400986016E+01   -6.4014022522E+01
    9.9969331933E-01   -6.9414455097E+00    1.9400986016E+01   -6.4014022522E+01
    9.9969326933E-01   -6.9414455097E+00    1.9400986016E+01   -6.4014022522E+01
    9.9969321932E-01   -6.9414455097E+00    1.9400986016E+01   -6.4014022522E+01
    9.9969316932E-01   -6.9414455097E+00    1.9400986016E+01   -6.4014022522E+01
    9.9969311931E-01   -6.9414455097E+00    1.9400986016E+01   -6.4014022522E+01
    9.9969306931E-01   -6.9414455097E+00    1.9400986016E+01   -6.4014022522E+01
    9.9969301930E-01   -6.9414455097E+00    1.9400986016E+01   -6.4014022522E+01
    9.9969296930E-01   -6.9414455097E+00    1.9400986016E+01   -6.4014022522E+01
    9.9969291929E-01   -6.9414455097E+00    1.9400986016E+01   -6.4014022522E+01
    9.9969286929E-01   -6.9414455097E+00    1.9400986016E+01   -6.4014022522E+01
    9.9969281928E-01   -6.9414455097E+00    1.9400986016E+01   -6.4014022522E+01
    9.9969276928E-01   -6.9414455097E+00    1.9400986016E+01   -6.4014022522E+01
    9.9969271927E-01   -6.9414455097E+00    1.9400986016E+01   -6.4014022522E+01
    9.9969266927E-01   -6.9414455097E+00    1.9400986016E+01   -6.4014022522E+01
    9.9969261926E-01   -6.9414455097E+00    1.9400986016E+01   -6.4014022522E+01
    9.9969256926E-01   -6.9414455097E+00    1.9400986016E+01   -6.4014022522E+01
    9.9969251925E-01   -6.9414455097E+00    1.9400986016E+01   -6.4014022522E+01
    9.9969246925E-01   -6.9414455097E+00    1.9400986016E+01   -6.4014022522E+01
    9.9969241924E-01   -6.9414455097E+00    1.9400986016E+01   -6.4014022522E+01
    9.9969236924E-01   -6.9414455097E+00    1.9400986016E+01   -6.4014022522E+01
    9.9969231923E-01   -6.9414455097E+00    1.9400986016E+01   -6.4014022522E+01
    9.9969226923E-01   -6.9414455097E+00    1.9400986016E+01   -6.4014022522E+01
    9.9969221922E-01   -6.9414455097E+00    1.9400986016E+01   -6.4014022522E+01
    9.9969216922E-01   -6.9414455097E+00    1.9400986016E+01   -6.4014022522E+01
    9.9969211921E-01   -6.9414455097E+00    1.9400986016E+01   -6.4014022522E+01
    9.9969206921E-01   -6.9414455097E+00    1.9400986016E+01   -6.4014022522E+01
    9.9969201920E-01   -6.9414455097E+00    1.9400986016E+01   -6.4014022522E+01
    9.9969196920E-01   -6.9414455097E+00    1.9400986016E+01   -6.4014022522E+01
    9.9969191919E-01   -6.9414455097E+00    1.9400986016E+01   -6.4014022522E+01
    9.9969186919E-01   -6.9414455097E+00    1.9400986016E+01   -6.4014022522E+01
    9.9969181918E-01   -6.9414455097E+00    1.9400986016E+01   -6.4014022522E+01
    9.9969176918E-01   -6.9414455097E+00    1.9400986016E+01   -6.4014022522E+01
    9.9969171917E-01   -6.9414455097E+00    1.9400986016E+01   -6.4014022522E+01
    9.9969166917E-01   -6.9414455097E+00    1.9400986016E+01   -6.4014022522E+01
    9.9969161916E-01   -6.9414455097E+00    1.9400986016E+01   -6.4014022522E+01
    9.9969156916E-01   -6.9414455097E+00    1.9400986016E+01   -6.4014022522E+01
    9.9969151915E-01   -6.9414455097E+00    1.9400986016E+01   -6.4014022522E+01
    9.9969146915E-01   -6.9414455097E+00    1.9400986016E+01   -6.4014022522E+01
    9.9969141914E-01   -6.9414455097E+00    1.9400986016E+01   -6.4014022522E+01
    9.9969136914E-01   -6.9414455097E+00    1.9400986016E+01   -6.4014022522E+01
    9.9969131913E-01   -6.9414455097E+00    1.9400986016E+01   -6.4014022522E+01
    9.9969126913E-01   -6.9414455097E+00    1.9400986016E+01   -6.4014022522E+01
    9.9969121912E-01   -6.9414455097E+00    1.9400986016E+01   -6.4014022522E+01
    9.9969116912E-01   -6.9414455097E+00    1.9400986016E+01   -6.4014022522E+01
    9.9969111911E-01   -6.9414455097E+00    1.9400986016E+01   -6.4014022522E+01
    9.9969106911E-01   -6.9414455097E+00    1.9400986016E+01   -6.4014022522E+01
    9.9969101910E-01   -6.9414455097E+00    1.9400986016E+01   -6.4014022522E+01
    9.9969096910E-01   -6.9414455097E+00    1.9400986016E+01   -6.4014022522E+01
    9.9969091909E-01   -6.9414455097E+00    1.9400986016E+01   -6.4014022522E+01
    9.9969086909E-01   -6.9414455097E+00    1.9400986016E+01   -6.4014022522E+01
    9.9969081908E-01   -6.9414455097E+00    1.9400986016E+01   -6.4014022522E+01
    9.9969076908E-01   -6.9414455097E+00    1.9400986016E+01   -6.4014022522E+01
    9.9969071907E-01   -6.9414455097E+00    1.9400986016E+01   -6.4014022522E+01
    9.9969066907E-01   -6.9414455097E+00    1.9400986016E+01   -6.4014022522E+01
    9.9969061906E-01   -6.9414455097E+00    1.9400986016E+01   -6.4014022522E+01
    9.9969056906E-01   -6.9414455097E+00    1.9400986016E+01   -6.4014022522E+01
    9.9969051905E-01   -6.9414455097E+00    1.9400986016E+01   -6.4014022522E+01
    9.9969046905E-01   -6.9414455097E+00    1.9400986016E+01   -6.4014022522E+01
    9.9969041904E-01   -6.9414455097E+00    1.9400986016E+01   -6.4014022522E+01
    9.9969036904E-01   -6.9414455097E+00    1.9400986016E+01   -6.4014022522E+01
    9.9969031903E-01   -6.9414455097E+00    1.9400986016E+01   -6.4014022522E+01
    9.9969026903E-01   -6.9414455097E+00    1.9400986016E+01   -6.4014022522E+01
    9.9969021902E-01   -6.9414455097E+00    1.9400986016E+01   -6.4014022522E+01
    9.9969016902E-01   -6.9414455097E+00    1.9400986016E+01   -6.4014022522E+01
    9.9969011901E-01   -6.9414455097E+00    1.9400986016E+01   -6.4014022522E+01
    9.9969006901E-01   -6.9414455097E+00    1.9400986016E+01   -6.4014022522E+01
    9.9969001900E-01   -6.9414455097E+00    1.9400986016E+01   -6.4014022522E+01
    9.9968996900E-01   -6.9414455097E+00    1.9400986016E+01   -6.4014022522E+01
    9.9968991899E-01   -6.9414455097E+00    1.9400986016E+01   -6.4014022522E+01
    9.9968986899E-01   -6.9414455097E+00    1.9400986016E+01   -6.4014022522E+01
    9.9968981898E-01   -6.9414455097E+00    1.9400986016E+01   -6.4014022522E+01
    9.9968976898E-01   -6.9414455097E+00    1.9400986016E+01   -6.4014022522E+01
    9.9968971897E-01   -6.9414455097E+00    1.9400986016E+01   -6.4014022522E+01
    9.9968966897E-01   -6.9414455097E+00    1.9400986016E+01   -6.4014022522E+01
    9.9968961896E-01   -6.9414455097E+00    1.9400986016E+01   -6.4014022522E+01
    9.9968956896E-01   -6.9414455097E+00    1.9400986016E+01   -6.4014022522E+01
    9.9968951895E-01   -6.9414455097E+00    1.9400986016E+01   -6.4014022522E+01
    9.9968946895E-01   -6.9414455097E+00    1.9400986016E+01   -6.4014022522E+01
    9.9968941894E-01   -6.9414455097E+00    1.9400986016E+01   -6.4014022522E+01
    9.9968936894E-01   -6.9414455097E+00    1.9400986016E+01   -6.4014022522E+01
    9.9968931893E-01   -6.9414455097E+00    1.9400986016E+01   -6.4014022522E+01
    9.9968926893E-01   -6.9414455097E+00    1.9400986016E+01   -6.4014022522E+01
    9.9968921892E-01   -6.9414455097E+00    1.9400986016E+01   -6.4014022522E+01
    9.9968916892E-01   -6.9414455097E+00    1.9400986016E+01   -6.4014022522E+01
    9.9968911891E-01   -6.9414455097E+00    1.9400986016E+01   -6.4014022522E+01
    9.9968906891E-01   -6.9414455097E+00    1.9400986016E+01   -6.4014022522E+01
    9.9968901890E-01   -6.9414455097E+00    1.9400986016E+01   -6.4014022522E+01
    9.9968896890E-01   -6.9414455097E+00    1.9400986016E+01   -6.4014022522E+01
    9.9968891889E-01   -6.9414455097E+00    1.9400986016E+01   -6.4014022522E+01
    9.9968886889E-01   -6.9414455097E+00    1.9400986016E+01   -6.4014022522E+01
    9.9968881888E-01   -6.9414455097E+00    1.9400986016E+01   -6.4014022522E+01
    9.9968876888E-01   -6.9414455097E+00    1.9400986016E+01   -6.4014022522E+01
    9.9968871887E-01   -6.9414455097E+00    1.9400986016E+01   -6.4014022522E+01
    9.9968866887E-01   -6.9414455097E+00    1.9400986016E+01   -6.4014022522E+01
    9.9968861886E-01   -6.9414455097E+00    1.9400986016E+01   -6.4014022522E+01
    9.9968856886E-01   -6.9414455097E+00    1.9400986016E+01   -6.4014022522E+01
    9.9968851885E-01   -6.9414455097E+00    1.9400986016E+01   -6.4014022522E+01
    9.9968846885E-01   -6.9414455097E+00    1.9400986016E+01   -6.4014022522E+01
    9.9968841884E-01   -6.9414455097E+00    1.9400986016E+01   -6.4014022522E+01
    9.9968836884E-01   -6.9414455097E+00    1.9400986016E+01   -6.4014022522E+01
    9.9968831883E-01   -6.9414455097E+00    1.9400986016E+01   -6.4014022522E+01
    9.9968826883E-01   -6.9414455097E+00    1.9400986016E+01   -6.4014022522E+01
    9.9968821882E-01   -6.9414455097E+00    1.9400986016E+01   -6.4014022522E+01
    9.9968816882E-01   -6.9414455097E+00    1.9400986016E+01   -6.4014022522E+01
    9.9968811881E-01   -6.9414455097E+00    1.9400986016E+01   -6.4014022522E+01
    9.9968806881E-01   -6.9414455097E+00    1.9400986016E+01   -6.4014022522E+01
    9.9968801880E-01   -6.9414455097E+00    1.9400986016E+01   -6.4014022522E+01
    9.9968796880E-01   -6.9414455097E+00    1.9400986016E+01   -6.4014022522E+01
    9.9968791879E-01   -6.9414455097E+00    1.9400986016E+01   -6.4014022522E+01
    9.9968786879E-01   -6.9414455097E+00    1.9400986016E+01   -6.4014022522E+01
    9.9968781878E-01   -6.9414455097E+00    1.9400986016E+01   -6.4014022522E+01
    9.9968776878E-01   -6.9414455097E+00    1.9400986016E+01   -6.4014022522E+01
    9.9968771877E-01   -6.9414455097E+00    1.9400986016E+01   -6.4014022522E+01
    9.9968766877E-01   -6.9414455097E+00    1.9400986016E+01   -6.4014022522E+01
    9.9968761876E-01   -6.9414455097E+00    1.9400986016E+01   -6.4014022522E+01
    9.9968756876E-01   -6.9414455097E+00    1.9400986016E+01   -6.4014022522E+01
    9.9968751875E-01   -6.9414455097E+00    1.9400986016E+01   -6.4014022522E+01
    9.9968746875E-01   -6.9414455097E+00    1.9400986016E+01   -6.4014022522E+01
    9.9968741874E-01   -6.9414455097E+00    1.9400986016E+01   -6.4014022522E+01
    9.9968736874E-01   -6.9414455097E+00    1.9400986016E+01   -6.4014022522E+01
    9.9968731873E-01   -6.9414455097E+00    1.9400986016E+01   -6.4014022522E+01
    9.9968726873E-01   -6.9414455097E+00    1.9400986016E+01   -6.4014022522E+01
    9.9968721872E-01   -6.9414455097E+00    1.9400986016E+01   -6.4014022522E+01
    9.9968716872E-01   -6.9414455097E+00    1.9400986016E+01   -6.4014022522E+01
    9.9968711871E-01   -6.9414455097E+00    1.9400986016E+01   -6.4014022522E+01
    9.9968706871E-01   -6.9414455097E+00    1.9400986016E+01   -6.4014022522E+01
    9.9968701870E-01   -6.9414455097E+00    1.9400986016E+01   -6.4014022522E+01
    9.9968696870E-01   -6.9414455097E+00    1.9400986016E+01   -6.4014022522E+01
    9.9968691869E-01   -6.9414455097E+00    1.9400986016E+01   -6.4014022522E+01
    9.9968686869E-01   -6.9414455097E+00    1.9400986016E+01   -6.4014022522E+01
    9.9968681868E-01   -6.9414455097E+00    1.9400986016E+01   -6.4014022522E+01
    9.9968676868E-01   -6.9414455097E+00    1.9400986016E+01   -6.4014022522E+01
    9.9968671867E-01   -6.9414455097E+00    1.9400986016E+01   -6.4014022522E+01
    9.9968666867E-01   -6.9414455097E+00    1.9400986016E+01   -6.4014022522E+01
    9.9968661866E-01   -6.9414455097E+00    1.9400986016E+01   -6.4014022522E+01
    9.9968656866E-01   -6.9414455097E+00    1.9400986016E+01   -6.4014022522E+01
    9.9968651865E-01   -6.9414455097E+00    1.9400986016E+01   -6.4014022522E+01
    9.9968646865E-01   -6.9414455097E+00    1.9400986016E+01   -6.4014022522E+01
    9.9968641864E-01   -6.9414455097E+00    1.9400986016E+01   -6.4014022522E+01
    9.9968636864E-01   -6.9414455097E+00    1.9400986016E+01   -6.4014022522E+01
    9.9968631863E-01   -6.9414455097E+00    1.9400986016E+01   -6.4014022522E+01
    9.9968626863E-01   -6.9414455097E+00    1.9400986016E+01   -6.4014022522E+01
    9.9968621862E-01   -6.9414455097E+00    1.9400986016E+01   -6.4014022522E+01
    9.9968616862E-01   -6.9414455097E+00    1.9400986016E+01   -6.4014022522E+01
    9.9968611861E-01   -6.9414455097E+00    1.9400986016E+01   -6.4014022522E+01
    9.9968606861E-01   -6.9414455097E+00    1.9400986016E+01   -6.4014022522E+01
    9.9968601860E-01   -6.9414455097E+00    1.9400986016E+01   -6.4014022522E+01
    9.9968596860E-01   -6.9414455097E+00    1.9400986016E+01   -6.4014022522E+01
    9.9968591859E-01   -6.9414455097E+00    1.9400986016E+01   -6.4014022522E+01
    9.9968586859E-01   -6.9414455097E+00    1.9400986016E+01   -6.4014022522E+01
    9.9968581858E-01   -6.9414455097E+00    1.9400986016E+01   -6.4014022522E+01
    9.9968576858E-01   -6.9414455097E+00    1.9400986016E+01   -6.4014022522E+01
    9.9968571857E-01   -6.9414455097E+00    1.9400986016E+01   -6.4014022522E+01
    9.9968566857E-01   -6.9414455097E+00    1.9400986016E+01   -6.4014022522E+01
    9.9968561856E-01   -6.9414455097E+00    1.9400986016E+01   -6.4014022522E+01
    9.9968556856E-01   -6.9414455097E+00    1.9400986016E+01   -6.4014022522E+01
    9.9968551855E-01   -6.9414455097E+00    1.9400986016E+01   -6.4014022522E+01
    9.9968546855E-01   -6.9414455097E+00    1.9400986016E+01   -6.4014022522E+01
    9.9968541854E-01   -6.9414455097E+00    1.9400986016E+01   -6.4014022522E+01
    9.9968536854E-01   -6.9414455097E+00    1.9400986016E+01   -6.4014022522E+01
    9.9968531853E-01   -6.9414455097E+00    1.9400986016E+01   -6.4014022522E+01
    9.9968526853E-01   -6.9414455097E+00    1.9400986016E+01   -6.4014022522E+01
    9.9968521852E-01   -6.9414455097E+00    1.9400986016E+01   -6.4014022522E+01
    9.9968516852E-01   -6.9414455097E+00    1.9400986016E+01   -6.4014022522E+01
    9.9968511851E-01   -6.9414455097E+00    1.9400986016E+01   -6.4014022522E+01
    9.9968506851E-01   -6.9414455097E+00    1.9400986016E+01   -6.4014022522E+01
    9.9968501850E-01   -6.9414455097E+00    1.9400986016E+01   -6.4014022522E+01
    9.9968496850E-01   -6.9414455097E+00    1.9400986016E+01   -6.4014022522E+01
    9.9968491849E-01   -6.9414455097E+00    1.9400986016E+01   -6.4014022522E+01
    9.9968486849E-01   -6.9414455097E+00    1.9400986016E+01   -6.4014022522E+01
    9.9968481848E-01   -6.9414455097E+00    1.9400986016E+01   -6.4014022522E+01
    9.9968476848E-01   -6.9414455097E+00    1.9400986016E+01   -6.4014022522E+01
    9.9968471847E-01   -6.9414455097E+00    1.9400986016E+01   -6.4014022522E+01
    9.9968466847E-01   -6.9414455097E+00    1.9400986016E+01   -6.4014022522E+01
    9.9968461846E-01   -6.9414455097E+00    1.9400986016E+01   -6.4014022522E+01
    9.9968456846E-01   -6.9414455097E+00    1.9400986016E+01   -6.4014022522E+01
    9.9968451845E-01   -6.9414455097E+00    1.9400986016E+01   -6.4014022522E+01
    9.9968446845E-01   -6.9414455097E+00    1.9400986016E+01   -6.4014022522E+01
    9.9968441844E-01   -6.9414455097E+00    1.9400986016E+01   -6.4014022522E+01
    9.9968436844E-01   -6.9414455097E+00    1.9400986016E+01   -6.4014022522E+01
    9.9968431843E-01   -6.9414455097E+00    1.9400986016E+01   -6.4014022522E+01
    9.9968426843E-01   -6.9414455097E+00    1.9400986016E+01   -6.4014022522E+01
    9.9968421842E-01   -6.9414455097E+00    1.9400986016E+01   -6.4014022522E+01
    9.9968416842E-01   -6.9414455097E+00    1.9400986016E+01   -6.4014022522E+01
    9.9968411841E-01   -6.9414455097E+00    1.9400986016E+01   -6.4014022522E+01
    9.9968406841E-01   -6.9414455097E+00    1.9400986016E+01   -6.4014022522E+01
    9.9968401840E-01   -6.9414455097E+00    1.9400986016E+01   -6.4014022522E+01
    9.9968396840E-01   -6.9414455097E+00    1.9400986016E+01   -6.4014022522E+01
    9.9968391839E-01   -6.9414455097E+00    1.9400986016E+01   -6.4014022522E+01
    9.9968386839E-01   -6.9414455097E+00    1.9400986016E+01   -6.4014022522E+01
    9.9968381838E-01   -6.9414455097E+00    1.9400986016E+01   -6.4014022522E+01
    9.9968376838E-01   -6.9414455097E+00    1.9400986016E+01   -6.4014022522E+01
    9.9968371837E-01   -6.9414455097E+00    1.9400986016E+01   -6.4014022522E+01
    9.9968366837E-01   -6.9414455097E+00    1.9400986016E+01   -6.4014022522E+01
    9.9968361836E-01   -6.9414455097E+00    1.9400986016E+01   -6.4014022522E+01
    9.9968356836E-01   -6.9414455097E+00    1.9400986016E+01   -6.4014022522E+01
    9.9968351835E-01   -6.9414455097E+00    1.9400986016E+01   -6.4014022522E+01
    9.9968346835E-01   -6.9414455097E+00    1.9400986016E+01   -6.4014022522E+01
    9.9968341834E-01   -6.9414455097E+00    1.9400986016E+01   -6.4014022522E+01
    9.9968336834E-01   -6.9414455097E+00    1.9400986016E+01   -6.4014022522E+01
    9.9968331833E-01   -6.9414455097E+00    1.9400986016E+01   -6.4014022522E+01
    9.9968326833E-01   -6.9414455097E+00    1.9400986016E+01   -6.4014022522E+01
    9.9968321832E-01   -6.9414455097E+00    1.9400986016E+01   -6.4014022522E+01
    9.9968316832E-01   -6.9414455097E+00    1.9400986016E+01   -6.4014022522E+01
    9.9968311831E-01   -6.9414455097E+00    1.9400986016E+01   -6.4014022522E+01
    9.9968306831E-01   -6.9414455097E+00    1.9400986016E+01   -6.4014022522E+01
    9.9968301830E-01   -6.9414455097E+00    1.9400986016E+01   -6.4014022522E+01
    9.9968296830E-01   -6.9414455097E+00    1.9400986016E+01   -6.4014022522E+01
    9.9968291829E-01   -6.9414455097E+00    1.9400986016E+01   -6.4014022522E+01
    9.9968286829E-01   -6.9414455097E+00    1.9400986016E+01   -6.4014022522E+01
    9.9968281828E-01   -6.9414455097E+00    1.9400986016E+01   -6.4014022522E+01
    9.9968276828E-01   -6.9414455097E+00    1.9400986016E+01   -6.4014022522E+01
    9.9968271827E-01   -6.9414455097E+00    1.9400986016E+01   -6.4014022522E+01
    9.9968266827E-01   -6.9414455097E+00    1.9400986016E+01   -6.4014022522E+01
    9.9968261826E-01   -6.9414455097E+00    1.9400986016E+01   -6.4014022522E+01
    9.9968256826E-01   -6.9414455097E+00    1.9400986016E+01   -6.4014022522E+01
    9.9968251825E-01   -6.9414455097E+00    1.9400986016E+01   -6.4014022522E+01
    9.9968246825E-01   -6.9414455097E+00    1.9400986016E+01   -6.4014022522E+01
    9.9968241824E-01   -6.9414455097E+00    1.9400986016E+01   -6.4014022522E+01
    9.9968236824E-01   -6.9414455097E+00    1.9400986016E+01   -6.4014022522E+01
    9.9968231823E-01   -6.9414455097E+00    1.9400986016E+01   -6.4014022522E+01
    9.9968226823E-01   -6.9414455097E+00    1.9400986016E+01   -6.4014022522E+01
    9.9968221822E-01   -6.9414455097E+00    1.9400986016E+01   -6.4014022522E+01
    9.9968216822E-01   -6.9414455097E+00    1.9400986016E+01   -6.4014022522E+01
    9.9968211821E-01   -6.9414455097E+00    1.9400986016E+01   -6.4014022522E+01
    9.9968206821E-01   -6.9414455097E+00    1.9400986016E+01   -6.4014022522E+01
    9.9968201820E-01   -6.9414455097E+00    1.9400986016E+01   -6.4014022522E+01
    9.9968196820E-01   -6.9414455097E+00    1.9400986016E+01   -6.4014022522E+01
    9.9968191819E-01   -6.9414455097E+00    1.9400986016E+01   -6.4014022522E+01
    9.9968186819E-01   -6.9414455097E+00    1.9400986016E+01   -6.4014022522E+01
    9.9968181818E-01   -6.9414455097E+00    1.9400986016E+01   -6.4014022522E+01
    9.9968176818E-01   -6.9414455097E+00    1.9400986016E+01   -6.4014022522E+01
    9.9968171817E-01   -6.9414455097E+00    1.9400986016E+01   -6.4014022522E+01
    9.9968166817E-01   -6.9414455097E+00    1.9400986016E+01   -6.4014022522E+01
    9.9968161816E-01   -6.9414455097E+00    1.9400986016E+01   -6.4014022522E+01
    9.9968156816E-01   -6.9414455097E+00    1.9400986016E+01   -6.4014022522E+01
    9.9968151815E-01   -6.9414455097E+00    1.9400986016E+01   -6.4014022522E+01
    9.9968146815E-01   -6.9414455097E+00    1.9400986016E+01   -6.4014022522E+01
    9.9968141814E-01   -6.9414455097E+00    1.9400986016E+01   -6.4014022522E+01
    9.9968136814E-01   -6.9414455097E+00    1.9400986016E+01   -6.4014022522E+01
    9.9968131813E-01   -6.9414455097E+00    1.9400986016E+01   -6.4014022522E+01
    9.9968126813E-01   -6.9414455097E+00    1.9400986016E+01   -6.4014022522E+01
    9.9968121812E-01   -6.9414455097E+00    1.9400986016E+01   -6.4014022522E+01
    9.9968116812E-01   -6.9414455097E+00    1.9400986016E+01   -6.4014022522E+01
    9.9968111811E-01   -6.9414455097E+00    1.9400986016E+01   -6.4014022522E+01
    9.9968106811E-01   -6.9414455097E+00    1.9400986016E+01   -6.4014022522E+01
    9.9968101810E-01   -6.9414455097E+00    1.9400986016E+01   -6.4014022522E+01
    9.9968096810E-01   -6.9414455097E+00    1.9400986016E+01   -6.4014022522E+01
    9.9968091809E-01   -6.9414455097E+00    1.9400986016E+01   -6.4014022522E+01
    9.9968086809E-01   -6.9414455097E+00    1.9400986016E+01   -6.4014022522E+01
    9.9968081808E-01   -6.9414455097E+00    1.9400986016E+01   -6.4014022522E+01
    9.9968076808E-01   -6.9414455097E+00    1.9400986016E+01   -6.4014022522E+01
    9.9968071807E-01   -6.9414455097E+00    1.9400986016E+01   -6.4014022522E+01
    9.9968066807E-01   -6.9414455097E+00    1.9400986016E+01   -6.4014022522E+01
    9.9968061806E-01   -6.9414455097E+00    1.9400986016E+01   -6.4014022522E+01
    9.9968056806E-01   -6.9414455097E+00    1.9400986016E+01   -6.4014022522E+01
    9.9968051805E-01   -6.9414455097E+00    1.9400986016E+01   -6.4014022522E+01
    9.9968046805E-01   -6.9414455097E+00    1.9400986016E+01   -6.4014022522E+01
    9.9968041804E-01   -6.9414455097E+00    1.9400986016E+01   -6.4014022522E+01
    9.9968036804E-01   -6.9414455097E+00    1.9400986016E+01   -6.4014022522E+01
    9.9968031803E-01   -6.9414455097E+00    1.9400986016E+01   -6.4014022522E+01
    9.9968026803E-01   -6.9414455097E+00    1.9400986016E+01   -6.4014022522E+01
    9.9968021802E-01   -6.9414455097E+00    1.9400986016E+01   -6.4014022522E+01
    9.9968016802E-01   -6.9414455097E+00    1.9400986016E+01   -6.4014022522E+01
    9.9968011801E-01   -6.9414455097E+00    1.9400986016E+01   -6.4014022522E+01
    9.9968006801E-01   -6.9414455097E+00    1.9400986016E+01   -6.4014022522E+01
    9.9968001800E-01   -6.9414455097E+00    1.9400986016E+01   -6.4014022522E+01
    9.9967996800E-01   -6.9414455097E+00    1.9400986016E+01   -6.4014022522E+01
    9.9967991799E-01   -6.9414455097E+00    1.9400986016E+01   -6.4014022522E+01
    9.9967986799E-01   -6.9414455097E+00    1.9400986016E+01   -6.4014022522E+01
    9.9967981798E-01   -6.9414455097E+00    1.9400986016E+01   -6.4014022522E+01
    9.9967976798E-01   -6.9414455097E+00    1.9400986016E+01   -6.4014022522E+01
    9.9967971797E-01   -6.9414455097E+00    1.9400986016E+01   -6.4014022522E+01
    9.9967966797E-01   -6.9414455097E+00    1.9400986016E+01   -6.4014022522E+01
    9.9967961796E-01   -6.9414455097E+00    1.9400986016E+01   -6.4014022522E+01
    9.9967956796E-01   -6.9414455097E+00    1.9400986016E+01   -6.4014022522E+01
    9.9967951795E-01   -6.9414455097E+00    1.9400986016E+01   -6.4014022522E+01
    9.9967946795E-01   -6.9414455097E+00    1.9400986016E+01   -6.4014022522E+01
    9.9967941794E-01   -6.9414455097E+00    1.9400986016E+01   -6.4014022522E+01
    9.9967936794E-01   -6.9414455097E+00    1.9400986016E+01   -6.4014022522E+01
    9.9967931793E-01   -6.9414455097E+00    1.9400986016E+01   -6.4014022522E+01
    9.9967926793E-01   -6.9414455097E+00    1.9400986016E+01   -6.4014022522E+01
    9.9967921792E-01   -6.9414455097E+00    1.9400986016E+01   -6.4014022522E+01
    9.9967916792E-01   -6.9414455097E+00    1.9400986016E+01   -6.4014022522E+01
    9.9967911791E-01   -6.9414455097E+00    1.9400986016E+01   -6.4014022522E+01
    9.9967906791E-01   -6.9414455097E+00    1.9400986016E+01   -6.4014022522E+01
    9.9967901790E-01   -6.9414455097E+00    1.9400986016E+01   -6.4014022522E+01
    9.9967896790E-01   -6.9414455097E+00    1.9400986016E+01   -6.4014022522E+01
    9.9967891789E-01   -6.9414455097E+00    1.9400986016E+01   -6.4014022522E+01
    9.9967886789E-01   -6.9414455097E+00    1.9400986016E+01   -6.4014022522E+01
    9.9967881788E-01   -6.9414455097E+00    1.9400986016E+01   -6.4014022522E+01
    9.9967876788E-01   -6.9414455097E+00    1.9400986016E+01   -6.4014022522E+01
    9.9967871787E-01   -6.9414455097E+00    1.9400986016E+01   -6.4014022522E+01
    9.9967866787E-01   -6.9414455097E+00    1.9400986016E+01   -6.4014022522E+01
    9.9967861786E-01   -6.9414455097E+00    1.9400986016E+01   -6.4014022522E+01
    9.9967856786E-01   -6.9414455097E+00    1.9400986016E+01   -6.4014022522E+01
    9.9967851785E-01   -6.9414455097E+00    1.9400986016E+01   -6.4014022522E+01
    9.9967846785E-01   -6.9414455097E+00    1.9400986016E+01   -6.4014022522E+01
    9.9967841784E-01   -6.9414455097E+00    1.9400986016E+01   -6.4014022522E+01
    9.9967836784E-01   -6.9414455097E+00    1.9400986016E+01   -6.4014022522E+01
    9.9967831783E-01   -6.9414455097E+00    1.9400986016E+01   -6.4014022522E+01
    9.9967826783E-01   -6.9414455097E+00    1.9400986016E+01   -6.4014022522E+01
    9.9967821782E-01   -6.9414455097E+00    1.9400986016E+01   -6.4014022522E+01
    9.9967816782E-01   -6.9414455097E+00    1.9400986016E+01   -6.4014022522E+01
    9.9967811781E-01   -6.9414455097E+00    1.9400986016E+01   -6.4014022522E+01
    9.9967806781E-01   -6.9414455097E+00    1.9400986016E+01   -6.4014022522E+01
    9.9967801780E-01   -6.9414455097E+00    1.9400986016E+01   -6.4014022522E+01
    9.9967796780E-01   -6.9414455097E+00    1.9400986016E+01   -6.4014022522E+01
    9.9967791779E-01   -6.9414455097E+00    1.9400986016E+01   -6.4014022522E+01
    9.9967786779E-01   -6.9414455097E+00    1.9400986016E+01   -6.4014022522E+01
    9.9967781778E-01   -6.9414455097E+00    1.9400986016E+01   -6.4014022522E+01
    9.9967776778E-01   -6.9414455097E+00    1.9400986016E+01   -6.4014022522E+01
    9.9967771777E-01   -6.9414455097E+00    1.9400986016E+01   -6.4014022522E+01
    9.9967766777E-01   -6.9414455097E+00    1.9400986016E+01   -6.4014022522E+01
    9.9967761776E-01   -6.9414455097E+00    1.9400986016E+01   -6.4014022522E+01
    9.9967756776E-01   -6.9414455097E+00    1.9400986016E+01   -6.4014022522E+01
    9.9967751775E-01   -6.9414455097E+00    1.9400986016E+01   -6.4014022522E+01
    9.9967746775E-01   -6.9414455097E+00    1.9400986016E+01   -6.4014022522E+01
    9.9967741774E-01   -6.9414455097E+00    1.9400986016E+01   -6.4014022522E+01
    9.9967736774E-01   -6.9414455097E+00    1.9400986016E+01   -6.4014022522E+01
    9.9967731773E-01   -6.9414455097E+00    1.9400986016E+01   -6.4014022522E+01
    9.9967726773E-01   -6.9414455097E+00    1.9400986016E+01   -6.4014022522E+01
    9.9967721772E-01   -6.9414455097E+00    1.9400986016E+01   -6.4014022522E+01
    9.9967716772E-01   -6.9414455097E+00    1.9400986016E+01   -6.4014022522E+01
    9.9967711771E-01   -6.9414455097E+00    1.9400986016E+01   -6.4014022522E+01
    9.9967706771E-01   -6.9414455097E+00    1.9400986016E+01   -6.4014022522E+01
    9.9967701770E-01   -6.9414455097E+00    1.9400986016E+01   -6.4014022522E+01
    9.9967696770E-01   -6.9414455097E+00    1.9400986016E+01   -6.4014022522E+01
    9.9967691769E-01   -6.9414455097E+00    1.9400986016E+01   -6.4014022522E+01
    9.9967686769E-01   -6.9414455097E+00    1.9400986016E+01   -6.4014022522E+01
    9.9967681768E-01   -6.9414455097E+00    1.9400986016E+01   -6.4014022522E+01
    9.9967676768E-01   -6.9414455097E+00    1.9400986016E+01   -6.4014022522E+01
    9.9967671767E-01   -6.9414455097E+00    1.9400986016E+01   -6.4014022522E+01
    9.9967666767E-01   -6.9414455097E+00    1.9400986016E+01   -6.4014022522E+01
    9.9967661766E-01   -6.9414455097E+00    1.9400986016E+01   -6.4014022522E+01
    9.9967656766E-01   -6.9414455097E+00    1.9400986016E+01   -6.4014022522E+01
    9.9967651765E-01   -6.9414455097E+00    1.9400986016E+01   -6.4014022522E+01
    9.9967646765E-01   -6.9414455097E+00    1.9400986016E+01   -6.4014022522E+01
    9.9967641764E-01   -6.9414455097E+00    1.9400986016E+01   -6.4014022522E+01
    9.9967636764E-01   -6.9414455097E+00    1.9400986016E+01   -6.4014022522E+01
    9.9967631763E-01   -6.9414455097E+00    1.9400986016E+01   -6.4014022522E+01
    9.9967626763E-01   -6.9414455097E+00    1.9400986016E+01   -6.4014022522E+01
    9.9967621762E-01   -6.9414455097E+00    1.9400986016E+01   -6.4014022522E+01
    9.9967616762E-01   -6.9414455097E+00    1.9400986016E+01   -6.4014022522E+01
    9.9967611761E-01   -6.9414455097E+00    1.9400986016E+01   -6.4014022522E+01
    9.9967606761E-01   -6.9414455097E+00    1.9400986016E+01   -6.4014022522E+01
    9.9967601760E-01   -6.9414455097E+00    1.9400986016E+01   -6.4014022522E+01
    9.9967596760E-01   -6.9414455097E+00    1.9400986016E+01   -6.4014022522E+01
    9.9967591759E-01   -6.9414455097E+00    1.9400986016E+01   -6.4014022522E+01
    9.9967586759E-01   -6.9414455097E+00    1.9400986016E+01   -6.4014022522E+01
    9.9967581758E-01   -6.9414455097E+00    1.9400986016E+01   -6.4014022522E+01
    9.9967576758E-01   -6.9414455097E+00    1.9400986016E+01   -6.4014022522E+01
    9.9967571757E-01   -6.9414455097E+00    1.9400986016E+01   -6.4014022522E+01
    9.9967566757E-01   -6.9414455097E+00    1.9400986016E+01   -6.4014022522E+01
    9.9967561756E-01   -6.9414455097E+00    1.9400986016E+01   -6.4014022522E+01
    9.9967556756E-01   -6.9414455097E+00    1.9400986016E+01   -6.4014022522E+01
    9.9967551755E-01   -6.9414455097E+00    1.9400986016E+01   -6.4014022522E+01
    9.9967546755E-01   -6.9414455097E+00    1.9400986016E+01   -6.4014022522E+01
    9.9967541754E-01   -6.9414455097E+00    1.9400986016E+01   -6.4014022522E+01
    9.9967536754E-01   -6.9414455097E+00    1.9400986016E+01   -6.4014022522E+01
    9.9967531753E-01   -6.9414455097E+00    1.9400986016E+01   -6.4014022522E+01
    9.9967526753E-01   -6.9414455097E+00    1.9400986016E+01   -6.4014022522E+01
    9.9967521752E-01   -6.9414455097E+00    1.9400986016E+01   -6.4014022522E+01
    9.9967516752E-01   -6.9414455097E+00    1.9400986016E+01   -6.4014022522E+01
    9.9967511751E-01   -6.9414455097E+00    1.9400986016E+01   -6.4014022522E+01
    9.9967506751E-01   -6.9414455097E+00    1.9400986016E+01   -6.4014022522E+01
    9.9967501750E-01   -6.9414455097E+00    1.9400986016E+01   -6.4014022522E+01
    9.9967496750E-01   -6.9414455097E+00    1.9400986016E+01   -6.4014022522E+01
    9.9967491749E-01   -6.9414455097E+00    1.9400986016E+01   -6.4014022522E+01
    9.9967486749E-01   -6.9414455097E+00    1.9400986016E+01   -6.4014022522E+01
    9.9967481748E-01   -6.9414455097E+00    1.9400986016E+01   -6.4014022522E+01
    9.9967476748E-01   -6.9414455097E+00    1.9400986016E+01   -6.4014022522E+01
    9.9967471747E-01   -6.9414455097E+00    1.9400986016E+01   -6.4014022522E+01
    9.9967466747E-01   -6.9414455097E+00    1.9400986016E+01   -6.4014022522E+01
    9.9967461746E-01   -6.9414455097E+00    1.9400986016E+01   -6.4014022522E+01
    9.9967456746E-01   -6.9414455097E+00    1.9400986016E+01   -6.4014022522E+01
    9.9967451745E-01   -6.9414455097E+00    1.9400986016E+01   -6.4014022522E+01
    9.9967446745E-01   -6.9414455097E+00    1.9400986016E+01   -6.4014022522E+01
    9.9967441744E-01   -6.9414455097E+00    1.9400986016E+01   -6.4014022522E+01
    9.9967436744E-01   -6.9414455097E+00    1.9400986016E+01   -6.4014022522E+01
    9.9967431743E-01   -6.9414455097E+00    1.9400986016E+01   -6.4014022522E+01
    9.9967426743E-01   -6.9414455097E+00    1.9400986016E+01   -6.4014022522E+01
    9.9967421742E-01   -6.9414455097E+00    1.9400986016E+01   -6.4014022522E+01
    9.9967416742E-01   -6.9414455097E+00    1.9400986016E+01   -6.4014022522E+01
    9.9967411741E-01   -6.9414455097E+00    1.9400986016E+01   -6.4014022522E+01
    9.9967406741E-01   -6.9414455097E+00    1.9400986016E+01   -6.4014022522E+01
    9.9967401740E-01   -6.9414455097E+00    1.9400986016E+01   -6.4014022522E+01
    9.9967396740E-01   -6.9414455097E+00    1.9400986016E+01   -6.4014022522E+01
    9.9967391739E-01   -6.9414455097E+00    1.9400986016E+01   -6.4014022522E+01
    9.9967386739E-01   -6.9414455097E+00    1.9400986016E+01   -6.4014022522E+01
    9.9967381738E-01   -6.9414455097E+00    1.9400986016E+01   -6.4014022522E+01
    9.9967376738E-01   -6.9414455097E+00    1.9400986016E+01   -6.4014022522E+01
    9.9967371737E-01   -6.9414455097E+00    1.9400986016E+01   -6.4014022522E+01
    9.9967366737E-01   -6.9414455097E+00    1.9400986016E+01   -6.4014022522E+01
    9.9967361736E-01   -6.9414455097E+00    1.9400986016E+01   -6.4014022522E+01
    9.9967356736E-01   -6.9414455097E+00    1.9400986016E+01   -6.4014022522E+01
    9.9967351735E-01   -6.9414455097E+00    1.9400986016E+01   -6.4014022522E+01
    9.9967346735E-01   -6.9414455097E+00    1.9400986016E+01   -6.4014022522E+01
    9.9967341734E-01   -6.9414455097E+00    1.9400986016E+01   -6.4014022522E+01
    9.9967336734E-01   -6.9414455097E+00    1.9400986016E+01   -6.4014022522E+01
    9.9967331733E-01   -6.9414455097E+00    1.9400986016E+01   -6.4014022522E+01
    9.9967326733E-01   -6.9414455097E+00    1.9400986016E+01   -6.4014022522E+01
    9.9967321732E-01   -6.9414455097E+00    1.9400986016E+01   -6.4014022522E+01
    9.9967316732E-01   -6.9414455097E+00    1.9400986016E+01   -6.4014022522E+01
    9.9967311731E-01   -6.9414455097E+00    1.9400986016E+01   -6.4014022522E+01
    9.9967306731E-01   -6.9414455097E+00    1.9400986016E+01   -6.4014022522E+01
    9.9967301730E-01   -6.9414455097E+00    1.9400986016E+01   -6.4014022522E+01
    9.9967296730E-01   -6.9414455097E+00    1.9400986016E+01   -6.4014022522E+01
    9.9967291729E-01   -6.9414455097E+00    1.9400986016E+01   -6.4014022522E+01
    9.9967286729E-01   -6.9414455097E+00    1.9400986016E+01   -6.4014022522E+01
    9.9967281728E-01   -6.9414455097E+00    1.9400986016E+01   -6.4014022522E+01
    9.9967276728E-01   -6.9414455097E+00    1.9400986016E+01   -6.4014022522E+01
    9.9967271727E-01   -6.9414455097E+00    1.9400986016E+01   -6.4014022522E+01
    9.9967266727E-01   -6.9414455097E+00    1.9400986016E+01   -6.4014022522E+01
    9.9967261726E-01   -6.9414455097E+00    1.9400986016E+01   -6.4014022522E+01
    9.9967256726E-01   -6.9414455097E+00    1.9400986016E+01   -6.4014022522E+01
    9.9967251725E-01   -6.9414455097E+00    1.9400986016E+01   -6.4014022522E+01
    9.9967246725E-01   -6.9414455097E+00    1.9400986016E+01   -6.4014022522E+01
    9.9967241724E-01   -6.9414455097E+00    1.9400986016E+01   -6.4014022522E+01
    9.9967236724E-01   -6.9414455097E+00    1.9400986016E+01   -6.4014022522E+01
    9.9967231723E-01   -6.9414455097E+00    1.9400986016E+01   -6.4014022522E+01
    9.9967226723E-01   -6.9414455097E+00    1.9400986016E+01   -6.4014022522E+01
    9.9967221722E-01   -6.9414455097E+00    1.9400986016E+01   -6.4014022522E+01
    9.9967216722E-01   -6.9414455097E+00    1.9400986016E+01   -6.4014022522E+01
    9.9967211721E-01   -6.9414455097E+00    1.9400986016E+01   -6.4014022522E+01
    9.9967206721E-01   -6.9414455097E+00    1.9400986016E+01   -6.4014022522E+01
    9.9967201720E-01   -6.9414455097E+00    1.9400986016E+01   -6.4014022522E+01
    9.9967196720E-01   -6.9414455097E+00    1.9400986016E+01   -6.4014022522E+01
    9.9967191719E-01   -6.9414455097E+00    1.9400986016E+01   -6.4014022522E+01
    9.9967186719E-01   -6.9414455097E+00    1.9400986016E+01   -6.4014022522E+01
    9.9967181718E-01   -6.9414455097E+00    1.9400986016E+01   -6.4014022522E+01
    9.9967176718E-01   -6.9414455097E+00    1.9400986016E+01   -6.4014022522E+01
    9.9967171717E-01   -6.9414455097E+00    1.9400986016E+01   -6.4014022522E+01
    9.9967166717E-01   -6.9414455097E+00    1.9400986016E+01   -6.4014022522E+01
    9.9967161716E-01   -6.9414455097E+00    1.9400986016E+01   -6.4014022522E+01
    9.9967156716E-01   -6.9414455097E+00    1.9400986016E+01   -6.4014022522E+01
    9.9967151715E-01   -6.9414455097E+00    1.9400986016E+01   -6.4014022522E+01
    9.9967146715E-01   -6.9414455097E+00    1.9400986016E+01   -6.4014022522E+01
    9.9967141714E-01   -6.9414455097E+00    1.9400986016E+01   -6.4014022522E+01
    9.9967136714E-01   -6.9414455097E+00    1.9400986016E+01   -6.4014022522E+01
    9.9967131713E-01   -6.9414455097E+00    1.9400986016E+01   -6.4014022522E+01
    9.9967126713E-01   -6.9414455097E+00    1.9400986016E+01   -6.4014022522E+01
    9.9967121712E-01   -6.9414455097E+00    1.9400986016E+01   -6.4014022522E+01
    9.9967116712E-01   -6.9414455097E+00    1.9400986016E+01   -6.4014022522E+01
    9.9967111711E-01   -6.9414455097E+00    1.9400986016E+01   -6.4014022522E+01
    9.9967106711E-01   -6.9414455097E+00    1.9400986016E+01   -6.4014022522E+01
    9.9967101710E-01   -6.9414455097E+00    1.9400986016E+01   -6.4014022522E+01
    9.9967096710E-01   -6.9414455097E+00    1.9400986016E+01   -6.4014022522E+01
    9.9967091709E-01   -6.9414455097E+00    1.9400986016E+01   -6.4014022522E+01
    9.9967086709E-01   -6.9414455097E+00    1.9400986016E+01   -6.4014022522E+01
    9.9967081708E-01   -6.9414455097E+00    1.9400986016E+01   -6.4014022522E+01
    9.9967076708E-01   -6.9414455097E+00    1.9400986016E+01   -6.4014022522E+01
    9.9967071707E-01   -6.9414455097E+00    1.9400986016E+01   -6.4014022522E+01
    9.9967066707E-01   -6.9414455097E+00    1.9400986016E+01   -6.4014022522E+01
    9.9967061706E-01   -6.9414455097E+00    1.9400986016E+01   -6.4014022522E+01
    9.9967056706E-01   -6.9414455097E+00    1.9400986016E+01   -6.4014022522E+01
    9.9967051705E-01   -6.9414455097E+00    1.9400986016E+01   -6.4014022522E+01
    9.9967046705E-01   -6.9414455097E+00    1.9400986016E+01   -6.4014022522E+01
    9.9967041704E-01   -6.9414455097E+00    1.9400986016E+01   -6.4014022522E+01
    9.9967036704E-01   -6.9414455097E+00    1.9400986016E+01   -6.4014022522E+01
    9.9967031703E-01   -6.9414455097E+00    1.9400986016E+01   -6.4014022522E+01
    9.9967026703E-01   -6.9414455097E+00    1.9400986016E+01   -6.4014022522E+01
    9.9967021702E-01   -6.9414455097E+00    1.9400986016E+01   -6.4014022522E+01
    9.9967016702E-01   -6.9414455097E+00    1.9400986016E+01   -6.4014022522E+01
    9.9967011701E-01   -6.9414455097E+00    1.9400986016E+01   -6.4014022522E+01
    9.9967006701E-01   -6.9414455097E+00    1.9400986016E+01   -6.4014022522E+01
    9.9967001700E-01   -6.9414455097E+00    1.9400986016E+01   -6.4014022522E+01
    9.9966996700E-01   -6.9414455097E+00    1.9400986016E+01   -6.4014022522E+01
    9.9966991699E-01   -6.9414455097E+00    1.9400986016E+01   -6.4014022522E+01
    9.9966986699E-01   -6.9414455097E+00    1.9400986016E+01   -6.4014022522E+01
    9.9966981698E-01   -6.9414455097E+00    1.9400986016E+01   -6.4014022522E+01
    9.9966976698E-01   -6.9414455097E+00    1.9400986016E+01   -6.4014022522E+01
    9.9966971697E-01   -6.9414455097E+00    1.9400986016E+01   -6.4014022522E+01
    9.9966966697E-01   -6.9414455097E+00    1.9400986016E+01   -6.4014022522E+01
    9.9966961696E-01   -6.9414455097E+00    1.9400986016E+01   -6.4014022522E+01
    9.9966956696E-01   -6.9414455097E+00    1.9400986016E+01   -6.4014022522E+01
    9.9966951695E-01   -6.9414455097E+00    1.9400986016E+01   -6.4014022522E+01
    9.9966946695E-01   -6.9414455097E+00    1.9400986016E+01   -6.4014022522E+01
    9.9966941694E-01   -6.9414455097E+00    1.9400986016E+01   -6.4014022522E+01
    9.9966936694E-01   -6.9414455097E+00    1.9400986016E+01   -6.4014022522E+01
    9.9966931693E-01   -6.9414455097E+00    1.9400986016E+01   -6.4014022522E+01
    9.9966926693E-01   -6.9414455097E+00    1.9400986016E+01   -6.4014022522E+01
    9.9966921692E-01   -6.9414455097E+00    1.9400986016E+01   -6.4014022522E+01
    9.9966916692E-01   -6.9414455097E+00    1.9400986016E+01   -6.4014022522E+01
    9.9966911691E-01   -6.9414455097E+00    1.9400986016E+01   -6.4014022522E+01
    9.9966906691E-01   -6.9414455097E+00    1.9400986016E+01   -6.4014022522E+01
    9.9966901690E-01   -6.9414455097E+00    1.9400986016E+01   -6.4014022522E+01
    9.9966896690E-01   -6.9414455097E+00    1.9400986016E+01   -6.4014022522E+01
    9.9966891689E-01   -6.9414455097E+00    1.9400986016E+01   -6.4014022522E+01
    9.9966886689E-01   -6.9414455097E+00    1.9400986016E+01   -6.4014022522E+01
    9.9966881688E-01   -6.9414455097E+00    1.9400986016E+01   -6.4014022522E+01
    9.9966876688E-01   -6.9414455097E+00    1.9400986016E+01   -6.4014022522E+01
    9.9966871687E-01   -6.9414455097E+00    1.9400986016E+01   -6.4014022522E+01
    9.9966866687E-01   -6.9414455097E+00    1.9400986016E+01   -6.4014022522E+01
    9.9966861686E-01   -6.9414455097E+00    1.9400986016E+01   -6.4014022522E+01
    9.9966856686E-01   -6.9414455097E+00    1.9400986016E+01   -6.4014022522E+01
    9.9966851685E-01   -6.9414455097E+00    1.9400986016E+01   -6.4014022522E+01
    9.9966846685E-01   -6.9414455097E+00    1.9400986016E+01   -6.4014022522E+01
    9.9966841684E-01   -6.9414455097E+00    1.9400986016E+01   -6.4014022522E+01
    9.9966836684E-01   -6.9414455097E+00    1.9400986016E+01   -6.4014022522E+01
    9.9966831683E-01   -6.9414455097E+00    1.9400986016E+01   -6.4014022522E+01
    9.9966826683E-01   -6.9414455097E+00    1.9400986016E+01   -6.4014022522E+01
    9.9966821682E-01   -6.9414455097E+00    1.9400986016E+01   -6.4014022522E+01
    9.9966816682E-01   -6.9414455097E+00    1.9400986016E+01   -6.4014022522E+01
    9.9966811681E-01   -6.9414455097E+00    1.9400986016E+01   -6.4014022522E+01
    9.9966806681E-01   -6.9414455097E+00    1.9400986016E+01   -6.4014022522E+01
    9.9966801680E-01   -6.9414455097E+00    1.9400986016E+01   -6.4014022522E+01
    9.9966796680E-01   -6.9414455097E+00    1.9400986016E+01   -6.4014022522E+01
    9.9966791679E-01   -6.9414455097E+00    1.9400986016E+01   -6.4014022522E+01
    9.9966786679E-01   -6.9414455097E+00    1.9400986016E+01   -6.4014022522E+01
    9.9966781678E-01   -6.9414455097E+00    1.9400986016E+01   -6.4014022522E+01
    9.9966776678E-01   -6.9414455097E+00    1.9400986016E+01   -6.4014022522E+01
    9.9966771677E-01   -6.9414455097E+00    1.9400986016E+01   -6.4014022522E+01
    9.9966766677E-01   -6.9414455097E+00    1.9400986016E+01   -6.4014022522E+01
    9.9966761676E-01   -6.9414455097E+00    1.9400986016E+01   -6.4014022522E+01
    9.9966756676E-01   -6.9414455097E+00    1.9400986016E+01   -6.4014022522E+01
    9.9966751675E-01   -6.9414455097E+00    1.9400986016E+01   -6.4014022522E+01
    9.9966746675E-01   -6.9414455097E+00    1.9400986016E+01   -6.4014022522E+01
    9.9966741674E-01   -6.9414455097E+00    1.9400986016E+01   -6.4014022522E+01
    9.9966736674E-01   -6.9414455097E+00    1.9400986016E+01   -6.4014022522E+01
    9.9966731673E-01   -6.9414455097E+00    1.9400986016E+01   -6.4014022522E+01
    9.9966726673E-01   -6.9414455097E+00    1.9400986016E+01   -6.4014022522E+01
    9.9966721672E-01   -6.9414455097E+00    1.9400986016E+01   -6.4014022522E+01
    9.9966716672E-01   -6.9414455097E+00    1.9400986016E+01   -6.4014022522E+01
    9.9966711671E-01   -6.9414455097E+00    1.9400986016E+01   -6.4014022522E+01
    9.9966706671E-01   -6.9414455097E+00    1.9400986016E+01   -6.4014022522E+01
    9.9966701670E-01   -6.9414455097E+00    1.9400986016E+01   -6.4014022522E+01
    9.9966696670E-01   -6.9414455097E+00    1.9400986016E+01   -6.4014022522E+01
    9.9966691669E-01   -6.9414455097E+00    1.9400986016E+01   -6.4014022522E+01
    9.9966686669E-01   -6.9414455097E+00    1.9400986016E+01   -6.4014022522E+01
    9.9966681668E-01   -6.9414455097E+00    1.9400986016E+01   -6.4014022522E+01
    9.9966676668E-01   -6.9414455097E+00    1.9400986016E+01   -6.4014022522E+01
    9.9966671667E-01   -6.9414455097E+00    1.9400986016E+01   -6.4014022522E+01
    9.9966666667E-01   -6.9414455097E+00    1.9400986016E+01   -6.4014022522E+01
    9.9966661666E-01   -6.9414455097E+00    1.9400986016E+01   -6.4014022522E+01
    9.9966656666E-01   -6.9414455097E+00    1.9400986016E+01   -6.4014022522E+01
    9.9966651665E-01   -6.9414455097E+00    1.9400986016E+01   -6.4014022522E+01
    9.9966646665E-01   -6.9414455097E+00    1.9400986016E+01   -6.4014022522E+01
    9.9966641664E-01   -6.9414455097E+00    1.9400986016E+01   -6.4014022522E+01
    9.9966636664E-01   -6.9414455097E+00    1.9400986016E+01   -6.4014022522E+01
    9.9966631663E-01   -6.9414455097E+00    1.9400986016E+01   -6.4014022522E+01
    9.9966626663E-01   -6.9414455097E+00    1.9400986016E+01   -6.4014022522E+01
    9.9966621662E-01   -6.9414455097E+00    1.9400986016E+01   -6.4014022522E+01
    9.9966616662E-01   -6.9414455097E+00    1.9400986016E+01   -6.4014022522E+01
    9.9966611661E-01   -6.9414455097E+00    1.9400986016E+01   -6.4014022522E+01
    9.9966606661E-01   -6.9414455097E+00    1.9400986016E+01   -6.4014022522E+01
    9.9966601660E-01   -6.9414455097E+00    1.9400986016E+01   -6.4014022522E+01
    9.9966596660E-01   -6.9414455097E+00    1.9400986016E+01   -6.4014022522E+01
    9.9966591659E-01   -6.9414455097E+00    1.9400986016E+01   -6.4014022522E+01
    9.9966586659E-01   -6.9414455097E+00    1.9400986016E+01   -6.4014022522E+01
    9.9966581658E-01   -6.9414455097E+00    1.9400986016E+01   -6.4014022522E+01
    9.9966576658E-01   -6.9414455097E+00    1.9400986016E+01   -6.4014022522E+01
    9.9966571657E-01   -6.9414455097E+00    1.9400986016E+01   -6.4014022522E+01
    9.9966566657E-01   -6.9414455097E+00    1.9400986016E+01   -6.4014022522E+01
    9.9966561656E-01   -6.9414455097E+00    1.9400986016E+01   -6.4014022522E+01
    9.9966556656E-01   -6.9414455097E+00    1.9400986016E+01   -6.4014022522E+01
    9.9966551655E-01   -6.9414455097E+00    1.9400986016E+01   -6.4014022522E+01
    9.9966546655E-01   -6.9414455097E+00    1.9400986016E+01   -6.4014022522E+01
    9.9966541654E-01   -6.9414455097E+00    1.9400986016E+01   -6.4014022522E+01
    9.9966536654E-01   -6.9414455097E+00    1.9400986016E+01   -6.4014022522E+01
    9.9966531653E-01   -6.9414455097E+00    1.9400986016E+01   -6.4014022522E+01
    9.9966526653E-01   -6.9414455097E+00    1.9400986016E+01   -6.4014022522E+01
    9.9966521652E-01   -6.9414455097E+00    1.9400986016E+01   -6.4014022522E+01
    9.9966516652E-01   -6.9414455097E+00    1.9400986016E+01   -6.4014022522E+01
    9.9966511651E-01   -6.9414455097E+00    1.9400986016E+01   -6.4014022522E+01
    9.9966506651E-01   -6.9414455097E+00    1.9400986016E+01   -6.4014022522E+01
    9.9966501650E-01   -6.9414455097E+00    1.9400986016E+01   -6.4014022522E+01
    9.9966496650E-01   -6.9414455097E+00    1.9400986016E+01   -6.4014022522E+01
    9.9966491649E-01   -6.9414455097E+00    1.9400986016E+01   -6.4014022522E+01
    9.9966486649E-01   -6.9414455097E+00    1.9400986016E+01   -6.4014022522E+01
    9.9966481648E-01   -6.9414455097E+00    1.9400986016E+01   -6.4014022522E+01
    9.9966476648E-01   -6.9414455097E+00    1.9400986016E+01   -6.4014022522E+01
    9.9966471647E-01   -6.9414455097E+00    1.9400986016E+01   -6.4014022522E+01
    9.9966466647E-01   -6.9414455097E+00    1.9400986016E+01   -6.4014022522E+01
    9.9966461646E-01   -6.9414455097E+00    1.9400986016E+01   -6.4014022522E+01
    9.9966456646E-01   -6.9414455097E+00    1.9400986016E+01   -6.4014022522E+01
    9.9966451645E-01   -6.9414455097E+00    1.9400986016E+01   -6.4014022522E+01
    9.9966446645E-01   -6.9414455097E+00    1.9400986016E+01   -6.4014022522E+01
    9.9966441644E-01   -6.9414455097E+00    1.9400986016E+01   -6.4014022522E+01
    9.9966436644E-01   -6.9414455097E+00    1.9400986016E+01   -6.4014022522E+01
    9.9966431643E-01   -6.9414455097E+00    1.9400986016E+01   -6.4014022522E+01
    9.9966426643E-01   -6.9414455097E+00    1.9400986016E+01   -6.4014022522E+01
    9.9966421642E-01   -6.9414455097E+00    1.9400986016E+01   -6.4014022522E+01
    9.9966416642E-01   -6.9414455097E+00    1.9400986016E+01   -6.4014022522E+01
    9.9966411641E-01   -6.9414455097E+00    1.9400986016E+01   -6.4014022522E+01
    9.9966406641E-01   -6.9414455097E+00    1.9400986016E+01   -6.4014022522E+01
    9.9966401640E-01   -6.9414455097E+00    1.9400986016E+01   -6.4014022522E+01
    9.9966396640E-01   -6.9414455097E+00    1.9400986016E+01   -6.4014022522E+01
    9.9966391639E-01   -6.9414455097E+00    1.9400986016E+01   -6.4014022522E+01
    9.9966386639E-01   -6.9414455097E+00    1.9400986016E+01   -6.4014022522E+01
    9.9966381638E-01   -6.9414455097E+00    1.9400986016E+01   -6.4014022522E+01
    9.9966376638E-01   -6.9414455097E+00    1.9400986016E+01   -6.4014022522E+01
    9.9966371637E-01   -6.9414455097E+00    1.9400986016E+01   -6.4014022522E+01
    9.9966366637E-01   -6.9414455097E+00    1.9400986016E+01   -6.4014022522E+01
    9.9966361636E-01   -6.9414455097E+00    1.9400986016E+01   -6.4014022522E+01
    9.9966356636E-01   -6.9414455097E+00    1.9400986016E+01   -6.4014022522E+01
    9.9966351635E-01   -6.9414455097E+00    1.9400986016E+01   -6.4014022522E+01
    9.9966346635E-01   -6.9414455097E+00    1.9400986016E+01   -6.4014022522E+01
    9.9966341634E-01   -6.9414455097E+00    1.9400986016E+01   -6.4014022522E+01
    9.9966336634E-01   -6.9414455097E+00    1.9400986016E+01   -6.4014022522E+01
    9.9966331633E-01   -6.9414455097E+00    1.9400986016E+01   -6.4014022522E+01
    9.9966326633E-01   -6.9414455097E+00    1.9400986016E+01   -6.4014022522E+01
    9.9966321632E-01   -6.9414455097E+00    1.9400986016E+01   -6.4014022522E+01
    9.9966316632E-01   -6.9414455097E+00    1.9400986016E+01   -6.4014022522E+01
    9.9966311631E-01   -6.9414455097E+00    1.9400986016E+01   -6.4014022522E+01
    9.9966306631E-01   -6.9414455097E+00    1.9400986016E+01   -6.4014022522E+01
    9.9966301630E-01   -6.9414455097E+00    1.9400986016E+01   -6.4014022522E+01
    9.9966296630E-01   -6.9414455097E+00    1.9400986016E+01   -6.4014022522E+01
    9.9966291629E-01   -6.9414455097E+00    1.9400986016E+01   -6.4014022522E+01
    9.9966286629E-01   -6.9414455097E+00    1.9400986016E+01   -6.4014022522E+01
    9.9966281628E-01   -6.9414455097E+00    1.9400986016E+01   -6.4014022522E+01
    9.9966276628E-01   -6.9414455097E+00    1.9400986016E+01   -6.4014022522E+01
    9.9966271627E-01   -6.9414455097E+00    1.9400986016E+01   -6.4014022522E+01
    9.9966266627E-01   -6.9414455097E+00    1.9400986016E+01   -6.4014022522E+01
    9.9966261626E-01   -6.9414455097E+00    1.9400986016E+01   -6.4014022522E+01
    9.9966256626E-01   -6.9414455097E+00    1.9400986016E+01   -6.4014022522E+01
    9.9966251625E-01   -6.9414455097E+00    1.9400986016E+01   -6.4014022522E+01
    9.9966246625E-01   -6.9414455097E+00    1.9400986016E+01   -6.4014022522E+01
    9.9966241624E-01   -6.9414455097E+00    1.9400986016E+01   -6.4014022522E+01
    9.9966236624E-01   -6.9414455097E+00    1.9400986016E+01   -6.4014022522E+01
    9.9966231623E-01   -6.9414455097E+00    1.9400986016E+01   -6.4014022522E+01
    9.9966226623E-01   -6.9414455097E+00    1.9400986016E+01   -6.4014022522E+01
    9.9966221622E-01   -6.9414455097E+00    1.9400986016E+01   -6.4014022522E+01
    9.9966216622E-01   -6.9414455097E+00    1.9400986016E+01   -6.4014022522E+01
    9.9966211621E-01   -6.9414455097E+00    1.9400986016E+01   -6.4014022522E+01
    9.9966206621E-01   -6.9414455097E+00    1.9400986016E+01   -6.4014022522E+01
    9.9966201620E-01   -6.9414455097E+00    1.9400986016E+01   -6.4014022522E+01
    9.9966196620E-01   -6.9414455097E+00    1.9400986016E+01   -6.4014022522E+01
    9.9966191619E-01   -6.9414455097E+00    1.9400986016E+01   -6.4014022522E+01
    9.9966186619E-01   -6.9414455097E+00    1.9400986016E+01   -6.4014022522E+01
    9.9966181618E-01   -6.9414455097E+00    1.9400986016E+01   -6.4014022522E+01
    9.9966176618E-01   -6.9414455097E+00    1.9400986016E+01   -6.4014022522E+01
    9.9966171617E-01   -6.9414455097E+00    1.9400986016E+01   -6.4014022522E+01
    9.9966166617E-01   -6.9414455097E+00    1.9400986016E+01   -6.4014022522E+01
    9.9966161616E-01   -6.9414455097E+00    1.9400986016E+01   -6.4014022522E+01
    9.9966156616E-01   -6.9414455097E+00    1.9400986016E+01   -6.4014022522E+01
    9.9966151615E-01   -6.9414455097E+00    1.9400986016E+01   -6.4014022522E+01
    9.9966146615E-01   -6.9414455097E+00    1.9400986016E+01   -6.4014022522E+01
    9.9966141614E-01   -6.9414455097E+00    1.9400986016E+01   -6.4014022522E+01
    9.9966136614E-01   -6.9414455097E+00    1.9400986016E+01   -6.4014022522E+01
    9.9966131613E-01   -6.9414455097E+00    1.9400986016E+01   -6.4014022522E+01
    9.9966126613E-01   -6.9414455097E+00    1.9400986016E+01   -6.4014022522E+01
    9.9966121612E-01   -6.9414455097E+00    1.9400986016E+01   -6.4014022522E+01
    9.9966116612E-01   -6.9414455097E+00    1.9400986016E+01   -6.4014022522E+01
    9.9966111611E-01   -6.9414455097E+00    1.9400986016E+01   -6.4014022522E+01
    9.9966106611E-01   -6.9414455097E+00    1.9400986016E+01   -6.4014022522E+01
    9.9966101610E-01   -6.9414455097E+00    1.9400986016E+01   -6.4014022522E+01
    9.9966096610E-01   -6.9414455097E+00    1.9400986016E+01   -6.4014022522E+01
    9.9966091609E-01   -6.9414455097E+00    1.9400986016E+01   -6.4014022522E+01
    9.9966086609E-01   -6.9414455097E+00    1.9400986016E+01   -6.4014022522E+01
    9.9966081608E-01   -6.9414455097E+00    1.9400986016E+01   -6.4014022522E+01
    9.9966076608E-01   -6.9414455097E+00    1.9400986016E+01   -6.4014022522E+01
    9.9966071607E-01   -6.9414455097E+00    1.9400986016E+01   -6.4014022522E+01
    9.9966066607E-01   -6.9414455097E+00    1.9400986016E+01   -6.4014022522E+01
    9.9966061606E-01   -6.9414455097E+00    1.9400986016E+01   -6.4014022522E+01
    9.9966056606E-01   -6.9414455097E+00    1.9400986016E+01   -6.4014022522E+01
    9.9966051605E-01   -6.9414455097E+00    1.9400986016E+01   -6.4014022522E+01
    9.9966046605E-01   -6.9414455097E+00    1.9400986016E+01   -6.4014022522E+01
    9.9966041604E-01   -6.9414455097E+00    1.9400986016E+01   -6.4014022522E+01
    9.9966036604E-01   -6.9414455097E+00    1.9400986016E+01   -6.4014022522E+01
    9.9966031603E-01   -6.9414455097E+00    1.9400986016E+01   -6.4014022522E+01
    9.9966026603E-01   -6.9414455097E+00    1.9400986016E+01   -6.4014022522E+01
    9.9966021602E-01   -6.9414455097E+00    1.9400986016E+01   -6.4014022522E+01
    9.9966016602E-01   -6.9414455097E+00    1.9400986016E+01   -6.4014022522E+01
    9.9966011601E-01   -6.9414455097E+00    1.9400986016E+01   -6.4014022522E+01
    9.9966006601E-01   -6.9414455097E+00    1.9400986016E+01   -6.4014022522E+01
    9.9966001600E-01   -6.9414455097E+00    1.9400986016E+01   -6.4014022522E+01
    9.9965996600E-01   -6.9414455097E+00    1.9400986016E+01   -6.4014022522E+01
    9.9965991599E-01   -6.9414455097E+00    1.9400986016E+01   -6.4014022522E+01
    9.9965986599E-01   -6.9414455097E+00    1.9400986016E+01   -6.4014022522E+01
    9.9965981598E-01   -6.9414455097E+00    1.9400986016E+01   -6.4014022522E+01
    9.9965976598E-01   -6.9414455097E+00    1.9400986016E+01   -6.4014022522E+01
    9.9965971597E-01   -6.9414455097E+00    1.9400986016E+01   -6.4014022522E+01
    9.9965966597E-01   -6.9414455097E+00    1.9400986016E+01   -6.4014022522E+01
    9.9965961596E-01   -6.9414455097E+00    1.9400986016E+01   -6.4014022522E+01
    9.9965956596E-01   -6.9414455097E+00    1.9400986016E+01   -6.4014022522E+01
    9.9965951595E-01   -6.9414455097E+00    1.9400986016E+01   -6.4014022522E+01
    9.9965946595E-01   -6.9414455097E+00    1.9400986016E+01   -6.4014022522E+01
    9.9965941594E-01   -6.9414455097E+00    1.9400986016E+01   -6.4014022522E+01
    9.9965936594E-01   -6.9414455097E+00    1.9400986016E+01   -6.4014022522E+01
    9.9965931593E-01   -6.9414455097E+00    1.9400986016E+01   -6.4014022522E+01
    9.9965926593E-01   -6.9414455097E+00    1.9400986016E+01   -6.4014022522E+01
    9.9965921592E-01   -6.9414455097E+00    1.9400986016E+01   -6.4014022522E+01
    9.9965916592E-01   -6.9414455097E+00    1.9400986016E+01   -6.4014022522E+01
    9.9965911591E-01   -6.9414455097E+00    1.9400986016E+01   -6.4014022522E+01
    9.9965906591E-01   -6.9414455097E+00    1.9400986016E+01   -6.4014022522E+01
    9.9965901590E-01   -6.9414455097E+00    1.9400986016E+01   -6.4014022522E+01
    9.9965896590E-01   -6.9414455097E+00    1.9400986016E+01   -6.4014022522E+01
    9.9965891589E-01   -6.9414455097E+00    1.9400986016E+01   -6.4014022522E+01
    9.9965886589E-01   -6.9414455097E+00    1.9400986016E+01   -6.4014022522E+01
    9.9965881588E-01   -6.9414455097E+00    1.9400986016E+01   -6.4014022522E+01
    9.9965876588E-01   -6.9414455097E+00    1.9400986016E+01   -6.4014022522E+01
    9.9965871587E-01   -6.9414455097E+00    1.9400986016E+01   -6.4014022522E+01
    9.9965866587E-01   -6.9414455097E+00    1.9400986016E+01   -6.4014022522E+01
    9.9965861586E-01   -6.9414455097E+00    1.9400986016E+01   -6.4014022522E+01
    9.9965856586E-01   -6.9414455097E+00    1.9400986016E+01   -6.4014022522E+01
    9.9965851585E-01   -6.9414455097E+00    1.9400986016E+01   -6.4014022522E+01
    9.9965846585E-01   -6.9414455097E+00    1.9400986016E+01   -6.4014022522E+01
    9.9965841584E-01   -6.9414455097E+00    1.9400986016E+01   -6.4014022522E+01
    9.9965836584E-01   -6.9414455097E+00    1.9400986016E+01   -6.4014022522E+01
    9.9965831583E-01   -6.9414455097E+00    1.9400986016E+01   -6.4014022522E+01
    9.9965826583E-01   -6.9414455097E+00    1.9400986016E+01   -6.4014022522E+01
    9.9965821582E-01   -6.9414455097E+00    1.9400986016E+01   -6.4014022522E+01
    9.9965816582E-01   -6.9414455097E+00    1.9400986016E+01   -6.4014022522E+01
    9.9965811581E-01   -6.9414455097E+00    1.9400986016E+01   -6.4014022522E+01
    9.9965806581E-01   -6.9414455097E+00    1.9400986016E+01   -6.4014022522E+01
    9.9965801580E-01   -6.9414455097E+00    1.9400986016E+01   -6.4014022522E+01
    9.9965796580E-01   -6.9414455097E+00    1.9400986016E+01   -6.4014022522E+01
    9.9965791579E-01   -6.9414455097E+00    1.9400986016E+01   -6.4014022522E+01
    9.9965786579E-01   -6.9414455097E+00    1.9400986016E+01   -6.4014022522E+01
    9.9965781578E-01   -6.9414455097E+00    1.9400986016E+01   -6.4014022522E+01
    9.9965776578E-01   -6.9414455097E+00    1.9400986016E+01   -6.4014022522E+01
    9.9965771577E-01   -6.9414455097E+00    1.9400986016E+01   -6.4014022522E+01
    9.9965766577E-01   -6.9414455097E+00    1.9400986016E+01   -6.4014022522E+01
    9.9965761576E-01   -6.9414455097E+00    1.9400986016E+01   -6.4014022522E+01
    9.9965756576E-01   -6.9414455097E+00    1.9400986016E+01   -6.4014022522E+01
    9.9965751575E-01   -6.9414455097E+00    1.9400986016E+01   -6.4014022522E+01
    9.9965746575E-01   -6.9414455097E+00    1.9400986016E+01   -6.4014022522E+01
    9.9965741574E-01   -6.9414455097E+00    1.9400986016E+01   -6.4014022522E+01
    9.9965736574E-01   -6.9414455097E+00    1.9400986016E+01   -6.4014022522E+01
    9.9965731573E-01   -6.9414455097E+00    1.9400986016E+01   -6.4014022522E+01
    9.9965726573E-01   -6.9414455097E+00    1.9400986016E+01   -6.4014022522E+01
    9.9965721572E-01   -6.9414455097E+00    1.9400986016E+01   -6.4014022522E+01
    9.9965716572E-01   -6.9414455097E+00    1.9400986016E+01   -6.4014022522E+01
    9.9965711571E-01   -6.9414455097E+00    1.9400986016E+01   -6.4014022522E+01
    9.9965706571E-01   -6.9414455097E+00    1.9400986016E+01   -6.4014022522E+01
    9.9965701570E-01   -6.9414455097E+00    1.9400986016E+01   -6.4014022522E+01
    9.9965696570E-01   -6.9414455097E+00    1.9400986016E+01   -6.4014022522E+01
    9.9965691569E-01   -6.9414455097E+00    1.9400986016E+01   -6.4014022522E+01
    9.9965686569E-01   -6.9414455097E+00    1.9400986016E+01   -6.4014022522E+01
    9.9965681568E-01   -6.9414455097E+00    1.9400986016E+01   -6.4014022522E+01
    9.9965676568E-01   -6.9414455097E+00    1.9400986016E+01   -6.4014022522E+01
    9.9965671567E-01   -6.9414455097E+00    1.9400986016E+01   -6.4014022522E+01
    9.9965666567E-01   -6.9414455097E+00    1.9400986016E+01   -6.4014022522E+01
    9.9965661566E-01   -6.9414455097E+00    1.9400986016E+01   -6.4014022522E+01
    9.9965656566E-01   -6.9414455097E+00    1.9400986016E+01   -6.4014022522E+01
    9.9965651565E-01   -6.9414455097E+00    1.9400986016E+01   -6.4014022522E+01
    9.9965646565E-01   -6.9414455097E+00    1.9400986016E+01   -6.4014022522E+01
    9.9965641564E-01   -6.9414455097E+00    1.9400986016E+01   -6.4014022522E+01
    9.9965636564E-01   -6.9414455097E+00    1.9400986016E+01   -6.4014022522E+01
    9.9965631563E-01   -6.9414455097E+00    1.9400986016E+01   -6.4014022522E+01
    9.9965626563E-01   -6.9414455097E+00    1.9400986016E+01   -6.4014022522E+01
    9.9965621562E-01   -6.9414455097E+00    1.9400986016E+01   -6.4014022522E+01
    9.9965616562E-01   -6.9414455097E+00    1.9400986016E+01   -6.4014022522E+01
    9.9965611561E-01   -6.9414455097E+00    1.9400986016E+01   -6.4014022522E+01
    9.9965606561E-01   -6.9414455097E+00    1.9400986016E+01   -6.4014022522E+01
    9.9965601560E-01   -6.9414455097E+00    1.9400986016E+01   -6.4014022522E+01
    9.9965596560E-01   -6.9414455097E+00    1.9400986016E+01   -6.4014022522E+01
    9.9965591559E-01   -6.9414455097E+00    1.9400986016E+01   -6.4014022522E+01
    9.9965586559E-01   -6.9414455097E+00    1.9400986016E+01   -6.4014022522E+01
    9.9965581558E-01   -6.9414455097E+00    1.9400986016E+01   -6.4014022522E+01
    9.9965576558E-01   -6.9414455097E+00    1.9400986016E+01   -6.4014022522E+01
    9.9965571557E-01   -6.9414455097E+00    1.9400986016E+01   -6.4014022522E+01
    9.9965566557E-01   -6.9414455097E+00    1.9400986016E+01   -6.4014022522E+01
    9.9965561556E-01   -6.9414455097E+00    1.9400986016E+01   -6.4014022522E+01
    9.9965556556E-01   -6.9414455097E+00    1.9400986016E+01   -6.4014022522E+01
    9.9965551555E-01   -6.9414455097E+00    1.9400986016E+01   -6.4014022522E+01
    9.9965546555E-01   -6.9414455097E+00    1.9400986016E+01   -6.4014022522E+01
    9.9965541554E-01   -6.9414455097E+00    1.9400986016E+01   -6.4014022522E+01
    9.9965536554E-01   -6.9414455097E+00    1.9400986016E+01   -6.4014022522E+01
    9.9965531553E-01   -6.9414455097E+00    1.9400986016E+01   -6.4014022522E+01
    9.9965526553E-01   -6.9414455097E+00    1.9400986016E+01   -6.4014022522E+01
    9.9965521552E-01   -6.9414455097E+00    1.9400986016E+01   -6.4014022522E+01
    9.9965516552E-01   -6.9414455097E+00    1.9400986016E+01   -6.4014022522E+01
    9.9965511551E-01   -6.9414455097E+00    1.9400986016E+01   -6.4014022522E+01
    9.9965506551E-01   -6.9414455097E+00    1.9400986016E+01   -6.4014022522E+01
    9.9965501550E-01   -6.9414455097E+00    1.9400986016E+01   -6.4014022522E+01
    9.9965496550E-01   -6.9414455097E+00    1.9400986016E+01   -6.4014022522E+01
    9.9965491549E-01   -6.9414455097E+00    1.9400986016E+01   -6.4014022522E+01
    9.9965486549E-01   -6.9414455097E+00    1.9400986016E+01   -6.4014022522E+01
    9.9965481548E-01   -6.9414455097E+00    1.9400986016E+01   -6.4014022522E+01
    9.9965476548E-01   -6.9414455097E+00    1.9400986016E+01   -6.4014022522E+01
    9.9965471547E-01   -6.9414455097E+00    1.9400986016E+01   -6.4014022522E+01
    9.9965466547E-01   -6.9414455097E+00    1.9400986016E+01   -6.4014022522E+01
    9.9965461546E-01   -6.9414455097E+00    1.9400986016E+01   -6.4014022522E+01
    9.9965456546E-01   -6.9414455097E+00    1.9400986016E+01   -6.4014022522E+01
    9.9965451545E-01   -6.9414455097E+00    1.9400986016E+01   -6.4014022522E+01
    9.9965446545E-01   -6.9414455097E+00    1.9400986016E+01   -6.4014022522E+01
    9.9965441544E-01   -6.9414455097E+00    1.9400986016E+01   -6.4014022522E+01
    9.9965436544E-01   -6.9414455097E+00    1.9400986016E+01   -6.4014022522E+01
    9.9965431543E-01   -6.9414455097E+00    1.9400986016E+01   -6.4014022522E+01
    9.9965426543E-01   -6.9414455097E+00    1.9400986016E+01   -6.4014022522E+01
    9.9965421542E-01   -6.9414455097E+00    1.9400986016E+01   -6.4014022522E+01
    9.9965416542E-01   -6.9414455097E+00    1.9400986016E+01   -6.4014022522E+01
    9.9965411541E-01   -6.9414455097E+00    1.9400986016E+01   -6.4014022522E+01
    9.9965406541E-01   -6.9414455097E+00    1.9400986016E+01   -6.4014022522E+01
    9.9965401540E-01   -6.9414455097E+00    1.9400986016E+01   -6.4014022522E+01
    9.9965396540E-01   -6.9414455097E+00    1.9400986016E+01   -6.4014022522E+01
    9.9965391539E-01   -6.9414455097E+00    1.9400986016E+01   -6.4014022522E+01
    9.9965386539E-01   -6.9414455097E+00    1.9400986016E+01   -6.4014022522E+01
    9.9965381538E-01   -6.9414455097E+00    1.9400986016E+01   -6.4014022522E+01
    9.9965376538E-01   -6.9414455097E+00    1.9400986016E+01   -6.4014022522E+01
    9.9965371537E-01   -6.9414455097E+00    1.9400986016E+01   -6.4014022522E+01
    9.9965366537E-01   -6.9414455097E+00    1.9400986016E+01   -6.4014022522E+01
    9.9965361536E-01   -6.9414455097E+00    1.9400986016E+01   -6.4014022522E+01
    9.9965356536E-01   -6.9414455097E+00    1.9400986016E+01   -6.4014022522E+01
    9.9965351535E-01   -6.9414455097E+00    1.9400986016E+01   -6.4014022522E+01
    9.9965346535E-01   -6.9414455097E+00    1.9400986016E+01   -6.4014022522E+01
    9.9965341534E-01   -6.9414455097E+00    1.9400986016E+01   -6.4014022522E+01
    9.9965336534E-01   -6.9414455097E+00    1.9400986016E+01   -6.4014022522E+01
    9.9965331533E-01   -6.9414455097E+00    1.9400986016E+01   -6.4014022522E+01
    9.9965326533E-01   -6.9414455097E+00    1.9400986016E+01   -6.4014022522E+01
    9.9965321532E-01   -6.9414455097E+00    1.9400986016E+01   -6.4014022522E+01
    9.9965316532E-01   -6.9414455097E+00    1.9400986016E+01   -6.4014022522E+01
    9.9965311531E-01   -6.9414455097E+00    1.9400986016E+01   -6.4014022522E+01
    9.9965306531E-01   -6.9414455097E+00    1.9400986016E+01   -6.4014022522E+01
    9.9965301530E-01   -6.9414455097E+00    1.9400986016E+01   -6.4014022522E+01
    9.9965296530E-01   -6.9414455097E+00    1.9400986016E+01   -6.4014022522E+01
    9.9965291529E-01   -6.9414455097E+00    1.9400986016E+01   -6.4014022522E+01
    9.9965286529E-01   -6.9414455097E+00    1.9400986016E+01   -6.4014022522E+01
    9.9965281528E-01   -6.9414455097E+00    1.9400986016E+01   -6.4014022522E+01
    9.9965276528E-01   -6.9414455097E+00    1.9400986016E+01   -6.4014022522E+01
    9.9965271527E-01   -6.9414455097E+00    1.9400986016E+01   -6.4014022522E+01
    9.9965266527E-01   -6.9414455097E+00    1.9400986016E+01   -6.4014022522E+01
    9.9965261526E-01   -6.9414455097E+00    1.9400986016E+01   -6.4014022522E+01
    9.9965256526E-01   -6.9414455097E+00    1.9400986016E+01   -6.4014022522E+01
    9.9965251525E-01   -6.9414455097E+00    1.9400986016E+01   -6.4014022522E+01
    9.9965246525E-01   -6.9414455097E+00    1.9400986016E+01   -6.4014022522E+01
    9.9965241524E-01   -6.9414455097E+00    1.9400986016E+01   -6.4014022522E+01
    9.9965236524E-01   -6.9414455097E+00    1.9400986016E+01   -6.4014022522E+01
    9.9965231523E-01   -6.9414455097E+00    1.9400986016E+01   -6.4014022522E+01
    9.9965226523E-01   -6.9414455097E+00    1.9400986016E+01   -6.4014022522E+01
    9.9965221522E-01   -6.9414455097E+00    1.9400986016E+01   -6.4014022522E+01
    9.9965216522E-01   -6.9414455097E+00    1.9400986016E+01   -6.4014022522E+01
    9.9965211521E-01   -6.9414455097E+00    1.9400986016E+01   -6.4014022522E+01
    9.9965206521E-01   -6.9414455097E+00    1.9400986016E+01   -6.4014022522E+01
    9.9965201520E-01   -6.9414455097E+00    1.9400986016E+01   -6.4014022522E+01
    9.9965196520E-01   -6.9414455097E+00    1.9400986016E+01   -6.4014022522E+01
    9.9965191519E-01   -6.9414455097E+00    1.9400986016E+01   -6.4014022522E+01
    9.9965186519E-01   -6.9414455097E+00    1.9400986016E+01   -6.4014022522E+01
    9.9965181518E-01   -6.9414455097E+00    1.9400986016E+01   -6.4014022522E+01
    9.9965176518E-01   -6.9414455097E+00    1.9400986016E+01   -6.4014022522E+01
    9.9965171517E-01   -6.9414455097E+00    1.9400986016E+01   -6.4014022522E+01
    9.9965166517E-01   -6.9414455097E+00    1.9400986016E+01   -6.4014022522E+01
    9.9965161516E-01   -6.9414455097E+00    1.9400986016E+01   -6.4014022522E+01
    9.9965156516E-01   -6.9414455097E+00    1.9400986016E+01   -6.4014022522E+01
    9.9965151515E-01   -6.9414455097E+00    1.9400986016E+01   -6.4014022522E+01
    9.9965146515E-01   -6.9414455097E+00    1.9400986016E+01   -6.4014022522E+01
    9.9965141514E-01   -6.9414455097E+00    1.9400986016E+01   -6.4014022522E+01
    9.9965136514E-01   -6.9414455097E+00    1.9400986016E+01   -6.4014022522E+01
    9.9965131513E-01   -6.9414455097E+00    1.9400986016E+01   -6.4014022522E+01
    9.9965126513E-01   -6.9414455097E+00    1.9400986016E+01   -6.4014022522E+01
    9.9965121512E-01   -6.9414455097E+00    1.9400986016E+01   -6.4014022522E+01
    9.9965116512E-01   -6.9414455097E+00    1.9400986016E+01   -6.4014022522E+01
    9.9965111511E-01   -6.9414455097E+00    1.9400986016E+01   -6.4014022522E+01
    9.9965106511E-01   -6.9414455097E+00    1.9400986016E+01   -6.4014022522E+01
    9.9965101510E-01   -6.9414455097E+00    1.9400986016E+01   -6.4014022522E+01
    9.9965096510E-01   -6.9414455097E+00    1.9400986016E+01   -6.4014022522E+01
    9.9965091509E-01   -6.9414455097E+00    1.9400986016E+01   -6.4014022522E+01
    9.9965086509E-01   -6.9414455097E+00    1.9400986016E+01   -6.4014022522E+01
    9.9965081508E-01   -6.9414455097E+00    1.9400986016E+01   -6.4014022522E+01
    9.9965076508E-01   -6.9414455097E+00    1.9400986016E+01   -6.4014022522E+01
    9.9965071507E-01   -6.9414455097E+00    1.9400986016E+01   -6.4014022522E+01
    9.9965066507E-01   -6.9414455097E+00    1.9400986016E+01   -6.4014022522E+01
    9.9965061506E-01   -6.9414455097E+00    1.9400986016E+01   -6.4014022522E+01
    9.9965056506E-01   -6.9414455097E+00    1.9400986016E+01   -6.4014022522E+01
    9.9965051505E-01   -6.9414455097E+00    1.9400986016E+01   -6.4014022522E+01
    9.9965046505E-01   -6.9414455097E+00    1.9400986016E+01   -6.4014022522E+01
    9.9965041504E-01   -6.9414455097E+00    1.9400986016E+01   -6.4014022522E+01
    9.9965036504E-01   -6.9414455097E+00    1.9400986016E+01   -6.4014022522E+01
    9.9965031503E-01   -6.9414455097E+00    1.9400986016E+01   -6.4014022522E+01
    9.9965026503E-01   -6.9414455097E+00    1.9400986016E+01   -6.4014022522E+01
    9.9965021502E-01   -6.9414455097E+00    1.9400986016E+01   -6.4014022522E+01
    9.9965016502E-01   -6.9414455097E+00    1.9400986016E+01   -6.4014022522E+01
    9.9965011501E-01   -6.9414455097E+00    1.9400986016E+01   -6.4014022522E+01
    9.9965006501E-01   -6.9414455097E+00    1.9400986016E+01   -6.4014022522E+01
    9.9965001500E-01   -6.9414455097E+00    1.9400986016E+01   -6.4014022522E+01
    9.9964996500E-01   -6.9414455097E+00    1.9400986016E+01   -6.4014022522E+01
    9.9964991499E-01   -6.9414455097E+00    1.9400986016E+01   -6.4014022522E+01
    9.9964986499E-01   -6.9414455097E+00    1.9400986016E+01   -6.4014022522E+01
    9.9964981498E-01   -6.9414455097E+00    1.9400986016E+01   -6.4014022522E+01
    9.9964976498E-01   -6.9414455097E+00    1.9400986016E+01   -6.4014022522E+01
    9.9964971497E-01   -6.9414455097E+00    1.9400986016E+01   -6.4014022522E+01
    9.9964966497E-01   -6.9414455097E+00    1.9400986016E+01   -6.4014022522E+01
    9.9964961496E-01   -6.9414455097E+00    1.9400986016E+01   -6.4014022522E+01
    9.9964956496E-01   -6.9414455097E+00    1.9400986016E+01   -6.4014022522E+01
    9.9964951495E-01   -6.9414455097E+00    1.9400986016E+01   -6.4014022522E+01
    9.9964946495E-01   -6.9414455097E+00    1.9400986016E+01   -6.4014022522E+01
    9.9964941494E-01   -6.9414455097E+00    1.9400986016E+01   -6.4014022522E+01
    9.9964936494E-01   -6.9414455097E+00    1.9400986016E+01   -6.4014022522E+01
    9.9964931493E-01   -6.9414455097E+00    1.9400986016E+01   -6.4014022522E+01
    9.9964926493E-01   -6.9414455097E+00    1.9400986016E+01   -6.4014022522E+01
    9.9964921492E-01   -6.9414455097E+00    1.9400986016E+01   -6.4014022522E+01
    9.9964916492E-01   -6.9414455097E+00    1.9400986016E+01   -6.4014022522E+01
    9.9964911491E-01   -6.9414455097E+00    1.9400986016E+01   -6.4014022522E+01
    9.9964906491E-01   -6.9414455097E+00    1.9400986016E+01   -6.4014022522E+01
    9.9964901490E-01   -6.9414455097E+00    1.9400986016E+01   -6.4014022522E+01
    9.9964896490E-01   -6.9414455097E+00    1.9400986016E+01   -6.4014022522E+01
    9.9964891489E-01   -6.9414455097E+00    1.9400986016E+01   -6.4014022522E+01
    9.9964886489E-01   -6.9414455097E+00    1.9400986016E+01   -6.4014022522E+01
    9.9964881488E-01   -6.9414455097E+00    1.9400986016E+01   -6.4014022522E+01
    9.9964876488E-01   -6.9414455097E+00    1.9400986016E+01   -6.4014022522E+01
    9.9964871487E-01   -6.9414455097E+00    1.9400986016E+01   -6.4014022522E+01
    9.9964866487E-01   -6.9414455097E+00    1.9400986016E+01   -6.4014022522E+01
    9.9964861486E-01   -6.9414455097E+00    1.9400986016E+01   -6.4014022522E+01
    9.9964856486E-01   -6.9414455097E+00    1.9400986016E+01   -6.4014022522E+01
    9.9964851485E-01   -6.9414455097E+00    1.9400986016E+01   -6.4014022522E+01
    9.9964846485E-01   -6.9414455097E+00    1.9400986016E+01   -6.4014022522E+01
    9.9964841484E-01   -6.9414455097E+00    1.9400986016E+01   -6.4014022522E+01
    9.9964836484E-01   -6.9414455097E+00    1.9400986016E+01   -6.4014022522E+01
    9.9964831483E-01   -6.9414455097E+00    1.9400986016E+01   -6.4014022522E+01
    9.9964826483E-01   -6.9414455097E+00    1.9400986016E+01   -6.4014022522E+01
    9.9964821482E-01   -6.9414455097E+00    1.9400986016E+01   -6.4014022522E+01
    9.9964816482E-01   -6.9414455097E+00    1.9400986016E+01   -6.4014022522E+01
    9.9964811481E-01   -6.9414455097E+00    1.9400986016E+01   -6.4014022522E+01
    9.9964806481E-01   -6.9414455097E+00    1.9400986016E+01   -6.4014022522E+01
    9.9964801480E-01   -6.9414455097E+00    1.9400986016E+01   -6.4014022522E+01
    9.9964796480E-01   -6.9414455097E+00    1.9400986016E+01   -6.4014022522E+01
    9.9964791479E-01   -6.9414455097E+00    1.9400986016E+01   -6.4014022522E+01
    9.9964786479E-01   -6.9414455097E+00    1.9400986016E+01   -6.4014022522E+01
    9.9964781478E-01   -6.9414455097E+00    1.9400986016E+01   -6.4014022522E+01
    9.9964776478E-01   -6.9414455097E+00    1.9400986016E+01   -6.4014022522E+01
    9.9964771477E-01   -6.9414455097E+00    1.9400986016E+01   -6.4014022522E+01
    9.9964766477E-01   -6.9414455097E+00    1.9400986016E+01   -6.4014022522E+01
    9.9964761476E-01   -6.9414455097E+00    1.9400986016E+01   -6.4014022522E+01
    9.9964756476E-01   -6.9414455097E+00    1.9400986016E+01   -6.4014022522E+01
    9.9964751475E-01   -6.9414455097E+00    1.9400986016E+01   -6.4014022522E+01
    9.9964746475E-01   -6.9414455097E+00    1.9400986016E+01   -6.4014022522E+01
    9.9964741474E-01   -6.9414455097E+00    1.9400986016E+01   -6.4014022522E+01
    9.9964736474E-01   -6.9414455097E+00    1.9400986016E+01   -6.4014022522E+01
    9.9964731473E-01   -6.9414455097E+00    1.9400986016E+01   -6.4014022522E+01
    9.9964726473E-01   -6.9414455097E+00    1.9400986016E+01   -6.4014022522E+01
    9.9964721472E-01   -6.9414455097E+00    1.9400986016E+01   -6.4014022522E+01
    9.9964716472E-01   -6.9414455097E+00    1.9400986016E+01   -6.4014022522E+01
    9.9964711471E-01   -6.9414455097E+00    1.9400986016E+01   -6.4014022522E+01
    9.9964706471E-01   -6.9414455097E+00    1.9400986016E+01   -6.4014022522E+01
    9.9964701470E-01   -6.9414455097E+00    1.9400986016E+01   -6.4014022522E+01
    9.9964696470E-01   -6.9414455097E+00    1.9400986016E+01   -6.4014022522E+01
    9.9964691469E-01   -6.9414455097E+00    1.9400986016E+01   -6.4014022522E+01
    9.9964686469E-01   -6.9414455097E+00    1.9400986016E+01   -6.4014022522E+01
    9.9964681468E-01   -6.9414455097E+00    1.9400986016E+01   -6.4014022522E+01
    9.9964676468E-01   -6.9414455097E+00    1.9400986016E+01   -6.4014022522E+01
    9.9964671467E-01   -6.9414455097E+00    1.9400986016E+01   -6.4014022522E+01
    9.9964666467E-01   -6.9414455097E+00    1.9400986016E+01   -6.4014022522E+01
    9.9964661466E-01   -6.9414455097E+00    1.9400986016E+01   -6.4014022522E+01
    9.9964656466E-01   -6.9414455097E+00    1.9400986016E+01   -6.4014022522E+01
    9.9964651465E-01   -6.9414455097E+00    1.9400986016E+01   -6.4014022522E+01
    9.9964646465E-01   -6.9414455097E+00    1.9400986016E+01   -6.4014022522E+01
    9.9964641464E-01   -6.9414455097E+00    1.9400986016E+01   -6.4014022522E+01
    9.9964636464E-01   -6.9414455097E+00    1.9400986016E+01   -6.4014022522E+01
    9.9964631463E-01   -6.9414455097E+00    1.9400986016E+01   -6.4014022522E+01
    9.9964626463E-01   -6.9414455097E+00    1.9400986016E+01   -6.4014022522E+01
    9.9964621462E-01   -6.9414455097E+00    1.9400986016E+01   -6.4014022522E+01
    9.9964616462E-01   -6.9414455097E+00    1.9400986016E+01   -6.4014022522E+01
    9.9964611461E-01   -6.9414455097E+00    1.9400986016E+01   -6.4014022522E+01
    9.9964606461E-01   -6.9414455097E+00    1.9400986016E+01   -6.4014022522E+01
    9.9964601460E-01   -6.9414455097E+00    1.9400986016E+01   -6.4014022522E+01
    9.9964596460E-01   -6.9414455097E+00    1.9400986016E+01   -6.4014022522E+01
    9.9964591459E-01   -6.9414455097E+00    1.9400986016E+01   -6.4014022522E+01
    9.9964586459E-01   -6.9414455097E+00    1.9400986016E+01   -6.4014022522E+01
    9.9964581458E-01   -6.9414455097E+00    1.9400986016E+01   -6.4014022522E+01
    9.9964576458E-01   -6.9414455097E+00    1.9400986016E+01   -6.4014022522E+01
    9.9964571457E-01   -6.9414455097E+00    1.9400986016E+01   -6.4014022522E+01
    9.9964566457E-01   -6.9414455097E+00    1.9400986016E+01   -6.4014022522E+01
    9.9964561456E-01   -6.9414455097E+00    1.9400986016E+01   -6.4014022522E+01
    9.9964556456E-01   -6.9414455097E+00    1.9400986016E+01   -6.4014022522E+01
    9.9964551455E-01   -6.9414455097E+00    1.9400986016E+01   -6.4014022522E+01
    9.9964546455E-01   -6.9414455097E+00    1.9400986016E+01   -6.4014022522E+01
    9.9964541454E-01   -6.9414455097E+00    1.9400986016E+01   -6.4014022522E+01
    9.9964536454E-01   -6.9414455097E+00    1.9400986016E+01   -6.4014022522E+01
    9.9964531453E-01   -6.9414455097E+00    1.9400986016E+01   -6.4014022522E+01
    9.9964526453E-01   -6.9414455097E+00    1.9400986016E+01   -6.4014022522E+01
    9.9964521452E-01   -6.9414455097E+00    1.9400986016E+01   -6.4014022522E+01
    9.9964516452E-01   -6.9414455097E+00    1.9400986016E+01   -6.4014022522E+01
    9.9964511451E-01   -6.9414455097E+00    1.9400986016E+01   -6.4014022522E+01
    9.9964506451E-01   -6.9414455097E+00    1.9400986016E+01   -6.4014022522E+01
    9.9964501450E-01   -6.9414455097E+00    1.9400986016E+01   -6.4014022522E+01
    9.9964496450E-01   -6.9414455097E+00    1.9400986016E+01   -6.4014022522E+01
    9.9964491449E-01   -6.9414455097E+00    1.9400986016E+01   -6.4014022522E+01
    9.9964486449E-01   -6.9414455097E+00    1.9400986016E+01   -6.4014022522E+01
    9.9964481448E-01   -6.9414455097E+00    1.9400986016E+01   -6.4014022522E+01
    9.9964476448E-01   -6.9414455097E+00    1.9400986016E+01   -6.4014022522E+01
    9.9964471447E-01   -6.9414455097E+00    1.9400986016E+01   -6.4014022522E+01
    9.9964466447E-01   -6.9414455097E+00    1.9400986016E+01   -6.4014022522E+01
    9.9964461446E-01   -6.9414455097E+00    1.9400986016E+01   -6.4014022522E+01
    9.9964456446E-01   -6.9414455097E+00    1.9400986016E+01   -6.4014022522E+01
    9.9964451445E-01   -6.9414455097E+00    1.9400986016E+01   -6.4014022522E+01
    9.9964446445E-01   -6.9414455097E+00    1.9400986016E+01   -6.4014022522E+01
    9.9964441444E-01   -6.9414455097E+00    1.9400986016E+01   -6.4014022522E+01
    9.9964436444E-01   -6.9414455097E+00    1.9400986016E+01   -6.4014022522E+01
    9.9964431443E-01   -6.9414455097E+00    1.9400986016E+01   -6.4014022522E+01
    9.9964426443E-01   -6.9414455097E+00    1.9400986016E+01   -6.4014022522E+01
    9.9964421442E-01   -6.9414455097E+00    1.9400986016E+01   -6.4014022522E+01
    9.9964416442E-01   -6.9414455097E+00    1.9400986016E+01   -6.4014022522E+01
    9.9964411441E-01   -6.9414455097E+00    1.9400986016E+01   -6.4014022522E+01
    9.9964406441E-01   -6.9414455097E+00    1.9400986016E+01   -6.4014022522E+01
    9.9964401440E-01   -6.9414455097E+00    1.9400986016E+01   -6.4014022522E+01
    9.9964396440E-01   -6.9414455097E+00    1.9400986016E+01   -6.4014022522E+01
    9.9964391439E-01   -6.9414455097E+00    1.9400986016E+01   -6.4014022522E+01
    9.9964386439E-01   -6.9414455097E+00    1.9400986016E+01   -6.4014022522E+01
    9.9964381438E-01   -6.9414455097E+00    1.9400986016E+01   -6.4014022522E+01
    9.9964376438E-01   -6.9414455097E+00    1.9400986016E+01   -6.4014022522E+01
    9.9964371437E-01   -6.9414455097E+00    1.9400986016E+01   -6.4014022522E+01
    9.9964366437E-01   -6.9414455097E+00    1.9400986016E+01   -6.4014022522E+01
    9.9964361436E-01   -6.9414455097E+00    1.9400986016E+01   -6.4014022522E+01
    9.9964356436E-01   -6.9414455097E+00    1.9400986016E+01   -6.4014022522E+01
    9.9964351435E-01   -6.9414455097E+00    1.9400986016E+01   -6.4014022522E+01
    9.9964346435E-01   -6.9414455097E+00    1.9400986016E+01   -6.4014022522E+01
    9.9964341434E-01   -6.9414455097E+00    1.9400986016E+01   -6.4014022522E+01
    9.9964336434E-01   -6.9414455097E+00    1.9400986016E+01   -6.4014022522E+01
    9.9964331433E-01   -6.9414455097E+00    1.9400986016E+01   -6.4014022522E+01
    9.9964326433E-01   -6.9414455097E+00    1.9400986016E+01   -6.4014022522E+01
    9.9964321432E-01   -6.9414455097E+00    1.9400986016E+01   -6.4014022522E+01
    9.9964316432E-01   -6.9414455097E+00    1.9400986016E+01   -6.4014022522E+01
    9.9964311431E-01   -6.9414455097E+00    1.9400986016E+01   -6.4014022522E+01
    9.9964306431E-01   -6.9414455097E+00    1.9400986016E+01   -6.4014022522E+01
    9.9964301430E-01   -6.9414455097E+00    1.9400986016E+01   -6.4014022522E+01
    9.9964296430E-01   -6.9414455097E+00    1.9400986016E+01   -6.4014022522E+01
    9.9964291429E-01   -6.9414455097E+00    1.9400986016E+01   -6.4014022522E+01
    9.9964286429E-01   -6.9414455097E+00    1.9400986016E+01   -6.4014022522E+01
    9.9964281428E-01   -6.9414455097E+00    1.9400986016E+01   -6.4014022522E+01
    9.9964276428E-01   -6.9414455097E+00    1.9400986016E+01   -6.4014022522E+01
    9.9964271427E-01   -6.9414455097E+00    1.9400986016E+01   -6.4014022522E+01
    9.9964266427E-01   -6.9414455097E+00    1.9400986016E+01   -6.4014022522E+01
    9.9964261426E-01   -6.9414455097E+00    1.9400986016E+01   -6.4014022522E+01
    9.9964256426E-01   -6.9414455097E+00    1.9400986016E+01   -6.4014022522E+01
    9.9964251425E-01   -6.9414455097E+00    1.9400986016E+01   -6.4014022522E+01
    9.9964246425E-01   -6.9414455097E+00    1.9400986016E+01   -6.4014022522E+01
    9.9964241424E-01   -6.9414455097E+00    1.9400986016E+01   -6.4014022522E+01
    9.9964236424E-01   -6.9414455097E+00    1.9400986016E+01   -6.4014022522E+01
    9.9964231423E-01   -6.9414455097E+00    1.9400986016E+01   -6.4014022522E+01
    9.9964226423E-01   -6.9414455097E+00    1.9400986016E+01   -6.4014022522E+01
    9.9964221422E-01   -6.9414455097E+00    1.9400986016E+01   -6.4014022522E+01
    9.9964216422E-01   -6.9414455097E+00    1.9400986016E+01   -6.4014022522E+01
    9.9964211421E-01   -6.9414455097E+00    1.9400986016E+01   -6.4014022522E+01
    9.9964206421E-01   -6.9414455097E+00    1.9400986016E+01   -6.4014022522E+01
    9.9964201420E-01   -6.9414455097E+00    1.9400986016E+01   -6.4014022522E+01
    9.9964196420E-01   -6.9414455097E+00    1.9400986016E+01   -6.4014022522E+01
    9.9964191419E-01   -6.9414455097E+00    1.9400986016E+01   -6.4014022522E+01
    9.9964186419E-01   -6.9414455097E+00    1.9400986016E+01   -6.4014022522E+01
    9.9964181418E-01   -6.9414455097E+00    1.9400986016E+01   -6.4014022522E+01
    9.9964176418E-01   -6.9414455097E+00    1.9400986016E+01   -6.4014022522E+01
    9.9964171417E-01   -6.9414455097E+00    1.9400986016E+01   -6.4014022522E+01
    9.9964166417E-01   -6.9414455097E+00    1.9400986016E+01   -6.4014022522E+01
    9.9964161416E-01   -6.9414455097E+00    1.9400986016E+01   -6.4014022522E+01
    9.9964156416E-01   -6.9414455097E+00    1.9400986016E+01   -6.4014022522E+01
    9.9964151415E-01   -6.9414455097E+00    1.9400986016E+01   -6.4014022522E+01
    9.9964146415E-01   -6.9414455097E+00    1.9400986016E+01   -6.4014022522E+01
    9.9964141414E-01   -6.9414455097E+00    1.9400986016E+01   -6.4014022522E+01
    9.9964136414E-01   -6.9414455097E+00    1.9400986016E+01   -6.4014022522E+01
    9.9964131413E-01   -6.9414455097E+00    1.9400986016E+01   -6.4014022522E+01
    9.9964126413E-01   -6.9414455097E+00    1.9400986016E+01   -6.4014022522E+01
    9.9964121412E-01   -6.9414455097E+00    1.9400986016E+01   -6.4014022522E+01
    9.9964116412E-01   -6.9414455097E+00    1.9400986016E+01   -6.4014022522E+01
    9.9964111411E-01   -6.9414455097E+00    1.9400986016E+01   -6.4014022522E+01
    9.9964106411E-01   -6.9414455097E+00    1.9400986016E+01   -6.4014022522E+01
    9.9964101410E-01   -6.9414455097E+00    1.9400986016E+01   -6.4014022522E+01
    9.9964096410E-01   -6.9414455097E+00    1.9400986016E+01   -6.4014022522E+01
    9.9964091409E-01   -6.9414455097E+00    1.9400986016E+01   -6.4014022522E+01
    9.9964086409E-01   -6.9414455097E+00    1.9400986016E+01   -6.4014022522E+01
    9.9964081408E-01   -6.9414455097E+00    1.9400986016E+01   -6.4014022522E+01
    9.9964076408E-01   -6.9414455097E+00    1.9400986016E+01   -6.4014022522E+01
    9.9964071407E-01   -6.9414455097E+00    1.9400986016E+01   -6.4014022522E+01
    9.9964066407E-01   -6.9414455097E+00    1.9400986016E+01   -6.4014022522E+01
    9.9964061406E-01   -6.9414455097E+00    1.9400986016E+01   -6.4014022522E+01
    9.9964056406E-01   -6.9414455097E+00    1.9400986016E+01   -6.4014022522E+01
    9.9964051405E-01   -6.9414455097E+00    1.9400986016E+01   -6.4014022522E+01
    9.9964046405E-01   -6.9414455097E+00    1.9400986016E+01   -6.4014022522E+01
    9.9964041404E-01   -6.9414455097E+00    1.9400986016E+01   -6.4014022522E+01
    9.9964036404E-01   -6.9414455097E+00    1.9400986016E+01   -6.4014022522E+01
    9.9964031403E-01   -6.9414455097E+00    1.9400986016E+01   -6.4014022522E+01
    9.9964026403E-01   -6.9414455097E+00    1.9400986016E+01   -6.4014022522E+01
    9.9964021402E-01   -6.9414455097E+00    1.9400986016E+01   -6.4014022522E+01
    9.9964016402E-01   -6.9414455097E+00    1.9400986016E+01   -6.4014022522E+01
    9.9964011401E-01   -6.9414455097E+00    1.9400986016E+01   -6.4014022522E+01
    9.9964006401E-01   -6.9414455097E+00    1.9400986016E+01   -6.4014022522E+01
    9.9964001400E-01   -6.9414455097E+00    1.9400986016E+01   -6.4014022522E+01
    9.9963996400E-01   -6.9414455097E+00    1.9400986016E+01   -6.4014022522E+01
    9.9963991399E-01   -6.9414455097E+00    1.9400986016E+01   -6.4014022522E+01
    9.9963986399E-01   -6.9414455097E+00    1.9400986016E+01   -6.4014022522E+01
    9.9963981398E-01   -6.9414455097E+00    1.9400986016E+01   -6.4014022522E+01
    9.9963976398E-01   -6.9414455097E+00    1.9400986016E+01   -6.4014022522E+01
    9.9963971397E-01   -6.9414455097E+00    1.9400986016E+01   -6.4014022522E+01
    9.9963966397E-01   -6.9414455097E+00    1.9400986016E+01   -6.4014022522E+01
    9.9963961396E-01   -6.9414455097E+00    1.9400986016E+01   -6.4014022522E+01
    9.9963956396E-01   -6.9414455097E+00    1.9400986016E+01   -6.4014022522E+01
    9.9963951395E-01   -6.9414455097E+00    1.9400986016E+01   -6.4014022522E+01
    9.9963946395E-01   -6.9414455097E+00    1.9400986016E+01   -6.4014022522E+01
    9.9963941394E-01   -6.9414455097E+00    1.9400986016E+01   -6.4014022522E+01
    9.9963936394E-01   -6.9414455097E+00    1.9400986016E+01   -6.4014022522E+01
    9.9963931393E-01   -6.9414455097E+00    1.9400986016E+01   -6.4014022522E+01
    9.9963926393E-01   -6.9414455097E+00    1.9400986016E+01   -6.4014022522E+01
    9.9963921392E-01   -6.9414455097E+00    1.9400986016E+01   -6.4014022522E+01
    9.9963916392E-01   -6.9414455097E+00    1.9400986016E+01   -6.4014022522E+01
    9.9963911391E-01   -6.9414455097E+00    1.9400986016E+01   -6.4014022522E+01
    9.9963906391E-01   -6.9414455097E+00    1.9400986016E+01   -6.4014022522E+01
    9.9963901390E-01   -6.9414455097E+00    1.9400986016E+01   -6.4014022522E+01
    9.9963896390E-01   -6.9414455097E+00    1.9400986016E+01   -6.4014022522E+01
    9.9963891389E-01   -6.9414455097E+00    1.9400986016E+01   -6.4014022522E+01
    9.9963886389E-01   -6.9414455097E+00    1.9400986016E+01   -6.4014022522E+01
    9.9963881388E-01   -6.9414455097E+00    1.9400986016E+01   -6.4014022522E+01
    9.9963876388E-01   -6.9414455097E+00    1.9400986016E+01   -6.4014022522E+01
    9.9963871387E-01   -6.9414455097E+00    1.9400986016E+01   -6.4014022522E+01
    9.9963866387E-01   -6.9414455097E+00    1.9400986016E+01   -6.4014022522E+01
    9.9963861386E-01   -6.9414455097E+00    1.9400986016E+01   -6.4014022522E+01
    9.9963856386E-01   -6.9414455097E+00    1.9400986016E+01   -6.4014022522E+01
    9.9963851385E-01   -6.9414455097E+00    1.9400986016E+01   -6.4014022522E+01
    9.9963846385E-01   -6.9414455097E+00    1.9400986016E+01   -6.4014022522E+01
    9.9963841384E-01   -6.9414455097E+00    1.9400986016E+01   -6.4014022522E+01
    9.9963836384E-01   -6.9414455097E+00    1.9400986016E+01   -6.4014022522E+01
    9.9963831383E-01   -6.9414455097E+00    1.9400986016E+01   -6.4014022522E+01
    9.9963826383E-01   -6.9414455097E+00    1.9400986016E+01   -6.4014022522E+01
    9.9963821382E-01   -6.9414455097E+00    1.9400986016E+01   -6.4014022522E+01
    9.9963816382E-01   -6.9414455097E+00    1.9400986016E+01   -6.4014022522E+01
    9.9963811381E-01   -6.9414455097E+00    1.9400986016E+01   -6.4014022522E+01
    9.9963806381E-01   -6.9414455097E+00    1.9400986016E+01   -6.4014022522E+01
    9.9963801380E-01   -6.9414455097E+00    1.9400986016E+01   -6.4014022522E+01
    9.9963796380E-01   -6.9414455097E+00    1.9400986016E+01   -6.4014022522E+01
    9.9963791379E-01   -6.9414455097E+00    1.9400986016E+01   -6.4014022522E+01
    9.9963786379E-01   -6.9414455097E+00    1.9400986016E+01   -6.4014022522E+01
    9.9963781378E-01   -6.9414455097E+00    1.9400986016E+01   -6.4014022522E+01
    9.9963776378E-01   -6.9414455097E+00    1.9400986016E+01   -6.4014022522E+01
    9.9963771377E-01   -6.9414455097E+00    1.9400986016E+01   -6.4014022522E+01
    9.9963766377E-01   -6.9414455097E+00    1.9400986016E+01   -6.4014022522E+01
    9.9963761376E-01   -6.9414455097E+00    1.9400986016E+01   -6.4014022522E+01
    9.9963756376E-01   -6.9414455097E+00    1.9400986016E+01   -6.4014022522E+01
    9.9963751375E-01   -6.9414455097E+00    1.9400986016E+01   -6.4014022522E+01
    9.9963746375E-01   -6.9414455097E+00    1.9400986016E+01   -6.4014022522E+01
    9.9963741374E-01   -6.9414455097E+00    1.9400986016E+01   -6.4014022522E+01
    9.9963736374E-01   -6.9414455097E+00    1.9400986016E+01   -6.4014022522E+01
    9.9963731373E-01   -6.9414455097E+00    1.9400986016E+01   -6.4014022522E+01
    9.9963726373E-01   -6.9414455097E+00    1.9400986016E+01   -6.4014022522E+01
    9.9963721372E-01   -6.9414455097E+00    1.9400986016E+01   -6.4014022522E+01
    9.9963716372E-01   -6.9414455097E+00    1.9400986016E+01   -6.4014022522E+01
    9.9963711371E-01   -6.9414455097E+00    1.9400986016E+01   -6.4014022522E+01
    9.9963706371E-01   -6.9414455097E+00    1.9400986016E+01   -6.4014022522E+01
    9.9963701370E-01   -6.9414455097E+00    1.9400986016E+01   -6.4014022522E+01
    9.9963696370E-01   -6.9414455097E+00    1.9400986016E+01   -6.4014022522E+01
    9.9963691369E-01   -6.9414455097E+00    1.9400986016E+01   -6.4014022522E+01
    9.9963686369E-01   -6.9414455097E+00    1.9400986016E+01   -6.4014022522E+01
    9.9963681368E-01   -6.9414455097E+00    1.9400986016E+01   -6.4014022522E+01
    9.9963676368E-01   -6.9414455097E+00    1.9400986016E+01   -6.4014022522E+01
    9.9963671367E-01   -6.9414455097E+00    1.9400986016E+01   -6.4014022522E+01
    9.9963666367E-01   -6.9414455097E+00    1.9400986016E+01   -6.4014022522E+01
    9.9963661366E-01   -6.9414455097E+00    1.9400986016E+01   -6.4014022522E+01
    9.9963656366E-01   -6.9414455097E+00    1.9400986016E+01   -6.4014022522E+01
    9.9963651365E-01   -6.9414455097E+00    1.9400986016E+01   -6.4014022522E+01
    9.9963646365E-01   -6.9414455097E+00    1.9400986016E+01   -6.4014022522E+01
    9.9963641364E-01   -6.9414455097E+00    1.9400986016E+01   -6.4014022522E+01
    9.9963636364E-01   -6.9414455097E+00    1.9400986016E+01   -6.4014022522E+01
    9.9963631363E-01   -6.9414455097E+00    1.9400986016E+01   -6.4014022522E+01
    9.9963626363E-01   -6.9414455097E+00    1.9400986016E+01   -6.4014022522E+01
    9.9963621362E-01   -6.9414455097E+00    1.9400986016E+01   -6.4014022522E+01
    9.9963616362E-01   -6.9414455097E+00    1.9400986016E+01   -6.4014022522E+01
    9.9963611361E-01   -6.9414455097E+00    1.9400986016E+01   -6.4014022522E+01
    9.9963606361E-01   -6.9414455097E+00    1.9400986016E+01   -6.4014022522E+01
    9.9963601360E-01   -6.9414455097E+00    1.9400986016E+01   -6.4014022522E+01
    9.9963596360E-01   -6.9414455097E+00    1.9400986016E+01   -6.4014022522E+01
    9.9963591359E-01   -6.9414455097E+00    1.9400986016E+01   -6.4014022522E+01
    9.9963586359E-01   -6.9414455097E+00    1.9400986016E+01   -6.4014022522E+01
    9.9963581358E-01   -6.9414455097E+00    1.9400986016E+01   -6.4014022522E+01
    9.9963576358E-01   -6.9414455097E+00    1.9400986016E+01   -6.4014022522E+01
    9.9963571357E-01   -6.9414455097E+00    1.9400986016E+01   -6.4014022522E+01
    9.9963566357E-01   -6.9414455097E+00    1.9400986016E+01   -6.4014022522E+01
    9.9963561356E-01   -6.9414455097E+00    1.9400986016E+01   -6.4014022522E+01
    9.9963556356E-01   -6.9414455097E+00    1.9400986016E+01   -6.4014022522E+01
    9.9963551355E-01   -6.9414455097E+00    1.9400986016E+01   -6.4014022522E+01
    9.9963546355E-01   -6.9414455097E+00    1.9400986016E+01   -6.4014022522E+01
    9.9963541354E-01   -6.9414455097E+00    1.9400986016E+01   -6.4014022522E+01
    9.9963536354E-01   -6.9414455097E+00    1.9400986016E+01   -6.4014022522E+01
    9.9963531353E-01   -6.9414455097E+00    1.9400986016E+01   -6.4014022522E+01
    9.9963526353E-01   -6.9414455097E+00    1.9400986016E+01   -6.4014022522E+01
    9.9963521352E-01   -6.9414455097E+00    1.9400986016E+01   -6.4014022522E+01
    9.9963516352E-01   -6.9414455097E+00    1.9400986016E+01   -6.4014022522E+01
    9.9963511351E-01   -6.9414455097E+00    1.9400986016E+01   -6.4014022522E+01
    9.9963506351E-01   -6.9414455097E+00    1.9400986016E+01   -6.4014022522E+01
    9.9963501350E-01   -6.9414455097E+00    1.9400986016E+01   -6.4014022522E+01
    9.9963496350E-01   -6.9414455097E+00    1.9400986016E+01   -6.4014022522E+01
    9.9963491349E-01   -6.9414455097E+00    1.9400986016E+01   -6.4014022522E+01
    9.9963486349E-01   -6.9414455097E+00    1.9400986016E+01   -6.4014022522E+01
    9.9963481348E-01   -6.9414455097E+00    1.9400986016E+01   -6.4014022522E+01
    9.9963476348E-01   -6.9414455097E+00    1.9400986016E+01   -6.4014022522E+01
    9.9963471347E-01   -6.9414455097E+00    1.9400986016E+01   -6.4014022522E+01
    9.9963466347E-01   -6.9414455097E+00    1.9400986016E+01   -6.4014022522E+01
    9.9963461346E-01   -6.9414455097E+00    1.9400986016E+01   -6.4014022522E+01
    9.9963456346E-01   -6.9414455097E+00    1.9400986016E+01   -6.4014022522E+01
    9.9963451345E-01   -6.9414455097E+00    1.9400986016E+01   -6.4014022522E+01
    9.9963446345E-01   -6.9414455097E+00    1.9400986016E+01   -6.4014022522E+01
    9.9963441344E-01   -6.9414455097E+00    1.9400986016E+01   -6.4014022522E+01
    9.9963436344E-01   -6.9414455097E+00    1.9400986016E+01   -6.4014022522E+01
    9.9963431343E-01   -6.9414455097E+00    1.9400986016E+01   -6.4014022522E+01
    9.9963426343E-01   -6.9414455097E+00    1.9400986016E+01   -6.4014022522E+01
    9.9963421342E-01   -6.9414455097E+00    1.9400986016E+01   -6.4014022522E+01
    9.9963416342E-01   -6.9414455097E+00    1.9400986016E+01   -6.4014022522E+01
    9.9963411341E-01   -6.9414455097E+00    1.9400986016E+01   -6.4014022522E+01
    9.9963406341E-01   -6.9414455097E+00    1.9400986016E+01   -6.4014022522E+01
    9.9963401340E-01   -6.9414455097E+00    1.9400986016E+01   -6.4014022522E+01
    9.9963396340E-01   -6.9414455097E+00    1.9400986016E+01   -6.4014022522E+01
    9.9963391339E-01   -6.9414455097E+00    1.9400986016E+01   -6.4014022522E+01
    9.9963386339E-01   -6.9414455097E+00    1.9400986016E+01   -6.4014022522E+01
    9.9963381338E-01   -6.9414455097E+00    1.9400986016E+01   -6.4014022522E+01
    9.9963376338E-01   -6.9414455097E+00    1.9400986016E+01   -6.4014022522E+01
    9.9963371337E-01   -6.9414455097E+00    1.9400986016E+01   -6.4014022522E+01
    9.9963366337E-01   -6.9414455097E+00    1.9400986016E+01   -6.4014022522E+01
    9.9963361336E-01   -6.9414455097E+00    1.9400986016E+01   -6.4014022522E+01
    9.9963356336E-01   -6.9414455097E+00    1.9400986016E+01   -6.4014022522E+01
    9.9963351335E-01   -6.9414455097E+00    1.9400986016E+01   -6.4014022522E+01
    9.9963346335E-01   -6.9414455097E+00    1.9400986016E+01   -6.4014022522E+01
    9.9963341334E-01   -6.9414455097E+00    1.9400986016E+01   -6.4014022522E+01
    9.9963336334E-01   -6.9414455097E+00    1.9400986016E+01   -6.4014022522E+01
    9.9963331333E-01   -6.9414455097E+00    1.9400986016E+01   -6.4014022522E+01
    9.9963326333E-01   -6.9414455097E+00    1.9400986016E+01   -6.4014022522E+01
    9.9963321332E-01   -6.9414455097E+00    1.9400986016E+01   -6.4014022522E+01
    9.9963316332E-01   -6.9414455097E+00    1.9400986016E+01   -6.4014022522E+01
    9.9963311331E-01   -6.9414455097E+00    1.9400986016E+01   -6.4014022522E+01
    9.9963306331E-01   -6.9414455097E+00    1.9400986016E+01   -6.4014022522E+01
    9.9963301330E-01   -6.9414455097E+00    1.9400986016E+01   -6.4014022522E+01
    9.9963296330E-01   -6.9414455097E+00    1.9400986016E+01   -6.4014022522E+01
    9.9963291329E-01   -6.9414455097E+00    1.9400986016E+01   -6.4014022522E+01
    9.9963286329E-01   -6.9414455097E+00    1.9400986016E+01   -6.4014022522E+01
    9.9963281328E-01   -6.9414455097E+00    1.9400986016E+01   -6.4014022522E+01
    9.9963276328E-01   -6.9414455097E+00    1.9400986016E+01   -6.4014022522E+01
    9.9963271327E-01   -6.9414455097E+00    1.9400986016E+01   -6.4014022522E+01
    9.9963266327E-01   -6.9414455097E+00    1.9400986016E+01   -6.4014022522E+01
    9.9963261326E-01   -6.9414455097E+00    1.9400986016E+01   -6.4014022522E+01
    9.9963256326E-01   -6.9414455097E+00    1.9400986016E+01   -6.4014022522E+01
    9.9963251325E-01   -6.9414455097E+00    1.9400986016E+01   -6.4014022522E+01
    9.9963246325E-01   -6.9414455097E+00    1.9400986016E+01   -6.4014022522E+01
    9.9963241324E-01   -6.9414455097E+00    1.9400986016E+01   -6.4014022522E+01
    9.9963236324E-01   -6.9414455097E+00    1.9400986016E+01   -6.4014022522E+01
    9.9963231323E-01   -6.9414455097E+00    1.9400986016E+01   -6.4014022522E+01
    9.9963226323E-01   -6.9414455097E+00    1.9400986016E+01   -6.4014022522E+01
    9.9963221322E-01   -6.9414455097E+00    1.9400986016E+01   -6.4014022522E+01
    9.9963216322E-01   -6.9414455097E+00    1.9400986016E+01   -6.4014022522E+01
    9.9963211321E-01   -6.9414455097E+00    1.9400986016E+01   -6.4014022522E+01
    9.9963206321E-01   -6.9414455097E+00    1.9400986016E+01   -6.4014022522E+01
    9.9963201320E-01   -6.9414455097E+00    1.9400986016E+01   -6.4014022522E+01
    9.9963196320E-01   -6.9414455097E+00    1.9400986016E+01   -6.4014022522E+01
    9.9963191319E-01   -6.9414455097E+00    1.9400986016E+01   -6.4014022522E+01
    9.9963186319E-01   -6.9414455097E+00    1.9400986016E+01   -6.4014022522E+01
    9.9963181318E-01   -6.9414455097E+00    1.9400986016E+01   -6.4014022522E+01
    9.9963176318E-01   -6.9414455097E+00    1.9400986016E+01   -6.4014022522E+01
    9.9963171317E-01   -6.9414455097E+00    1.9400986016E+01   -6.4014022522E+01
    9.9963166317E-01   -6.9414455097E+00    1.9400986016E+01   -6.4014022522E+01
    9.9963161316E-01   -6.9414455097E+00    1.9400986016E+01   -6.4014022522E+01
    9.9963156316E-01   -6.9414455097E+00    1.9400986016E+01   -6.4014022522E+01
    9.9963151315E-01   -6.9414455097E+00    1.9400986016E+01   -6.4014022522E+01
    9.9963146315E-01   -6.9414455097E+00    1.9400986016E+01   -6.4014022522E+01
    9.9963141314E-01   -6.9414455097E+00    1.9400986016E+01   -6.4014022522E+01
    9.9963136314E-01   -6.9414455097E+00    1.9400986016E+01   -6.4014022522E+01
    9.9963131313E-01   -6.9414455097E+00    1.9400986016E+01   -6.4014022522E+01
    9.9963126313E-01   -6.9414455097E+00    1.9400986016E+01   -6.4014022522E+01
    9.9963121312E-01   -6.9414455097E+00    1.9400986016E+01   -6.4014022522E+01
    9.9963116312E-01   -6.9414455097E+00    1.9400986016E+01   -6.4014022522E+01
    9.9963111311E-01   -6.9414455097E+00    1.9400986016E+01   -6.4014022522E+01
    9.9963106311E-01   -6.9414455097E+00    1.9400986016E+01   -6.4014022522E+01
    9.9963101310E-01   -6.9414455097E+00    1.9400986016E+01   -6.4014022522E+01
    9.9963096310E-01   -6.9414455097E+00    1.9400986016E+01   -6.4014022522E+01
    9.9963091309E-01   -6.9414455097E+00    1.9400986016E+01   -6.4014022522E+01
    9.9963086309E-01   -6.9414455097E+00    1.9400986016E+01   -6.4014022522E+01
    9.9963081308E-01   -6.9414455097E+00    1.9400986016E+01   -6.4014022522E+01
    9.9963076308E-01   -6.9414455097E+00    1.9400986016E+01   -6.4014022522E+01
    9.9963071307E-01   -6.9414455097E+00    1.9400986016E+01   -6.4014022522E+01
    9.9963066307E-01   -6.9414455097E+00    1.9400986016E+01   -6.4014022522E+01
    9.9963061306E-01   -6.9414455097E+00    1.9400986016E+01   -6.4014022522E+01
    9.9963056306E-01   -6.9414455097E+00    1.9400986016E+01   -6.4014022522E+01
    9.9963051305E-01   -6.9414455097E+00    1.9400986016E+01   -6.4014022522E+01
    9.9963046305E-01   -6.9414455097E+00    1.9400986016E+01   -6.4014022522E+01
    9.9963041304E-01   -6.9414455097E+00    1.9400986016E+01   -6.4014022522E+01
    9.9963036304E-01   -6.9414455097E+00    1.9400986016E+01   -6.4014022522E+01
    9.9963031303E-01   -6.9414455097E+00    1.9400986016E+01   -6.4014022522E+01
    9.9963026303E-01   -6.9414455097E+00    1.9400986016E+01   -6.4014022522E+01
    9.9963021302E-01   -6.9414455097E+00    1.9400986016E+01   -6.4014022522E+01
    9.9963016302E-01   -6.9414455097E+00    1.9400986016E+01   -6.4014022522E+01
    9.9963011301E-01   -6.9414455097E+00    1.9400986016E+01   -6.4014022522E+01
    9.9963006301E-01   -6.9414455097E+00    1.9400986016E+01   -6.4014022522E+01
    9.9963001300E-01   -6.9414455097E+00    1.9400986016E+01   -6.4014022522E+01
    9.9962996300E-01   -6.9414455097E+00    1.9400986016E+01   -6.4014022522E+01
    9.9962991299E-01   -6.9414455097E+00    1.9400986016E+01   -6.4014022522E+01
    9.9962986299E-01   -6.9414455097E+00    1.9400986016E+01   -6.4014022522E+01
    9.9962981298E-01   -6.9414455097E+00    1.9400986016E+01   -6.4014022522E+01
    9.9962976298E-01   -6.9414455097E+00    1.9400986016E+01   -6.4014022522E+01
    9.9962971297E-01   -6.9414455097E+00    1.9400986016E+01   -6.4014022522E+01
    9.9962966297E-01   -6.9414455097E+00    1.9400986016E+01   -6.4014022522E+01
    9.9962961296E-01   -6.9414455097E+00    1.9400986016E+01   -6.4014022522E+01
    9.9962956296E-01   -6.9414455097E+00    1.9400986016E+01   -6.4014022522E+01
    9.9962951295E-01   -6.9414455097E+00    1.9400986016E+01   -6.4014022522E+01
    9.9962946295E-01   -6.9414455097E+00    1.9400986016E+01   -6.4014022522E+01
    9.9962941294E-01   -6.9414455097E+00    1.9400986016E+01   -6.4014022522E+01
    9.9962936294E-01   -6.9414455097E+00    1.9400986016E+01   -6.4014022522E+01
    9.9962931293E-01   -6.9414455097E+00    1.9400986016E+01   -6.4014022522E+01
    9.9962926293E-01   -6.9414455097E+00    1.9400986016E+01   -6.4014022522E+01
    9.9962921292E-01   -6.9414455097E+00    1.9400986016E+01   -6.4014022522E+01
    9.9962916292E-01   -6.9414455097E+00    1.9400986016E+01   -6.4014022522E+01
    9.9962911291E-01   -6.9414455097E+00    1.9400986016E+01   -6.4014022522E+01
    9.9962906291E-01   -6.9414455097E+00    1.9400986016E+01   -6.4014022522E+01
    9.9962901290E-01   -6.9414455097E+00    1.9400986016E+01   -6.4014022522E+01
    9.9962896290E-01   -6.9414455097E+00    1.9400986016E+01   -6.4014022522E+01
    9.9962891289E-01   -6.9414455097E+00    1.9400986016E+01   -6.4014022522E+01
    9.9962886289E-01   -6.9414455097E+00    1.9400986016E+01   -6.4014022522E+01
    9.9962881288E-01   -6.9414455097E+00    1.9400986016E+01   -6.4014022522E+01
    9.9962876288E-01   -6.9414455097E+00    1.9400986016E+01   -6.4014022522E+01
    9.9962871287E-01   -6.9414455097E+00    1.9400986016E+01   -6.4014022522E+01
    9.9962866287E-01   -6.9414455097E+00    1.9400986016E+01   -6.4014022522E+01
    9.9962861286E-01   -6.9414455097E+00    1.9400986016E+01   -6.4014022522E+01
    9.9962856286E-01   -6.9414455097E+00    1.9400986016E+01   -6.4014022522E+01
    9.9962851285E-01   -6.9414455097E+00    1.9400986016E+01   -6.4014022522E+01
    9.9962846285E-01   -6.9414455097E+00    1.9400986016E+01   -6.4014022522E+01
    9.9962841284E-01   -6.9414455097E+00    1.9400986016E+01   -6.4014022522E+01
    9.9962836284E-01   -6.9414455097E+00    1.9400986016E+01   -6.4014022522E+01
    9.9962831283E-01   -6.9414455097E+00    1.9400986016E+01   -6.4014022522E+01
    9.9962826283E-01   -6.9414455097E+00    1.9400986016E+01   -6.4014022522E+01
    9.9962821282E-01   -6.9414455097E+00    1.9400986016E+01   -6.4014022522E+01
    9.9962816282E-01   -6.9414455097E+00    1.9400986016E+01   -6.4014022522E+01
    9.9962811281E-01   -6.9414455097E+00    1.9400986016E+01   -6.4014022522E+01
    9.9962806281E-01   -6.9414455097E+00    1.9400986016E+01   -6.4014022522E+01
    9.9962801280E-01   -6.9414455097E+00    1.9400986016E+01   -6.4014022522E+01
    9.9962796280E-01   -6.9414455097E+00    1.9400986016E+01   -6.4014022522E+01
    9.9962791279E-01   -6.9414455097E+00    1.9400986016E+01   -6.4014022522E+01
    9.9962786279E-01   -6.9414455097E+00    1.9400986016E+01   -6.4014022522E+01
    9.9962781278E-01   -6.9414455097E+00    1.9400986016E+01   -6.4014022522E+01
    9.9962776278E-01   -6.9414455097E+00    1.9400986016E+01   -6.4014022522E+01
    9.9962771277E-01   -6.9414455097E+00    1.9400986016E+01   -6.4014022522E+01
    9.9962766277E-01   -6.9414455097E+00    1.9400986016E+01   -6.4014022522E+01
    9.9962761276E-01   -6.9414455097E+00    1.9400986016E+01   -6.4014022522E+01
    9.9962756276E-01   -6.9414455097E+00    1.9400986016E+01   -6.4014022522E+01
    9.9962751275E-01   -6.9414455097E+00    1.9400986016E+01   -6.4014022522E+01
    9.9962746275E-01   -6.9414455097E+00    1.9400986016E+01   -6.4014022522E+01
    9.9962741274E-01   -6.9414455097E+00    1.9400986016E+01   -6.4014022522E+01
    9.9962736274E-01   -6.9414455097E+00    1.9400986016E+01   -6.4014022522E+01
    9.9962731273E-01   -6.9414455097E+00    1.9400986016E+01   -6.4014022522E+01
    9.9962726273E-01   -6.9414455097E+00    1.9400986016E+01   -6.4014022522E+01
    9.9962721272E-01   -6.9414455097E+00    1.9400986016E+01   -6.4014022522E+01
    9.9962716272E-01   -6.9414455097E+00    1.9400986016E+01   -6.4014022522E+01
    9.9962711271E-01   -6.9414455097E+00    1.9400986016E+01   -6.4014022522E+01
    9.9962706271E-01   -6.9414455097E+00    1.9400986016E+01   -6.4014022522E+01
    9.9962701270E-01   -6.9414455097E+00    1.9400986016E+01   -6.4014022522E+01
    9.9962696270E-01   -6.9414455097E+00    1.9400986016E+01   -6.4014022522E+01
    9.9962691269E-01   -6.9414455097E+00    1.9400986016E+01   -6.4014022522E+01
    9.9962686269E-01   -6.9414455097E+00    1.9400986016E+01   -6.4014022522E+01
    9.9962681268E-01   -6.9414455097E+00    1.9400986016E+01   -6.4014022522E+01
    9.9962676268E-01   -6.9414455097E+00    1.9400986016E+01   -6.4014022522E+01
    9.9962671267E-01   -6.9414455097E+00    1.9400986016E+01   -6.4014022522E+01
    9.9962666267E-01   -6.9414455097E+00    1.9400986016E+01   -6.4014022522E+01
    9.9962661266E-01   -6.9414455097E+00    1.9400986016E+01   -6.4014022522E+01
    9.9962656266E-01   -6.9414455097E+00    1.9400986016E+01   -6.4014022522E+01
    9.9962651265E-01   -6.9414455097E+00    1.9400986016E+01   -6.4014022522E+01
    9.9962646265E-01   -6.9414455097E+00    1.9400986016E+01   -6.4014022522E+01
    9.9962641264E-01   -6.9414455097E+00    1.9400986016E+01   -6.4014022522E+01
    9.9962636264E-01   -6.9414455097E+00    1.9400986016E+01   -6.4014022522E+01
    9.9962631263E-01   -6.9414455097E+00    1.9400986016E+01   -6.4014022522E+01
    9.9962626263E-01   -6.9414455097E+00    1.9400986016E+01   -6.4014022522E+01
    9.9962621262E-01   -6.9414455097E+00    1.9400986016E+01   -6.4014022522E+01
    9.9962616262E-01   -6.9414455097E+00    1.9400986016E+01   -6.4014022522E+01
    9.9962611261E-01   -6.9414455097E+00    1.9400986016E+01   -6.4014022522E+01
    9.9962606261E-01   -6.9414455097E+00    1.9400986016E+01   -6.4014022522E+01
    9.9962601260E-01   -6.9414455097E+00    1.9400986016E+01   -6.4014022522E+01
    9.9962596260E-01   -6.9414455097E+00    1.9400986016E+01   -6.4014022522E+01
    9.9962591259E-01   -6.9414455097E+00    1.9400986016E+01   -6.4014022522E+01
    9.9962586259E-01   -6.9414455097E+00    1.9400986016E+01   -6.4014022522E+01
    9.9962581258E-01   -6.9414455097E+00    1.9400986016E+01   -6.4014022522E+01
    9.9962576258E-01   -6.9414455097E+00    1.9400986016E+01   -6.4014022522E+01
    9.9962571257E-01   -6.9414455097E+00    1.9400986016E+01   -6.4014022522E+01
    9.9962566257E-01   -6.9414455097E+00    1.9400986016E+01   -6.4014022522E+01
    9.9962561256E-01   -6.9414455097E+00    1.9400986016E+01   -6.4014022522E+01
    9.9962556256E-01   -6.9414455097E+00    1.9400986016E+01   -6.4014022522E+01
    9.9962551255E-01   -6.9414455097E+00    1.9400986016E+01   -6.4014022522E+01
    9.9962546255E-01   -6.9414455097E+00    1.9400986016E+01   -6.4014022522E+01
    9.9962541254E-01   -6.9414455097E+00    1.9400986016E+01   -6.4014022522E+01
    9.9962536254E-01   -6.9414455097E+00    1.9400986016E+01   -6.4014022522E+01
    9.9962531253E-01   -6.9414455097E+00    1.9400986016E+01   -6.4014022522E+01
    9.9962526253E-01   -6.9414455097E+00    1.9400986016E+01   -6.4014022522E+01
    9.9962521252E-01   -6.9414455097E+00    1.9400986016E+01   -6.4014022522E+01
    9.9962516252E-01   -6.9414455097E+00    1.9400986016E+01   -6.4014022522E+01
    9.9962511251E-01   -6.9414455097E+00    1.9400986016E+01   -6.4014022522E+01
    9.9962506251E-01   -6.9414455097E+00    1.9400986016E+01   -6.4014022522E+01
    9.9962501250E-01   -6.9414455097E+00    1.9400986016E+01   -6.4014022522E+01
    9.9962496250E-01   -6.9414455097E+00    1.9400986016E+01   -6.4014022522E+01
    9.9962491249E-01   -6.9414455097E+00    1.9400986016E+01   -6.4014022522E+01
    9.9962486249E-01   -6.9414455097E+00    1.9400986016E+01   -6.4014022522E+01
    9.9962481248E-01   -6.9414455097E+00    1.9400986016E+01   -6.4014022522E+01
    9.9962476248E-01   -6.9414455097E+00    1.9400986016E+01   -6.4014022522E+01
    9.9962471247E-01   -6.9414455097E+00    1.9400986016E+01   -6.4014022522E+01
    9.9962466247E-01   -6.9414455097E+00    1.9400986016E+01   -6.4014022522E+01
    9.9962461246E-01   -6.9414455097E+00    1.9400986016E+01   -6.4014022522E+01
    9.9962456246E-01   -6.9414455097E+00    1.9400986016E+01   -6.4014022522E+01
    9.9962451245E-01   -6.9414455097E+00    1.9400986016E+01   -6.4014022522E+01
    9.9962446245E-01   -6.9414455097E+00    1.9400986016E+01   -6.4014022522E+01
    9.9962441244E-01   -6.9414455097E+00    1.9400986016E+01   -6.4014022522E+01
    9.9962436244E-01   -6.9414455097E+00    1.9400986016E+01   -6.4014022522E+01
    9.9962431243E-01   -6.9414455097E+00    1.9400986016E+01   -6.4014022522E+01
    9.9962426243E-01   -6.9414455097E+00    1.9400986016E+01   -6.4014022522E+01
    9.9962421242E-01   -6.9414455097E+00    1.9400986016E+01   -6.4014022522E+01
    9.9962416242E-01   -6.9414455097E+00    1.9400986016E+01   -6.4014022522E+01
    9.9962411241E-01   -6.9414455097E+00    1.9400986016E+01   -6.4014022522E+01
    9.9962406241E-01   -6.9414455097E+00    1.9400986016E+01   -6.4014022522E+01
    9.9962401240E-01   -6.9414455097E+00    1.9400986016E+01   -6.4014022522E+01
    9.9962396240E-01   -6.9414455097E+00    1.9400986016E+01   -6.4014022522E+01
    9.9962391239E-01   -6.9414455097E+00    1.9400986016E+01   -6.4014022522E+01
    9.9962386239E-01   -6.9414455097E+00    1.9400986016E+01   -6.4014022522E+01
    9.9962381238E-01   -6.9414455097E+00    1.9400986016E+01   -6.4014022522E+01
    9.9962376238E-01   -6.9414455097E+00    1.9400986016E+01   -6.4014022522E+01
    9.9962371237E-01   -6.9414455097E+00    1.9400986016E+01   -6.4014022522E+01
    9.9962366237E-01   -6.9414455097E+00    1.9400986016E+01   -6.4014022522E+01
    9.9962361236E-01   -6.9414455097E+00    1.9400986016E+01   -6.4014022522E+01
    9.9962356236E-01   -6.9414455097E+00    1.9400986016E+01   -6.4014022522E+01
    9.9962351235E-01   -6.9414455097E+00    1.9400986016E+01   -6.4014022522E+01
    9.9962346235E-01   -6.9414455097E+00    1.9400986016E+01   -6.4014022522E+01
    9.9962341234E-01   -6.9414455097E+00    1.9400986016E+01   -6.4014022522E+01
    9.9962336234E-01   -6.9414455097E+00    1.9400986016E+01   -6.4014022522E+01
    9.9962331233E-01   -6.9414455097E+00    1.9400986016E+01   -6.4014022522E+01
    9.9962326233E-01   -6.9414455097E+00    1.9400986016E+01   -6.4014022522E+01
    9.9962321232E-01   -6.9414455097E+00    1.9400986016E+01   -6.4014022522E+01
    9.9962316232E-01   -6.9414455097E+00    1.9400986016E+01   -6.4014022522E+01
    9.9962311231E-01   -6.9414455097E+00    1.9400986016E+01   -6.4014022522E+01
    9.9962306231E-01   -6.9414455097E+00    1.9400986016E+01   -6.4014022522E+01
    9.9962301230E-01   -6.9414455097E+00    1.9400986016E+01   -6.4014022522E+01
    9.9962296230E-01   -6.9414455097E+00    1.9400986016E+01   -6.4014022522E+01
    9.9962291229E-01   -6.9414455097E+00    1.9400986016E+01   -6.4014022522E+01
    9.9962286229E-01   -6.9414455097E+00    1.9400986016E+01   -6.4014022522E+01
    9.9962281228E-01   -6.9414455097E+00    1.9400986016E+01   -6.4014022522E+01
    9.9962276228E-01   -6.9414455097E+00    1.9400986016E+01   -6.4014022522E+01
    9.9962271227E-01   -6.9414455097E+00    1.9400986016E+01   -6.4014022522E+01
    9.9962266227E-01   -6.9414455097E+00    1.9400986016E+01   -6.4014022522E+01
    9.9962261226E-01   -6.9414455097E+00    1.9400986016E+01   -6.4014022522E+01
    9.9962256226E-01   -6.9414455097E+00    1.9400986016E+01   -6.4014022522E+01
    9.9962251225E-01   -6.9414455097E+00    1.9400986016E+01   -6.4014022522E+01
    9.9962246225E-01   -6.9414455097E+00    1.9400986016E+01   -6.4014022522E+01
    9.9962241224E-01   -6.9414455097E+00    1.9400986016E+01   -6.4014022522E+01
    9.9962236224E-01   -6.9414455097E+00    1.9400986016E+01   -6.4014022522E+01
    9.9962231223E-01   -6.9414455097E+00    1.9400986016E+01   -6.4014022522E+01
    9.9962226223E-01   -6.9414455097E+00    1.9400986016E+01   -6.4014022522E+01
    9.9962221222E-01   -6.9414455097E+00    1.9400986016E+01   -6.4014022522E+01
    9.9962216222E-01   -6.9414455097E+00    1.9400986016E+01   -6.4014022522E+01
    9.9962211221E-01   -6.9414455097E+00    1.9400986016E+01   -6.4014022522E+01
    9.9962206221E-01   -6.9414455097E+00    1.9400986016E+01   -6.4014022522E+01
    9.9962201220E-01   -6.9414455097E+00    1.9400986016E+01   -6.4014022522E+01
    9.9962196220E-01   -6.9414455097E+00    1.9400986016E+01   -6.4014022522E+01
    9.9962191219E-01   -6.9414455097E+00    1.9400986016E+01   -6.4014022522E+01
    9.9962186219E-01   -6.9414455097E+00    1.9400986016E+01   -6.4014022522E+01
    9.9962181218E-01   -6.9414455097E+00    1.9400986016E+01   -6.4014022522E+01
    9.9962176218E-01   -6.9414455097E+00    1.9400986016E+01   -6.4014022522E+01
    9.9962171217E-01   -6.9414455097E+00    1.9400986016E+01   -6.4014022522E+01
    9.9962166217E-01   -6.9414455097E+00    1.9400986016E+01   -6.4014022522E+01
    9.9962161216E-01   -6.9414455097E+00    1.9400986016E+01   -6.4014022522E+01
    9.9962156216E-01   -6.9414455097E+00    1.9400986016E+01   -6.4014022522E+01
    9.9962151215E-01   -6.9414455097E+00    1.9400986016E+01   -6.4014022522E+01
    9.9962146215E-01   -6.9414455097E+00    1.9400986016E+01   -6.4014022522E+01
    9.9962141214E-01   -6.9414455097E+00    1.9400986016E+01   -6.4014022522E+01
    9.9962136214E-01   -6.9414455097E+00    1.9400986016E+01   -6.4014022522E+01
    9.9962131213E-01   -6.9414455097E+00    1.9400986016E+01   -6.4014022522E+01
    9.9962126213E-01   -6.9414455097E+00    1.9400986016E+01   -6.4014022522E+01
    9.9962121212E-01   -6.9414455097E+00    1.9400986016E+01   -6.4014022522E+01
    9.9962116212E-01   -6.9414455097E+00    1.9400986016E+01   -6.4014022522E+01
    9.9962111211E-01   -6.9414455097E+00    1.9400986016E+01   -6.4014022522E+01
    9.9962106211E-01   -6.9414455097E+00    1.9400986016E+01   -6.4014022522E+01
    9.9962101210E-01   -6.9414455097E+00    1.9400986016E+01   -6.4014022522E+01
    9.9962096210E-01   -6.9414455097E+00    1.9400986016E+01   -6.4014022522E+01
    9.9962091209E-01   -6.9414455097E+00    1.9400986016E+01   -6.4014022522E+01
    9.9962086209E-01   -6.9414455097E+00    1.9400986016E+01   -6.4014022522E+01
    9.9962081208E-01   -6.9414455097E+00    1.9400986016E+01   -6.4014022522E+01
    9.9962076208E-01   -6.9414455097E+00    1.9400986016E+01   -6.4014022522E+01
    9.9962071207E-01   -6.9414455097E+00    1.9400986016E+01   -6.4014022522E+01
    9.9962066207E-01   -6.9414455097E+00    1.9400986016E+01   -6.4014022522E+01
    9.9962061206E-01   -6.9414455097E+00    1.9400986016E+01   -6.4014022522E+01
    9.9962056206E-01   -6.9414455097E+00    1.9400986016E+01   -6.4014022522E+01
    9.9962051205E-01   -6.9414455097E+00    1.9400986016E+01   -6.4014022522E+01
    9.9962046205E-01   -6.9414455097E+00    1.9400986016E+01   -6.4014022522E+01
    9.9962041204E-01   -6.9414455097E+00    1.9400986016E+01   -6.4014022522E+01
    9.9962036204E-01   -6.9414455097E+00    1.9400986016E+01   -6.4014022522E+01
    9.9962031203E-01   -6.9414455097E+00    1.9400986016E+01   -6.4014022522E+01
    9.9962026203E-01   -6.9414455097E+00    1.9400986016E+01   -6.4014022522E+01
    9.9962021202E-01   -6.9414455097E+00    1.9400986016E+01   -6.4014022522E+01
    9.9962016202E-01   -6.9414455097E+00    1.9400986016E+01   -6.4014022522E+01
    9.9962011201E-01   -6.9414455097E+00    1.9400986016E+01   -6.4014022522E+01
    9.9962006201E-01   -6.9414455097E+00    1.9400986016E+01   -6.4014022522E+01
    9.9962001200E-01   -6.9414455097E+00    1.9400986016E+01   -6.4014022522E+01
    9.9961996200E-01   -6.9414455097E+00    1.9400986016E+01   -6.4014022522E+01
    9.9961991199E-01   -6.9414455097E+00    1.9400986016E+01   -6.4014022522E+01
    9.9961986199E-01   -6.9414455097E+00    1.9400986016E+01   -6.4014022522E+01
    9.9961981198E-01   -6.9414455097E+00    1.9400986016E+01   -6.4014022522E+01
    9.9961976198E-01   -6.9414455097E+00    1.9400986016E+01   -6.4014022522E+01
    9.9961971197E-01   -6.9414455097E+00    1.9400986016E+01   -6.4014022522E+01
    9.9961966197E-01   -6.9414455097E+00    1.9400986016E+01   -6.4014022522E+01
    9.9961961196E-01   -6.9414455097E+00    1.9400986016E+01   -6.4014022522E+01
    9.9961956196E-01   -6.9414455097E+00    1.9400986016E+01   -6.4014022522E+01
    9.9961951195E-01   -6.9414455097E+00    1.9400986016E+01   -6.4014022522E+01
    9.9961946195E-01   -6.9414455097E+00    1.9400986016E+01   -6.4014022522E+01
    9.9961941194E-01   -6.9414455097E+00    1.9400986016E+01   -6.4014022522E+01
    9.9961936194E-01   -6.9414455097E+00    1.9400986016E+01   -6.4014022522E+01
    9.9961931193E-01   -6.9414455097E+00    1.9400986016E+01   -6.4014022522E+01
    9.9961926193E-01   -6.9414455097E+00    1.9400986016E+01   -6.4014022522E+01
    9.9961921192E-01   -6.9414455097E+00    1.9400986016E+01   -6.4014022522E+01
    9.9961916192E-01   -6.9414455097E+00    1.9400986016E+01   -6.4014022522E+01
    9.9961911191E-01   -6.9414455097E+00    1.9400986016E+01   -6.4014022522E+01
    9.9961906191E-01   -6.9414455097E+00    1.9400986016E+01   -6.4014022522E+01
    9.9961901190E-01   -6.9414455097E+00    1.9400986016E+01   -6.4014022522E+01
    9.9961896190E-01   -6.9414455097E+00    1.9400986016E+01   -6.4014022522E+01
    9.9961891189E-01   -6.9414455097E+00    1.9400986016E+01   -6.4014022522E+01
    9.9961886189E-01   -6.9414455097E+00    1.9400986016E+01   -6.4014022522E+01
    9.9961881188E-01   -6.9414455097E+00    1.9400986016E+01   -6.4014022522E+01
    9.9961876188E-01   -6.9414455097E+00    1.9400986016E+01   -6.4014022522E+01
    9.9961871187E-01   -6.9414455097E+00    1.9400986016E+01   -6.4014022522E+01
    9.9961866187E-01   -6.9414455097E+00    1.9400986016E+01   -6.4014022522E+01
    9.9961861186E-01   -6.9414455097E+00    1.9400986016E+01   -6.4014022522E+01
    9.9961856186E-01   -6.9414455097E+00    1.9400986016E+01   -6.4014022522E+01
    9.9961851185E-01   -6.9414455097E+00    1.9400986016E+01   -6.4014022522E+01
    9.9961846185E-01   -6.9414455097E+00    1.9400986016E+01   -6.4014022522E+01
    9.9961841184E-01   -6.9414455097E+00    1.9400986016E+01   -6.4014022522E+01
    9.9961836184E-01   -6.9414455097E+00    1.9400986016E+01   -6.4014022522E+01
    9.9961831183E-01   -6.9414455097E+00    1.9400986016E+01   -6.4014022522E+01
    9.9961826183E-01   -6.9414455097E+00    1.9400986016E+01   -6.4014022522E+01
    9.9961821182E-01   -6.9414455097E+00    1.9400986016E+01   -6.4014022522E+01
    9.9961816182E-01   -6.9414455097E+00    1.9400986016E+01   -6.4014022522E+01
    9.9961811181E-01   -6.9414455097E+00    1.9400986016E+01   -6.4014022522E+01
    9.9961806181E-01   -6.9414455097E+00    1.9400986016E+01   -6.4014022522E+01
    9.9961801180E-01   -6.9414455097E+00    1.9400986016E+01   -6.4014022522E+01
    9.9961796180E-01   -6.9414455097E+00    1.9400986016E+01   -6.4014022522E+01
    9.9961791179E-01   -6.9414455097E+00    1.9400986016E+01   -6.4014022522E+01
    9.9961786179E-01   -6.9414455097E+00    1.9400986016E+01   -6.4014022522E+01
    9.9961781178E-01   -6.9414455097E+00    1.9400986016E+01   -6.4014022522E+01
    9.9961776178E-01   -6.9414455097E+00    1.9400986016E+01   -6.4014022522E+01
    9.9961771177E-01   -6.9414455097E+00    1.9400986016E+01   -6.4014022522E+01
    9.9961766177E-01   -6.9414455097E+00    1.9400986016E+01   -6.4014022522E+01
    9.9961761176E-01   -6.9414455097E+00    1.9400986016E+01   -6.4014022522E+01
    9.9961756176E-01   -6.9414455097E+00    1.9400986016E+01   -6.4014022522E+01
    9.9961751175E-01   -6.9414455097E+00    1.9400986016E+01   -6.4014022522E+01
    9.9961746175E-01   -6.9414455097E+00    1.9400986016E+01   -6.4014022522E+01
    9.9961741174E-01   -6.9414455097E+00    1.9400986016E+01   -6.4014022522E+01
    9.9961736174E-01   -6.9414455097E+00    1.9400986016E+01   -6.4014022522E+01
    9.9961731173E-01   -6.9414455097E+00    1.9400986016E+01   -6.4014022522E+01
    9.9961726173E-01   -6.9414455097E+00    1.9400986016E+01   -6.4014022522E+01
    9.9961721172E-01   -6.9414455097E+00    1.9400986016E+01   -6.4014022522E+01
    9.9961716172E-01   -6.9414455097E+00    1.9400986016E+01   -6.4014022522E+01
    9.9961711171E-01   -6.9414455097E+00    1.9400986016E+01   -6.4014022522E+01
    9.9961706171E-01   -6.9414455097E+00    1.9400986016E+01   -6.4014022522E+01
    9.9961701170E-01   -6.9414455097E+00    1.9400986016E+01   -6.4014022522E+01
    9.9961696170E-01   -6.9414455097E+00    1.9400986016E+01   -6.4014022522E+01
    9.9961691169E-01   -6.9414455097E+00    1.9400986016E+01   -6.4014022522E+01
    9.9961686169E-01   -6.9414455097E+00    1.9400986016E+01   -6.4014022522E+01
    9.9961681168E-01   -6.9414455097E+00    1.9400986016E+01   -6.4014022522E+01
    9.9961676168E-01   -6.9414455097E+00    1.9400986016E+01   -6.4014022522E+01
    9.9961671167E-01   -6.9414455097E+00    1.9400986016E+01   -6.4014022522E+01
    9.9961666167E-01   -6.9414455097E+00    1.9400986016E+01   -6.4014022522E+01
    9.9961661166E-01   -6.9414455097E+00    1.9400986016E+01   -6.4014022522E+01
    9.9961656166E-01   -6.9414455097E+00    1.9400986016E+01   -6.4014022522E+01
    9.9961651165E-01   -6.9414455097E+00    1.9400986016E+01   -6.4014022522E+01
    9.9961646165E-01   -6.9414455097E+00    1.9400986016E+01   -6.4014022522E+01
    9.9961641164E-01   -6.9414455097E+00    1.9400986016E+01   -6.4014022522E+01
    9.9961636164E-01   -6.9414455097E+00    1.9400986016E+01   -6.4014022522E+01
    9.9961631163E-01   -6.9414455097E+00    1.9400986016E+01   -6.4014022522E+01
    9.9961626163E-01   -6.9414455097E+00    1.9400986016E+01   -6.4014022522E+01
    9.9961621162E-01   -6.9414455097E+00    1.9400986016E+01   -6.4014022522E+01
    9.9961616162E-01   -6.9414455097E+00    1.9400986016E+01   -6.4014022522E+01
    9.9961611161E-01   -6.9414455097E+00    1.9400986016E+01   -6.4014022522E+01
    9.9961606161E-01   -6.9414455097E+00    1.9400986016E+01   -6.4014022522E+01
    9.9961601160E-01   -6.9414455097E+00    1.9400986016E+01   -6.4014022522E+01
    9.9961596160E-01   -6.9414455097E+00    1.9400986016E+01   -6.4014022522E+01
    9.9961591159E-01   -6.9414455097E+00    1.9400986016E+01   -6.4014022522E+01
    9.9961586159E-01   -6.9414455097E+00    1.9400986016E+01   -6.4014022522E+01
    9.9961581158E-01   -6.9414455097E+00    1.9400986016E+01   -6.4014022522E+01
    9.9961576158E-01   -6.9414455097E+00    1.9400986016E+01   -6.4014022522E+01
    9.9961571157E-01   -6.9414455097E+00    1.9400986016E+01   -6.4014022522E+01
    9.9961566157E-01   -6.9414455097E+00    1.9400986016E+01   -6.4014022522E+01
    9.9961561156E-01   -6.9414455097E+00    1.9400986016E+01   -6.4014022522E+01
    9.9961556156E-01   -6.9414455097E+00    1.9400986016E+01   -6.4014022522E+01
    9.9961551155E-01   -6.9414455097E+00    1.9400986016E+01   -6.4014022522E+01
    9.9961546155E-01   -6.9414455097E+00    1.9400986016E+01   -6.4014022522E+01
    9.9961541154E-01   -6.9414455097E+00    1.9400986016E+01   -6.4014022522E+01
    9.9961536154E-01   -6.9414455097E+00    1.9400986016E+01   -6.4014022522E+01
    9.9961531153E-01   -6.9414455097E+00    1.9400986016E+01   -6.4014022522E+01
    9.9961526153E-01   -6.9414455097E+00    1.9400986016E+01   -6.4014022522E+01
    9.9961521152E-01   -6.9414455097E+00    1.9400986016E+01   -6.4014022522E+01
    9.9961516152E-01   -6.9414455097E+00    1.9400986016E+01   -6.4014022522E+01
    9.9961511151E-01   -6.9414455097E+00    1.9400986016E+01   -6.4014022522E+01
    9.9961506151E-01   -6.9414455097E+00    1.9400986016E+01   -6.4014022522E+01
    9.9961501150E-01   -6.9414455097E+00    1.9400986016E+01   -6.4014022522E+01
    9.9961496150E-01   -6.9414455097E+00    1.9400986016E+01   -6.4014022522E+01
    9.9961491149E-01   -6.9414455097E+00    1.9400986016E+01   -6.4014022522E+01
    9.9961486149E-01   -6.9414455097E+00    1.9400986016E+01   -6.4014022522E+01
    9.9961481148E-01   -6.9414455097E+00    1.9400986016E+01   -6.4014022522E+01
    9.9961476148E-01   -6.9414455097E+00    1.9400986016E+01   -6.4014022522E+01
    9.9961471147E-01   -6.9414455097E+00    1.9400986016E+01   -6.4014022522E+01
    9.9961466147E-01   -6.9414455097E+00    1.9400986016E+01   -6.4014022522E+01
    9.9961461146E-01   -6.9414455097E+00    1.9400986016E+01   -6.4014022522E+01
    9.9961456146E-01   -6.9414455097E+00    1.9400986016E+01   -6.4014022522E+01
    9.9961451145E-01   -6.9414455097E+00    1.9400986016E+01   -6.4014022522E+01
    9.9961446145E-01   -6.9414455097E+00    1.9400986016E+01   -6.4014022522E+01
    9.9961441144E-01   -6.9414455097E+00    1.9400986016E+01   -6.4014022522E+01
    9.9961436144E-01   -6.9414455097E+00    1.9400986016E+01   -6.4014022522E+01
    9.9961431143E-01   -6.9414455097E+00    1.9400986016E+01   -6.4014022522E+01
    9.9961426143E-01   -6.9414455097E+00    1.9400986016E+01   -6.4014022522E+01
    9.9961421142E-01   -6.9414455097E+00    1.9400986016E+01   -6.4014022522E+01
    9.9961416142E-01   -6.9414455097E+00    1.9400986016E+01   -6.4014022522E+01
    9.9961411141E-01   -6.9414455097E+00    1.9400986016E+01   -6.4014022522E+01
    9.9961406141E-01   -6.9414455097E+00    1.9400986016E+01   -6.4014022522E+01
    9.9961401140E-01   -6.9414455097E+00    1.9400986016E+01   -6.4014022522E+01
    9.9961396140E-01   -6.9414455097E+00    1.9400986016E+01   -6.4014022522E+01
    9.9961391139E-01   -6.9414455097E+00    1.9400986016E+01   -6.4014022522E+01
    9.9961386139E-01   -6.9414455097E+00    1.9400986016E+01   -6.4014022522E+01
    9.9961381138E-01   -6.9414455097E+00    1.9400986016E+01   -6.4014022522E+01
    9.9961376138E-01   -6.9414455097E+00    1.9400986016E+01   -6.4014022522E+01
    9.9961371137E-01   -6.9414455097E+00    1.9400986016E+01   -6.4014022522E+01
    9.9961366137E-01   -6.9414455097E+00    1.9400986016E+01   -6.4014022522E+01
    9.9961361136E-01   -6.9414455097E+00    1.9400986016E+01   -6.4014022522E+01
    9.9961356136E-01   -6.9414455097E+00    1.9400986016E+01   -6.4014022522E+01
    9.9961351135E-01   -6.9414455097E+00    1.9400986016E+01   -6.4014022522E+01
    9.9961346135E-01   -6.9414455097E+00    1.9400986016E+01   -6.4014022522E+01
    9.9961341134E-01   -6.9414455097E+00    1.9400986016E+01   -6.4014022522E+01
    9.9961336134E-01   -6.9414455097E+00    1.9400986016E+01   -6.4014022522E+01
    9.9961331133E-01   -6.9414455097E+00    1.9400986016E+01   -6.4014022522E+01
    9.9961326133E-01   -6.9414455097E+00    1.9400986016E+01   -6.4014022522E+01
    9.9961321132E-01   -6.9414455097E+00    1.9400986016E+01   -6.4014022522E+01
    9.9961316132E-01   -6.9414455097E+00    1.9400986016E+01   -6.4014022522E+01
    9.9961311131E-01   -6.9414455097E+00    1.9400986016E+01   -6.4014022522E+01
    9.9961306131E-01   -6.9414455097E+00    1.9400986016E+01   -6.4014022522E+01
    9.9961301130E-01   -6.9414455097E+00    1.9400986016E+01   -6.4014022522E+01
    9.9961296130E-01   -6.9414455097E+00    1.9400986016E+01   -6.4014022522E+01
    9.9961291129E-01   -6.9414455097E+00    1.9400986016E+01   -6.4014022522E+01
    9.9961286129E-01   -6.9414455097E+00    1.9400986016E+01   -6.4014022522E+01
    9.9961281128E-01   -6.9414455097E+00    1.9400986016E+01   -6.4014022522E+01
    9.9961276128E-01   -6.9414455097E+00    1.9400986016E+01   -6.4014022522E+01
    9.9961271127E-01   -6.9414455097E+00    1.9400986016E+01   -6.4014022522E+01
    9.9961266127E-01   -6.9414455097E+00    1.9400986016E+01   -6.4014022522E+01
    9.9961261126E-01   -6.9414455097E+00    1.9400986016E+01   -6.4014022522E+01
    9.9961256126E-01   -6.9414455097E+00    1.9400986016E+01   -6.4014022522E+01
    9.9961251125E-01   -6.9414455097E+00    1.9400986016E+01   -6.4014022522E+01
    9.9961246125E-01   -6.9414455097E+00    1.9400986016E+01   -6.4014022522E+01
    9.9961241124E-01   -6.9414455097E+00    1.9400986016E+01   -6.4014022522E+01
    9.9961236124E-01   -6.9414455097E+00    1.9400986016E+01   -6.4014022522E+01
    9.9961231123E-01   -6.9414455097E+00    1.9400986016E+01   -6.4014022522E+01
    9.9961226123E-01   -6.9414455097E+00    1.9400986016E+01   -6.4014022522E+01
    9.9961221122E-01   -6.9414455097E+00    1.9400986016E+01   -6.4014022522E+01
    9.9961216122E-01   -6.9414455097E+00    1.9400986016E+01   -6.4014022522E+01
    9.9961211121E-01   -6.9414455097E+00    1.9400986016E+01   -6.4014022522E+01
    9.9961206121E-01   -6.9414455097E+00    1.9400986016E+01   -6.4014022522E+01
    9.9961201120E-01   -6.9414455097E+00    1.9400986016E+01   -6.4014022522E+01
    9.9961196120E-01   -6.9414455097E+00    1.9400986016E+01   -6.4014022522E+01
    9.9961191119E-01   -6.9414455097E+00    1.9400986016E+01   -6.4014022522E+01
    9.9961186119E-01   -6.9414455097E+00    1.9400986016E+01   -6.4014022522E+01
    9.9961181118E-01   -6.9414455097E+00    1.9400986016E+01   -6.4014022522E+01
    9.9961176118E-01   -6.9414455097E+00    1.9400986016E+01   -6.4014022522E+01
    9.9961171117E-01   -6.9414455097E+00    1.9400986016E+01   -6.4014022522E+01
    9.9961166117E-01   -6.9414455097E+00    1.9400986016E+01   -6.4014022522E+01
    9.9961161116E-01   -6.9414455097E+00    1.9400986016E+01   -6.4014022522E+01
    9.9961156116E-01   -6.9414455097E+00    1.9400986016E+01   -6.4014022522E+01
    9.9961151115E-01   -6.9414455097E+00    1.9400986016E+01   -6.4014022522E+01
    9.9961146115E-01   -6.9414455097E+00    1.9400986016E+01   -6.4014022522E+01
    9.9961141114E-01   -6.9414455097E+00    1.9400986016E+01   -6.4014022522E+01
    9.9961136114E-01   -6.9414455097E+00    1.9400986016E+01   -6.4014022522E+01
    9.9961131113E-01   -6.9414455097E+00    1.9400986016E+01   -6.4014022522E+01
    9.9961126113E-01   -6.9414455097E+00    1.9400986016E+01   -6.4014022522E+01
    9.9961121112E-01   -6.9414455097E+00    1.9400986016E+01   -6.4014022522E+01
    9.9961116112E-01   -6.9414455097E+00    1.9400986016E+01   -6.4014022522E+01
    9.9961111111E-01   -6.9414455097E+00    1.9400986016E+01   -6.4014022522E+01
    9.9961106111E-01   -6.9414455097E+00    1.9400986016E+01   -6.4014022522E+01
    9.9961101110E-01   -6.9414455097E+00    1.9400986016E+01   -6.4014022522E+01
    9.9961096110E-01   -6.9414455097E+00    1.9400986016E+01   -6.4014022522E+01
    9.9961091109E-01   -6.9414455097E+00    1.9400986016E+01   -6.4014022522E+01
    9.9961086109E-01   -6.9414455097E+00    1.9400986016E+01   -6.4014022522E+01
    9.9961081108E-01   -6.9414455097E+00    1.9400986016E+01   -6.4014022522E+01
    9.9961076108E-01   -6.9414455097E+00    1.9400986016E+01   -6.4014022522E+01
    9.9961071107E-01   -6.9414455097E+00    1.9400986016E+01   -6.4014022522E+01
    9.9961066107E-01   -6.9414455097E+00    1.9400986016E+01   -6.4014022522E+01
    9.9961061106E-01   -6.9414455097E+00    1.9400986016E+01   -6.4014022522E+01
    9.9961056106E-01   -6.9414455097E+00    1.9400986016E+01   -6.4014022522E+01
    9.9961051105E-01   -6.9414455097E+00    1.9400986016E+01   -6.4014022522E+01
    9.9961046105E-01   -6.9414455097E+00    1.9400986016E+01   -6.4014022522E+01
    9.9961041104E-01   -6.9414455097E+00    1.9400986016E+01   -6.4014022522E+01
    9.9961036104E-01   -6.9414455097E+00    1.9400986016E+01   -6.4014022522E+01
    9.9961031103E-01   -6.9414455097E+00    1.9400986016E+01   -6.4014022522E+01
    9.9961026103E-01   -6.9414455097E+00    1.9400986016E+01   -6.4014022522E+01
    9.9961021102E-01   -6.9414455097E+00    1.9400986016E+01   -6.4014022522E+01
    9.9961016102E-01   -6.9414455097E+00    1.9400986016E+01   -6.4014022522E+01
    9.9961011101E-01   -6.9414455097E+00    1.9400986016E+01   -6.4014022522E+01
    9.9961006101E-01   -6.9414455097E+00    1.9400986016E+01   -6.4014022522E+01
    9.9961001100E-01   -6.9414455097E+00    1.9400986016E+01   -6.4014022522E+01
    9.9960996100E-01   -6.9414455097E+00    1.9400986016E+01   -6.4014022522E+01
    9.9960991099E-01   -6.9414455097E+00    1.9400986016E+01   -6.4014022522E+01
    9.9960986099E-01   -6.9414455097E+00    1.9400986016E+01   -6.4014022522E+01
    9.9960981098E-01   -6.9414455097E+00    1.9400986016E+01   -6.4014022522E+01
    9.9960976098E-01   -6.9414455097E+00    1.9400986016E+01   -6.4014022522E+01
    9.9960971097E-01   -6.9414455097E+00    1.9400986016E+01   -6.4014022522E+01
    9.9960966097E-01   -6.9414455097E+00    1.9400986016E+01   -6.4014022522E+01
    9.9960961096E-01   -6.9414455097E+00    1.9400986016E+01   -6.4014022522E+01
    9.9960956096E-01   -6.9414455097E+00    1.9400986016E+01   -6.4014022522E+01
    9.9960951095E-01   -6.9414455097E+00    1.9400986016E+01   -6.4014022522E+01
    9.9960946095E-01   -6.9414455097E+00    1.9400986016E+01   -6.4014022522E+01
    9.9960941094E-01   -6.9414455097E+00    1.9400986016E+01   -6.4014022522E+01
    9.9960936094E-01   -6.9414455097E+00    1.9400986016E+01   -6.4014022522E+01
    9.9960931093E-01   -6.9414455097E+00    1.9400986016E+01   -6.4014022522E+01
    9.9960926093E-01   -6.9414455097E+00    1.9400986016E+01   -6.4014022522E+01
    9.9960921092E-01   -6.9414455097E+00    1.9400986016E+01   -6.4014022522E+01
    9.9960916092E-01   -6.9414455097E+00    1.9400986016E+01   -6.4014022522E+01
    9.9960911091E-01   -6.9414455097E+00    1.9400986016E+01   -6.4014022522E+01
    9.9960906091E-01   -6.9414455097E+00    1.9400986016E+01   -6.4014022522E+01
    9.9960901090E-01   -6.9414455097E+00    1.9400986016E+01   -6.4014022522E+01
    9.9960896090E-01   -6.9414455097E+00    1.9400986016E+01   -6.4014022522E+01
    9.9960891089E-01   -6.9414455097E+00    1.9400986016E+01   -6.4014022522E+01
    9.9960886089E-01   -6.9414455097E+00    1.9400986016E+01   -6.4014022522E+01
    9.9960881088E-01   -6.9414455097E+00    1.9400986016E+01   -6.4014022522E+01
    9.9960876088E-01   -6.9414455097E+00    1.9400986016E+01   -6.4014022522E+01
    9.9960871087E-01   -6.9414455097E+00    1.9400986016E+01   -6.4014022522E+01
    9.9960866087E-01   -6.9414455097E+00    1.9400986016E+01   -6.4014022522E+01
    9.9960861086E-01   -6.9414455097E+00    1.9400986016E+01   -6.4014022522E+01
    9.9960856086E-01   -6.9414455097E+00    1.9400986016E+01   -6.4014022522E+01
    9.9960851085E-01   -6.9414455097E+00    1.9400986016E+01   -6.4014022522E+01
    9.9960846085E-01   -6.9414455097E+00    1.9400986016E+01   -6.4014022522E+01
    9.9960841084E-01   -6.9414455097E+00    1.9400986016E+01   -6.4014022522E+01
    9.9960836084E-01   -6.9414455097E+00    1.9400986016E+01   -6.4014022522E+01
    9.9960831083E-01   -6.9414455097E+00    1.9400986016E+01   -6.4014022522E+01
    9.9960826083E-01   -6.9414455097E+00    1.9400986016E+01   -6.4014022522E+01
    9.9960821082E-01   -6.9414455097E+00    1.9400986016E+01   -6.4014022522E+01
    9.9960816082E-01   -6.9414455097E+00    1.9400986016E+01   -6.4014022522E+01
    9.9960811081E-01   -6.9414455097E+00    1.9400986016E+01   -6.4014022522E+01
    9.9960806081E-01   -6.9414455097E+00    1.9400986016E+01   -6.4014022522E+01
    9.9960801080E-01   -6.9414455097E+00    1.9400986016E+01   -6.4014022522E+01
    9.9960796080E-01   -6.9414455097E+00    1.9400986016E+01   -6.4014022522E+01
    9.9960791079E-01   -6.9414455097E+00    1.9400986016E+01   -6.4014022522E+01
    9.9960786079E-01   -6.9414455097E+00    1.9400986016E+01   -6.4014022522E+01
    9.9960781078E-01   -6.9414455097E+00    1.9400986016E+01   -6.4014022522E+01
    9.9960776078E-01   -6.9414455097E+00    1.9400986016E+01   -6.4014022522E+01
    9.9960771077E-01   -6.9414455097E+00    1.9400986016E+01   -6.4014022522E+01
    9.9960766077E-01   -6.9414455097E+00    1.9400986016E+01   -6.4014022522E+01
    9.9960761076E-01   -6.9414455097E+00    1.9400986016E+01   -6.4014022522E+01
    9.9960756076E-01   -6.9414455097E+00    1.9400986016E+01   -6.4014022522E+01
    9.9960751075E-01   -6.9414455097E+00    1.9400986016E+01   -6.4014022522E+01
    9.9960746075E-01   -6.9414455097E+00    1.9400986016E+01   -6.4014022522E+01
    9.9960741074E-01   -6.9414455097E+00    1.9400986016E+01   -6.4014022522E+01
    9.9960736074E-01   -6.9414455097E+00    1.9400986016E+01   -6.4014022522E+01
    9.9960731073E-01   -6.9414455097E+00    1.9400986016E+01   -6.4014022522E+01
    9.9960726073E-01   -6.9414455097E+00    1.9400986016E+01   -6.4014022522E+01
    9.9960721072E-01   -6.9414455097E+00    1.9400986016E+01   -6.4014022522E+01
    9.9960716072E-01   -6.9414455097E+00    1.9400986016E+01   -6.4014022522E+01
    9.9960711071E-01   -6.9414455097E+00    1.9400986016E+01   -6.4014022522E+01
    9.9960706071E-01   -6.9414455097E+00    1.9400986016E+01   -6.4014022522E+01
    9.9960701070E-01   -6.9414455097E+00    1.9400986016E+01   -6.4014022522E+01
    9.9960696070E-01   -6.9414455097E+00    1.9400986016E+01   -6.4014022522E+01
    9.9960691069E-01   -6.9414455097E+00    1.9400986016E+01   -6.4014022522E+01
    9.9960686069E-01   -6.9414455097E+00    1.9400986016E+01   -6.4014022522E+01
    9.9960681068E-01   -6.9414455097E+00    1.9400986016E+01   -6.4014022522E+01
    9.9960676068E-01   -6.9414455097E+00    1.9400986016E+01   -6.4014022522E+01
    9.9960671067E-01   -6.9414455097E+00    1.9400986016E+01   -6.4014022522E+01
    9.9960666067E-01   -6.9414455097E+00    1.9400986016E+01   -6.4014022522E+01
    9.9960661066E-01   -6.9414455097E+00    1.9400986016E+01   -6.4014022522E+01
    9.9960656066E-01   -6.9414455097E+00    1.9400986016E+01   -6.4014022522E+01
    9.9960651065E-01   -6.9414455097E+00    1.9400986016E+01   -6.4014022522E+01
    9.9960646065E-01   -6.9414455097E+00    1.9400986016E+01   -6.4014022522E+01
    9.9960641064E-01   -6.9414455097E+00    1.9400986016E+01   -6.4014022522E+01
    9.9960636064E-01   -6.9414455097E+00    1.9400986016E+01   -6.4014022522E+01
    9.9960631063E-01   -6.9414455097E+00    1.9400986016E+01   -6.4014022522E+01
    9.9960626063E-01   -6.9414455097E+00    1.9400986016E+01   -6.4014022522E+01
    9.9960621062E-01   -6.9414455097E+00    1.9400986016E+01   -6.4014022522E+01
    9.9960616062E-01   -6.9414455097E+00    1.9400986016E+01   -6.4014022522E+01
    9.9960611061E-01   -6.9414455097E+00    1.9400986016E+01   -6.4014022522E+01
    9.9960606061E-01   -6.9414455097E+00    1.9400986016E+01   -6.4014022522E+01
    9.9960601060E-01   -6.9414455097E+00    1.9400986016E+01   -6.4014022522E+01
    9.9960596060E-01   -6.9414455097E+00    1.9400986016E+01   -6.4014022522E+01
    9.9960591059E-01   -6.9414455097E+00    1.9400986016E+01   -6.4014022522E+01
    9.9960586059E-01   -6.9414455097E+00    1.9400986016E+01   -6.4014022522E+01
    9.9960581058E-01   -6.9414455097E+00    1.9400986016E+01   -6.4014022522E+01
    9.9960576058E-01   -6.9414455097E+00    1.9400986016E+01   -6.4014022522E+01
    9.9960571057E-01   -6.9414455097E+00    1.9400986016E+01   -6.4014022522E+01
    9.9960566057E-01   -6.9414455097E+00    1.9400986016E+01   -6.4014022522E+01
    9.9960561056E-01   -6.9414455097E+00    1.9400986016E+01   -6.4014022522E+01
    9.9960556056E-01   -6.9414455097E+00    1.9400986016E+01   -6.4014022522E+01
    9.9960551055E-01   -6.9414455097E+00    1.9400986016E+01   -6.4014022522E+01
    9.9960546055E-01   -6.9414455097E+00    1.9400986016E+01   -6.4014022522E+01
    9.9960541054E-01   -6.9414455097E+00    1.9400986016E+01   -6.4014022522E+01
    9.9960536054E-01   -6.9414455097E+00    1.9400986016E+01   -6.4014022522E+01
    9.9960531053E-01   -6.9414455097E+00    1.9400986016E+01   -6.4014022522E+01
    9.9960526053E-01   -6.9414455097E+00    1.9400986016E+01   -6.4014022522E+01
    9.9960521052E-01   -6.9414455097E+00    1.9400986016E+01   -6.4014022522E+01
    9.9960516052E-01   -6.9414455097E+00    1.9400986016E+01   -6.4014022522E+01
    9.9960511051E-01   -6.9414455097E+00    1.9400986016E+01   -6.4014022522E+01
    9.9960506051E-01   -6.9414455097E+00    1.9400986016E+01   -6.4014022522E+01
    9.9960501050E-01   -6.9414455097E+00    1.9400986016E+01   -6.4014022522E+01
    9.9960496050E-01   -6.9414455097E+00    1.9400986016E+01   -6.4014022522E+01
    9.9960491049E-01   -6.9414455097E+00    1.9400986016E+01   -6.4014022522E+01
    9.9960486049E-01   -6.9414455097E+00    1.9400986016E+01   -6.4014022522E+01
    9.9960481048E-01   -6.9414455097E+00    1.9400986016E+01   -6.4014022522E+01
    9.9960476048E-01   -6.9414455097E+00    1.9400986016E+01   -6.4014022522E+01
    9.9960471047E-01   -6.9414455097E+00    1.9400986016E+01   -6.4014022522E+01
    9.9960466047E-01   -6.9414455097E+00    1.9400986016E+01   -6.4014022522E+01
    9.9960461046E-01   -6.9414455097E+00    1.9400986016E+01   -6.4014022522E+01
    9.9960456046E-01   -6.9414455097E+00    1.9400986016E+01   -6.4014022522E+01
    9.9960451045E-01   -6.9414455097E+00    1.9400986016E+01   -6.4014022522E+01
    9.9960446045E-01   -6.9414455097E+00    1.9400986016E+01   -6.4014022522E+01
    9.9960441044E-01   -6.9414455097E+00    1.9400986016E+01   -6.4014022522E+01
    9.9960436044E-01   -6.9414455097E+00    1.9400986016E+01   -6.4014022522E+01
    9.9960431043E-01   -6.9414455097E+00    1.9400986016E+01   -6.4014022522E+01
    9.9960426043E-01   -6.9414455097E+00    1.9400986016E+01   -6.4014022522E+01
    9.9960421042E-01   -6.9414455097E+00    1.9400986016E+01   -6.4014022522E+01
    9.9960416042E-01   -6.9414455097E+00    1.9400986016E+01   -6.4014022522E+01
    9.9960411041E-01   -6.9414455097E+00    1.9400986016E+01   -6.4014022522E+01
    9.9960406041E-01   -6.9414455097E+00    1.9400986016E+01   -6.4014022522E+01
    9.9960401040E-01   -6.9414455097E+00    1.9400986016E+01   -6.4014022522E+01
    9.9960396040E-01   -6.9414455097E+00    1.9400986016E+01   -6.4014022522E+01
    9.9960391039E-01   -6.9414455097E+00    1.9400986016E+01   -6.4014022522E+01
    9.9960386039E-01   -6.9414455097E+00    1.9400986016E+01   -6.4014022522E+01
    9.9960381038E-01   -6.9414455097E+00    1.9400986016E+01   -6.4014022522E+01
    9.9960376038E-01   -6.9414455097E+00    1.9400986016E+01   -6.4014022522E+01
    9.9960371037E-01   -6.9414455097E+00    1.9400986016E+01   -6.4014022522E+01
    9.9960366037E-01   -6.9414455097E+00    1.9400986016E+01   -6.4014022522E+01
    9.9960361036E-01   -6.9414455097E+00    1.9400986016E+01   -6.4014022522E+01
    9.9960356036E-01   -6.9414455097E+00    1.9400986016E+01   -6.4014022522E+01
    9.9960351035E-01   -6.9414455097E+00    1.9400986016E+01   -6.4014022522E+01
    9.9960346035E-01   -6.9414455097E+00    1.9400986016E+01   -6.4014022522E+01
    9.9960341034E-01   -6.9414455097E+00    1.9400986016E+01   -6.4014022522E+01
    9.9960336034E-01   -6.9414455097E+00    1.9400986016E+01   -6.4014022522E+01
    9.9960331033E-01   -6.9414455097E+00    1.9400986016E+01   -6.4014022522E+01
    9.9960326033E-01   -6.9414455097E+00    1.9400986016E+01   -6.4014022522E+01
    9.9960321032E-01   -6.9414455097E+00    1.9400986016E+01   -6.4014022522E+01
    9.9960316032E-01   -6.9414455097E+00    1.9400986016E+01   -6.4014022522E+01
    9.9960311031E-01   -6.9414455097E+00    1.9400986016E+01   -6.4014022522E+01
    9.9960306031E-01   -6.9414455097E+00    1.9400986016E+01   -6.4014022522E+01
    9.9960301030E-01   -6.9414455097E+00    1.9400986016E+01   -6.4014022522E+01
    9.9960296030E-01   -6.9414455097E+00    1.9400986016E+01   -6.4014022522E+01
    9.9960291029E-01   -6.9414455097E+00    1.9400986016E+01   -6.4014022522E+01
    9.9960286029E-01   -6.9414455097E+00    1.9400986016E+01   -6.4014022522E+01
    9.9960281028E-01   -6.9414455097E+00    1.9400986016E+01   -6.4014022522E+01
    9.9960276028E-01   -6.9414455097E+00    1.9400986016E+01   -6.4014022522E+01
    9.9960271027E-01   -6.9414455097E+00    1.9400986016E+01   -6.4014022522E+01
    9.9960266027E-01   -6.9414455097E+00    1.9400986016E+01   -6.4014022522E+01
    9.9960261026E-01   -6.9414455097E+00    1.9400986016E+01   -6.4014022522E+01
    9.9960256026E-01   -6.9414455097E+00    1.9400986016E+01   -6.4014022522E+01
    9.9960251025E-01   -6.9414455097E+00    1.9400986016E+01   -6.4014022522E+01
    9.9960246025E-01   -6.9414455097E+00    1.9400986016E+01   -6.4014022522E+01
    9.9960241024E-01   -6.9414455097E+00    1.9400986016E+01   -6.4014022522E+01
    9.9960236024E-01   -6.9414455097E+00    1.9400986016E+01   -6.4014022522E+01
    9.9960231023E-01   -6.9414455097E+00    1.9400986016E+01   -6.4014022522E+01
    9.9960226023E-01   -6.9414455097E+00    1.9400986016E+01   -6.4014022522E+01
    9.9960221022E-01   -6.9414455097E+00    1.9400986016E+01   -6.4014022522E+01
    9.9960216022E-01   -6.9414455097E+00    1.9400986016E+01   -6.4014022522E+01
    9.9960211021E-01   -6.9414455097E+00    1.9400986016E+01   -6.4014022522E+01
    9.9960206021E-01   -6.9414455097E+00    1.9400986016E+01   -6.4014022522E+01
    9.9960201020E-01   -6.9414455097E+00    1.9400986016E+01   -6.4014022522E+01
    9.9960196020E-01   -6.9414455097E+00    1.9400986016E+01   -6.4014022522E+01
    9.9960191019E-01   -6.9414455097E+00    1.9400986016E+01   -6.4014022522E+01
    9.9960186019E-01   -6.9414455097E+00    1.9400986016E+01   -6.4014022522E+01
    9.9960181018E-01   -6.9414455097E+00    1.9400986016E+01   -6.4014022522E+01
    9.9960176018E-01   -6.9414455097E+00    1.9400986016E+01   -6.4014022522E+01
    9.9960171017E-01   -6.9414455097E+00    1.9400986016E+01   -6.4014022522E+01
    9.9960166017E-01   -6.9414455097E+00    1.9400986016E+01   -6.4014022522E+01
    9.9960161016E-01   -6.9414455097E+00    1.9400986016E+01   -6.4014022522E+01
    9.9960156016E-01   -6.9414455097E+00    1.9400986016E+01   -6.4014022522E+01
    9.9960151015E-01   -6.9414455097E+00    1.9400986016E+01   -6.4014022522E+01
    9.9960146015E-01   -6.9414455097E+00    1.9400986016E+01   -6.4014022522E+01
    9.9960141014E-01   -6.9414455097E+00    1.9400986016E+01   -6.4014022522E+01
    9.9960136014E-01   -6.9414455097E+00    1.9400986016E+01   -6.4014022522E+01
    9.9960131013E-01   -6.9414455097E+00    1.9400986016E+01   -6.4014022522E+01
    9.9960126013E-01   -6.9414455097E+00    1.9400986016E+01   -6.4014022522E+01
    9.9960121012E-01   -6.9414455097E+00    1.9400986016E+01   -6.4014022522E+01
    9.9960116012E-01   -6.9414455097E+00    1.9400986016E+01   -6.4014022522E+01
    9.9960111011E-01   -6.9414455097E+00    1.9400986016E+01   -6.4014022522E+01
    9.9960106011E-01   -6.9414455097E+00    1.9400986016E+01   -6.4014022522E+01
    9.9960101010E-01   -6.9414455097E+00    1.9400986016E+01   -6.4014022522E+01
    9.9960096010E-01   -6.9414455097E+00    1.9400986016E+01   -6.4014022522E+01
    9.9960091009E-01   -6.9414455097E+00    1.9400986016E+01   -6.4014022522E+01
    9.9960086009E-01   -6.9414455097E+00    1.9400986016E+01   -6.4014022522E+01
    9.9960081008E-01   -6.9414455097E+00    1.9400986016E+01   -6.4014022522E+01
    9.9960076008E-01   -6.9414455097E+00    1.9400986016E+01   -6.4014022522E+01
    9.9960071007E-01   -6.9414455097E+00    1.9400986016E+01   -6.4014022522E+01
    9.9960066007E-01   -6.9414455097E+00    1.9400986016E+01   -6.4014022522E+01
    9.9960061006E-01   -6.9414455097E+00    1.9400986016E+01   -6.4014022522E+01
    9.9960056006E-01   -6.9414455097E+00    1.9400986016E+01   -6.4014022522E+01
    9.9960051005E-01   -6.9414455097E+00    1.9400986016E+01   -6.4014022522E+01
    9.9960046005E-01   -6.9414455097E+00    1.9400986016E+01   -6.4014022522E+01
    9.9960041004E-01   -6.9414455097E+00    1.9400986016E+01   -6.4014022522E+01
    9.9960036004E-01   -6.9414455097E+00    1.9400986016E+01   -6.4014022522E+01
    9.9960031003E-01   -6.9414455097E+00    1.9400986016E+01   -6.4014022522E+01
    9.9960026003E-01   -6.9414455097E+00    1.9400986016E+01   -6.4014022522E+01
    9.9960021002E-01   -6.9414455097E+00    1.9400986016E+01   -6.4014022522E+01
    9.9960016002E-01   -6.9414455097E+00    1.9400986016E+01   -6.4014022522E+01
    9.9960011001E-01   -6.9414455097E+00    1.9400986016E+01   -6.4014022522E+01
    9.9960006001E-01   -6.9414455097E+00    1.9400986016E+01   -6.4014022522E+01
    9.9960001000E-01   -6.9414455097E+00    1.9400986016E+01   -6.4014022522E+01
    9.9959996000E-01   -6.9414455097E+00    1.9400986016E+01   -6.4014022522E+01
    9.9959990999E-01   -6.9414455097E+00    1.9400986016E+01   -6.4014022522E+01
    9.9959985999E-01   -6.9414455097E+00    1.9400986016E+01   -6.4014022522E+01
    9.9959980998E-01   -6.9414455097E+00    1.9400986016E+01   -6.4014022522E+01
    9.9959975998E-01   -6.9414455097E+00    1.9400986016E+01   -6.4014022522E+01
    9.9959970997E-01   -6.9414455097E+00    1.9400986016E+01   -6.4014022522E+01
    9.9959965997E-01   -6.9414455097E+00    1.9400986016E+01   -6.4014022522E+01
    9.9959960996E-01   -6.9414455097E+00    1.9400986016E+01   -6.4014022522E+01
    9.9959955996E-01   -6.9414455097E+00    1.9400986016E+01   -6.4014022522E+01
    9.9959950995E-01   -6.9414455097E+00    1.9400986016E+01   -6.4014022522E+01
    9.9959945995E-01   -6.9414455097E+00    1.9400986016E+01   -6.4014022522E+01
    9.9959940994E-01   -6.9414455097E+00    1.9400986016E+01   -6.4014022522E+01
    9.9959935994E-01   -6.9414455097E+00    1.9400986016E+01   -6.4014022522E+01
    9.9959930993E-01   -6.9414455097E+00    1.9400986016E+01   -6.4014022522E+01
    9.9959925993E-01   -6.9414455097E+00    1.9400986016E+01   -6.4014022522E+01
    9.9959920992E-01   -6.9414455097E+00    1.9400986016E+01   -6.4014022522E+01
    9.9959915992E-01   -6.9414455097E+00    1.9400986016E+01   -6.4014022522E+01
    9.9959910991E-01   -6.9414455097E+00    1.9400986016E+01   -6.4014022522E+01
    9.9959905991E-01   -6.9414455097E+00    1.9400986016E+01   -6.4014022522E+01
    9.9959900990E-01   -6.9414455097E+00    1.9400986016E+01   -6.4014022522E+01
    9.9959895990E-01   -6.9414455097E+00    1.9400986016E+01   -6.4014022522E+01
    9.9959890989E-01   -6.9414455097E+00    1.9400986016E+01   -6.4014022522E+01
    9.9959885989E-01   -6.9414455097E+00    1.9400986016E+01   -6.4014022522E+01
    9.9959880988E-01   -6.9414455097E+00    1.9400986016E+01   -6.4014022522E+01
    9.9959875988E-01   -6.9414455097E+00    1.9400986016E+01   -6.4014022522E+01
    9.9959870987E-01   -6.9414455097E+00    1.9400986016E+01   -6.4014022522E+01
    9.9959865987E-01   -6.9414455097E+00    1.9400986016E+01   -6.4014022522E+01
    9.9959860986E-01   -6.9414455097E+00    1.9400986016E+01   -6.4014022522E+01
    9.9959855986E-01   -6.9414455097E+00    1.9400986016E+01   -6.4014022522E+01
    9.9959850985E-01   -6.9414455097E+00    1.9400986016E+01   -6.4014022522E+01
    9.9959845985E-01   -6.9414455097E+00    1.9400986016E+01   -6.4014022522E+01
    9.9959840984E-01   -6.9414455097E+00    1.9400986016E+01   -6.4014022522E+01
    9.9959835984E-01   -6.9414455097E+00    1.9400986016E+01   -6.4014022522E+01
    9.9959830983E-01   -6.9414455097E+00    1.9400986016E+01   -6.4014022522E+01
    9.9959825983E-01   -6.9414455097E+00    1.9400986016E+01   -6.4014022522E+01
    9.9959820982E-01   -6.9414455097E+00    1.9400986016E+01   -6.4014022522E+01
    9.9959815982E-01   -6.9414455097E+00    1.9400986016E+01   -6.4014022522E+01
    9.9959810981E-01   -6.9414455097E+00    1.9400986016E+01   -6.4014022522E+01
    9.9959805981E-01   -6.9414455097E+00    1.9400986016E+01   -6.4014022522E+01
    9.9959800980E-01   -6.9414455097E+00    1.9400986016E+01   -6.4014022522E+01
    9.9959795980E-01   -6.9414455097E+00    1.9400986016E+01   -6.4014022522E+01
    9.9959790979E-01   -6.9414455097E+00    1.9400986016E+01   -6.4014022522E+01
    9.9959785979E-01   -6.9414455097E+00    1.9400986016E+01   -6.4014022522E+01
    9.9959780978E-01   -6.9414455097E+00    1.9400986016E+01   -6.4014022522E+01
    9.9959775978E-01   -6.9414455097E+00    1.9400986016E+01   -6.4014022522E+01
    9.9959770977E-01   -6.9414455097E+00    1.9400986016E+01   -6.4014022522E+01
    9.9959765977E-01   -6.9414455097E+00    1.9400986016E+01   -6.4014022522E+01
    9.9959760976E-01   -6.9414455097E+00    1.9400986016E+01   -6.4014022522E+01
    9.9959755976E-01   -6.9414455097E+00    1.9400986016E+01   -6.4014022522E+01
    9.9959750975E-01   -6.9414455097E+00    1.9400986016E+01   -6.4014022522E+01
    9.9959745975E-01   -6.9414455097E+00    1.9400986016E+01   -6.4014022522E+01
    9.9959740974E-01   -6.9414455097E+00    1.9400986016E+01   -6.4014022522E+01
    9.9959735974E-01   -6.9414455097E+00    1.9400986016E+01   -6.4014022522E+01
    9.9959730973E-01   -6.9414455097E+00    1.9400986016E+01   -6.4014022522E+01
    9.9959725973E-01   -6.9414455097E+00    1.9400986016E+01   -6.4014022522E+01
    9.9959720972E-01   -6.9414455097E+00    1.9400986016E+01   -6.4014022522E+01
    9.9959715972E-01   -6.9414455097E+00    1.9400986016E+01   -6.4014022522E+01
    9.9959710971E-01   -6.9414455097E+00    1.9400986016E+01   -6.4014022522E+01
    9.9959705971E-01   -6.9414455097E+00    1.9400986016E+01   -6.4014022522E+01
    9.9959700970E-01   -6.9414455097E+00    1.9400986016E+01   -6.4014022522E+01
    9.9959695970E-01   -6.9414455097E+00    1.9400986016E+01   -6.4014022522E+01
    9.9959690969E-01   -6.9414455097E+00    1.9400986016E+01   -6.4014022522E+01
    9.9959685969E-01   -6.9414455097E+00    1.9400986016E+01   -6.4014022522E+01
    9.9959680968E-01   -6.9414455097E+00    1.9400986016E+01   -6.4014022522E+01
    9.9959675968E-01   -6.9414455097E+00    1.9400986016E+01   -6.4014022522E+01
    9.9959670967E-01   -6.9414455097E+00    1.9400986016E+01   -6.4014022522E+01
    9.9959665967E-01   -6.9414455097E+00    1.9400986016E+01   -6.4014022522E+01
    9.9959660966E-01   -6.9414455097E+00    1.9400986016E+01   -6.4014022522E+01
    9.9959655966E-01   -6.9414455097E+00    1.9400986016E+01   -6.4014022522E+01
    9.9959650965E-01   -6.9414455097E+00    1.9400986016E+01   -6.4014022522E+01
    9.9959645965E-01   -6.9414455097E+00    1.9400986016E+01   -6.4014022522E+01
    9.9959640964E-01   -6.9414455097E+00    1.9400986016E+01   -6.4014022522E+01
    9.9959635964E-01   -6.9414455097E+00    1.9400986016E+01   -6.4014022522E+01
    9.9959630963E-01   -6.9414455097E+00    1.9400986016E+01   -6.4014022522E+01
    9.9959625963E-01   -6.9414455097E+00    1.9400986016E+01   -6.4014022522E+01
    9.9959620962E-01   -6.9414455097E+00    1.9400986016E+01   -6.4014022522E+01
    9.9959615962E-01   -6.9414455097E+00    1.9400986016E+01   -6.4014022522E+01
    9.9959610961E-01   -6.9414455097E+00    1.9400986016E+01   -6.4014022522E+01
    9.9959605961E-01   -6.9414455097E+00    1.9400986016E+01   -6.4014022522E+01
    9.9959600960E-01   -6.9414455097E+00    1.9400986016E+01   -6.4014022522E+01
    9.9959595960E-01   -6.9414455097E+00    1.9400986016E+01   -6.4014022522E+01
    9.9959590959E-01   -6.9414455097E+00    1.9400986016E+01   -6.4014022522E+01
    9.9959585959E-01   -6.9414455097E+00    1.9400986016E+01   -6.4014022522E+01
    9.9959580958E-01   -6.9414455097E+00    1.9400986016E+01   -6.4014022522E+01
    9.9959575958E-01   -6.9414455097E+00    1.9400986016E+01   -6.4014022522E+01
    9.9959570957E-01   -6.9414455097E+00    1.9400986016E+01   -6.4014022522E+01
    9.9959565957E-01   -6.9414455097E+00    1.9400986016E+01   -6.4014022522E+01
    9.9959560956E-01   -6.9414455097E+00    1.9400986016E+01   -6.4014022522E+01
    9.9959555956E-01   -6.9414455097E+00    1.9400986016E+01   -6.4014022522E+01
    9.9959550955E-01   -6.9414455097E+00    1.9400986016E+01   -6.4014022522E+01
    9.9959545955E-01   -6.9414455097E+00    1.9400986016E+01   -6.4014022522E+01
    9.9959540954E-01   -6.9414455097E+00    1.9400986016E+01   -6.4014022522E+01
    9.9959535954E-01   -6.9414455097E+00    1.9400986016E+01   -6.4014022522E+01
    9.9959530953E-01   -6.9414455097E+00    1.9400986016E+01   -6.4014022522E+01
    9.9959525953E-01   -6.9414455097E+00    1.9400986016E+01   -6.4014022522E+01
    9.9959520952E-01   -6.9414455097E+00    1.9400986016E+01   -6.4014022522E+01
    9.9959515952E-01   -6.9414455097E+00    1.9400986016E+01   -6.4014022522E+01
    9.9959510951E-01   -6.9414455097E+00    1.9400986016E+01   -6.4014022522E+01
    9.9959505951E-01   -6.9414455097E+00    1.9400986016E+01   -6.4014022522E+01
    9.9959500950E-01   -6.9414455097E+00    1.9400986016E+01   -6.4014022522E+01
    9.9959495950E-01   -6.9414455097E+00    1.9400986016E+01   -6.4014022522E+01
    9.9959490949E-01   -6.9414455097E+00    1.9400986016E+01   -6.4014022522E+01
    9.9959485949E-01   -6.9414455097E+00    1.9400986016E+01   -6.4014022522E+01
    9.9959480948E-01   -6.9414455097E+00    1.9400986016E+01   -6.4014022522E+01
    9.9959475948E-01   -6.9414455097E+00    1.9400986016E+01   -6.4014022522E+01
    9.9959470947E-01   -6.9414455097E+00    1.9400986016E+01   -6.4014022522E+01
    9.9959465947E-01   -6.9414455097E+00    1.9400986016E+01   -6.4014022522E+01
    9.9959460946E-01   -6.9414455097E+00    1.9400986016E+01   -6.4014022522E+01
    9.9959455946E-01   -6.9414455097E+00    1.9400986016E+01   -6.4014022522E+01
    9.9959450945E-01   -6.9414455097E+00    1.9400986016E+01   -6.4014022522E+01
    9.9959445945E-01   -6.9414455097E+00    1.9400986016E+01   -6.4014022522E+01
    9.9959440944E-01   -6.9414455097E+00    1.9400986016E+01   -6.4014022522E+01
    9.9959435944E-01   -6.9414455097E+00    1.9400986016E+01   -6.4014022522E+01
    9.9959430943E-01   -6.9414455097E+00    1.9400986016E+01   -6.4014022522E+01
    9.9959425943E-01   -6.9414455097E+00    1.9400986016E+01   -6.4014022522E+01
    9.9959420942E-01   -6.9414455097E+00    1.9400986016E+01   -6.4014022522E+01
    9.9959415942E-01   -6.9414455097E+00    1.9400986016E+01   -6.4014022522E+01
    9.9959410941E-01   -6.9414455097E+00    1.9400986016E+01   -6.4014022522E+01
    9.9959405941E-01   -6.9414455097E+00    1.9400986016E+01   -6.4014022522E+01
    9.9959400940E-01   -6.9414455097E+00    1.9400986016E+01   -6.4014022522E+01
    9.9959395940E-01   -6.9414455097E+00    1.9400986016E+01   -6.4014022522E+01
    9.9959390939E-01   -6.9414455097E+00    1.9400986016E+01   -6.4014022522E+01
    9.9959385939E-01   -6.9414455097E+00    1.9400986016E+01   -6.4014022522E+01
    9.9959380938E-01   -6.9414455097E+00    1.9400986016E+01   -6.4014022522E+01
    9.9959375938E-01   -6.9414455097E+00    1.9400986016E+01   -6.4014022522E+01
    9.9959370937E-01   -6.9414455097E+00    1.9400986016E+01   -6.4014022522E+01
    9.9959365937E-01   -6.9414455097E+00    1.9400986016E+01   -6.4014022522E+01
    9.9959360936E-01   -6.9414455097E+00    1.9400986016E+01   -6.4014022522E+01
    9.9959355936E-01   -6.9414455097E+00    1.9400986016E+01   -6.4014022522E+01
    9.9959350935E-01   -6.9414455097E+00    1.9400986016E+01   -6.4014022522E+01
    9.9959345935E-01   -6.9414455097E+00    1.9400986016E+01   -6.4014022522E+01
    9.9959340934E-01   -6.9414455097E+00    1.9400986016E+01   -6.4014022522E+01
    9.9959335934E-01   -6.9414455097E+00    1.9400986016E+01   -6.4014022522E+01
    9.9959330933E-01   -6.9414455097E+00    1.9400986016E+01   -6.4014022522E+01
    9.9959325933E-01   -6.9414455097E+00    1.9400986016E+01   -6.4014022522E+01
    9.9959320932E-01   -6.9414455097E+00    1.9400986016E+01   -6.4014022522E+01
    9.9959315932E-01   -6.9414455097E+00    1.9400986016E+01   -6.4014022522E+01
    9.9959310931E-01   -6.9414455097E+00    1.9400986016E+01   -6.4014022522E+01
    9.9959305931E-01   -6.9414455097E+00    1.9400986016E+01   -6.4014022522E+01
    9.9959300930E-01   -6.9414455097E+00    1.9400986016E+01   -6.4014022522E+01
    9.9959295930E-01   -6.9414455097E+00    1.9400986016E+01   -6.4014022522E+01
    9.9959290929E-01   -6.9414455097E+00    1.9400986016E+01   -6.4014022522E+01
    9.9959285929E-01   -6.9414455097E+00    1.9400986016E+01   -6.4014022522E+01
    9.9959280928E-01   -6.9414455097E+00    1.9400986016E+01   -6.4014022522E+01
    9.9959275928E-01   -6.9414455097E+00    1.9400986016E+01   -6.4014022522E+01
    9.9959270927E-01   -6.9414455097E+00    1.9400986016E+01   -6.4014022522E+01
    9.9959265927E-01   -6.9414455097E+00    1.9400986016E+01   -6.4014022522E+01
    9.9959260926E-01   -6.9414455097E+00    1.9400986016E+01   -6.4014022522E+01
    9.9959255926E-01   -6.9414455097E+00    1.9400986016E+01   -6.4014022522E+01
    9.9959250925E-01   -6.9414455097E+00    1.9400986016E+01   -6.4014022522E+01
    9.9959245925E-01   -6.9414455097E+00    1.9400986016E+01   -6.4014022522E+01
    9.9959240924E-01   -6.9414455097E+00    1.9400986016E+01   -6.4014022522E+01
    9.9959235924E-01   -6.9414455097E+00    1.9400986016E+01   -6.4014022522E+01
    9.9959230923E-01   -6.9414455097E+00    1.9400986016E+01   -6.4014022522E+01
    9.9959225923E-01   -6.9414455097E+00    1.9400986016E+01   -6.4014022522E+01
    9.9959220922E-01   -6.9414455097E+00    1.9400986016E+01   -6.4014022522E+01
    9.9959215922E-01   -6.9414455097E+00    1.9400986016E+01   -6.4014022522E+01
    9.9959210921E-01   -6.9414455097E+00    1.9400986016E+01   -6.4014022522E+01
    9.9959205921E-01   -6.9414455097E+00    1.9400986016E+01   -6.4014022522E+01
    9.9959200920E-01   -6.9414455097E+00    1.9400986016E+01   -6.4014022522E+01
    9.9959195920E-01   -6.9414455097E+00    1.9400986016E+01   -6.4014022522E+01
    9.9959190919E-01   -6.9414455097E+00    1.9400986016E+01   -6.4014022522E+01
    9.9959185919E-01   -6.9414455097E+00    1.9400986016E+01   -6.4014022522E+01
    9.9959180918E-01   -6.9414455097E+00    1.9400986016E+01   -6.4014022522E+01
    9.9959175918E-01   -6.9414455097E+00    1.9400986016E+01   -6.4014022522E+01
    9.9959170917E-01   -6.9414455097E+00    1.9400986016E+01   -6.4014022522E+01
    9.9959165917E-01   -6.9414455097E+00    1.9400986016E+01   -6.4014022522E+01
    9.9959160916E-01   -6.9414455097E+00    1.9400986016E+01   -6.4014022522E+01
    9.9959155916E-01   -6.9414455097E+00    1.9400986016E+01   -6.4014022522E+01
    9.9959150915E-01   -6.9414455097E+00    1.9400986016E+01   -6.4014022522E+01
    9.9959145915E-01   -6.9414455097E+00    1.9400986016E+01   -6.4014022522E+01
    9.9959140914E-01   -6.9414455097E+00    1.9400986016E+01   -6.4014022522E+01
    9.9959135914E-01   -6.9414455097E+00    1.9400986016E+01   -6.4014022522E+01
    9.9959130913E-01   -6.9414455097E+00    1.9400986016E+01   -6.4014022522E+01
    9.9959125913E-01   -6.9414455097E+00    1.9400986016E+01   -6.4014022522E+01
    9.9959120912E-01   -6.9414455097E+00    1.9400986016E+01   -6.4014022522E+01
    9.9959115912E-01   -6.9414455097E+00    1.9400986016E+01   -6.4014022522E+01
    9.9959110911E-01   -6.9414455097E+00    1.9400986016E+01   -6.4014022522E+01
    9.9959105911E-01   -6.9414455097E+00    1.9400986016E+01   -6.4014022522E+01
    9.9959100910E-01   -6.9414455097E+00    1.9400986016E+01   -6.4014022522E+01
    9.9959095910E-01   -6.9414455097E+00    1.9400986016E+01   -6.4014022522E+01
    9.9959090909E-01   -6.9414455097E+00    1.9400986016E+01   -6.4014022522E+01
    9.9959085909E-01   -6.9414455097E+00    1.9400986016E+01   -6.4014022522E+01
    9.9959080908E-01   -6.9414455097E+00    1.9400986016E+01   -6.4014022522E+01
    9.9959075908E-01   -6.9414455097E+00    1.9400986016E+01   -6.4014022522E+01
    9.9959070907E-01   -6.9414455097E+00    1.9400986016E+01   -6.4014022522E+01
    9.9959065907E-01   -6.9414455097E+00    1.9400986016E+01   -6.4014022522E+01
    9.9959060906E-01   -6.9414455097E+00    1.9400986016E+01   -6.4014022522E+01
    9.9959055906E-01   -6.9414455097E+00    1.9400986016E+01   -6.4014022522E+01
    9.9959050905E-01   -6.9414455097E+00    1.9400986016E+01   -6.4014022522E+01
    9.9959045905E-01   -6.9414455097E+00    1.9400986016E+01   -6.4014022522E+01
    9.9959040904E-01   -6.9414455097E+00    1.9400986016E+01   -6.4014022522E+01
    9.9959035904E-01   -6.9414455097E+00    1.9400986016E+01   -6.4014022522E+01
    9.9959030903E-01   -6.9414455097E+00    1.9400986016E+01   -6.4014022522E+01
    9.9959025903E-01   -6.9414455097E+00    1.9400986016E+01   -6.4014022522E+01
    9.9959020902E-01   -6.9414455097E+00    1.9400986016E+01   -6.4014022522E+01
    9.9959015902E-01   -6.9414455097E+00    1.9400986016E+01   -6.4014022522E+01
    9.9959010901E-01   -6.9414455097E+00    1.9400986016E+01   -6.4014022522E+01
    9.9959005901E-01   -6.9414455097E+00    1.9400986016E+01   -6.4014022522E+01
    9.9959000900E-01   -6.9414455097E+00    1.9400986016E+01   -6.4014022522E+01
    9.9958995900E-01   -6.9414455097E+00    1.9400986016E+01   -6.4014022522E+01
    9.9958990899E-01   -6.9414455097E+00    1.9400986016E+01   -6.4014022522E+01
    9.9958985899E-01   -6.9414455097E+00    1.9400986016E+01   -6.4014022522E+01
    9.9958980898E-01   -6.9414455097E+00    1.9400986016E+01   -6.4014022522E+01
    9.9958975898E-01   -6.9414455097E+00    1.9400986016E+01   -6.4014022522E+01
    9.9958970897E-01   -6.9414455097E+00    1.9400986016E+01   -6.4014022522E+01
    9.9958965897E-01   -6.9414455097E+00    1.9400986016E+01   -6.4014022522E+01
    9.9958960896E-01   -6.9414455097E+00    1.9400986016E+01   -6.4014022522E+01
    9.9958955896E-01   -6.9414455097E+00    1.9400986016E+01   -6.4014022522E+01
    9.9958950895E-01   -6.9414455097E+00    1.9400986016E+01   -6.4014022522E+01
    9.9958945895E-01   -6.9414455097E+00    1.9400986016E+01   -6.4014022522E+01
    9.9958940894E-01   -6.9414455097E+00    1.9400986016E+01   -6.4014022522E+01
    9.9958935894E-01   -6.9414455097E+00    1.9400986016E+01   -6.4014022522E+01
    9.9958930893E-01   -6.9414455097E+00    1.9400986016E+01   -6.4014022522E+01
    9.9958925893E-01   -6.9414455097E+00    1.9400986016E+01   -6.4014022522E+01
    9.9958920892E-01   -6.9414455097E+00    1.9400986016E+01   -6.4014022522E+01
    9.9958915892E-01   -6.9414455097E+00    1.9400986016E+01   -6.4014022522E+01
    9.9958910891E-01   -6.9414455097E+00    1.9400986016E+01   -6.4014022522E+01
    9.9958905891E-01   -6.9414455097E+00    1.9400986016E+01   -6.4014022522E+01
    9.9958900890E-01   -6.9414455097E+00    1.9400986016E+01   -6.4014022522E+01
    9.9958895890E-01   -6.9414455097E+00    1.9400986016E+01   -6.4014022522E+01
    9.9958890889E-01   -6.9414455097E+00    1.9400986016E+01   -6.4014022522E+01
    9.9958885889E-01   -6.9414455097E+00    1.9400986016E+01   -6.4014022522E+01
    9.9958880888E-01   -6.9414455097E+00    1.9400986016E+01   -6.4014022522E+01
    9.9958875888E-01   -6.9414455097E+00    1.9400986016E+01   -6.4014022522E+01
    9.9958870887E-01   -6.9414455097E+00    1.9400986016E+01   -6.4014022522E+01
    9.9958865887E-01   -6.9414455097E+00    1.9400986016E+01   -6.4014022522E+01
    9.9958860886E-01   -6.9414455097E+00    1.9400986016E+01   -6.4014022522E+01
    9.9958855886E-01   -6.9414455097E+00    1.9400986016E+01   -6.4014022522E+01
    9.9958850885E-01   -6.9414455097E+00    1.9400986016E+01   -6.4014022522E+01
    9.9958845885E-01   -6.9414455097E+00    1.9400986016E+01   -6.4014022522E+01
    9.9958840884E-01   -6.9414455097E+00    1.9400986016E+01   -6.4014022522E+01
    9.9958835884E-01   -6.9414455097E+00    1.9400986016E+01   -6.4014022522E+01
    9.9958830883E-01   -6.9414455097E+00    1.9400986016E+01   -6.4014022522E+01
    9.9958825883E-01   -6.9414455097E+00    1.9400986016E+01   -6.4014022522E+01
    9.9958820882E-01   -6.9414455097E+00    1.9400986016E+01   -6.4014022522E+01
    9.9958815882E-01   -6.9414455097E+00    1.9400986016E+01   -6.4014022522E+01
    9.9958810881E-01   -6.9414455097E+00    1.9400986016E+01   -6.4014022522E+01
    9.9958805881E-01   -6.9414455097E+00    1.9400986016E+01   -6.4014022522E+01
    9.9958800880E-01   -6.9414455097E+00    1.9400986016E+01   -6.4014022522E+01
    9.9958795880E-01   -6.9414455097E+00    1.9400986016E+01   -6.4014022522E+01
    9.9958790879E-01   -6.9414455097E+00    1.9400986016E+01   -6.4014022522E+01
    9.9958785879E-01   -6.9414455097E+00    1.9400986016E+01   -6.4014022522E+01
    9.9958780878E-01   -6.9414455097E+00    1.9400986016E+01   -6.4014022522E+01
    9.9958775878E-01   -6.9414455097E+00    1.9400986016E+01   -6.4014022522E+01
    9.9958770877E-01   -6.9414455097E+00    1.9400986016E+01   -6.4014022522E+01
    9.9958765877E-01   -6.9414455097E+00    1.9400986016E+01   -6.4014022522E+01
    9.9958760876E-01   -6.9414455097E+00    1.9400986016E+01   -6.4014022522E+01
    9.9958755876E-01   -6.9414455097E+00    1.9400986016E+01   -6.4014022522E+01
    9.9958750875E-01   -6.9414455097E+00    1.9400986016E+01   -6.4014022522E+01
    9.9958745875E-01   -6.9414455097E+00    1.9400986016E+01   -6.4014022522E+01
    9.9958740874E-01   -6.9414455097E+00    1.9400986016E+01   -6.4014022522E+01
    9.9958735874E-01   -6.9414455097E+00    1.9400986016E+01   -6.4014022522E+01
    9.9958730873E-01   -6.9414455097E+00    1.9400986016E+01   -6.4014022522E+01
    9.9958725873E-01   -6.9414455097E+00    1.9400986016E+01   -6.4014022522E+01
    9.9958720872E-01   -6.9414455097E+00    1.9400986016E+01   -6.4014022522E+01
    9.9958715872E-01   -6.9414455097E+00    1.9400986016E+01   -6.4014022522E+01
    9.9958710871E-01   -6.9414455097E+00    1.9400986016E+01   -6.4014022522E+01
    9.9958705871E-01   -6.9414455097E+00    1.9400986016E+01   -6.4014022522E+01
    9.9958700870E-01   -6.9414455097E+00    1.9400986016E+01   -6.4014022522E+01
    9.9958695870E-01   -6.9414455097E+00    1.9400986016E+01   -6.4014022522E+01
    9.9958690869E-01   -6.9414455097E+00    1.9400986016E+01   -6.4014022522E+01
    9.9958685869E-01   -6.9414455097E+00    1.9400986016E+01   -6.4014022522E+01
    9.9958680868E-01   -6.9414455097E+00    1.9400986016E+01   -6.4014022522E+01
    9.9958675868E-01   -6.9414455097E+00    1.9400986016E+01   -6.4014022522E+01
    9.9958670867E-01   -6.9414455097E+00    1.9400986016E+01   -6.4014022522E+01
    9.9958665867E-01   -6.9414455097E+00    1.9400986016E+01   -6.4014022522E+01
    9.9958660866E-01   -6.9414455097E+00    1.9400986016E+01   -6.4014022522E+01
    9.9958655866E-01   -6.9414455097E+00    1.9400986016E+01   -6.4014022522E+01
    9.9958650865E-01   -6.9414455097E+00    1.9400986016E+01   -6.4014022522E+01
    9.9958645865E-01   -6.9414455097E+00    1.9400986016E+01   -6.4014022522E+01
    9.9958640864E-01   -6.9414455097E+00    1.9400986016E+01   -6.4014022522E+01
    9.9958635864E-01   -6.9414455097E+00    1.9400986016E+01   -6.4014022522E+01
    9.9958630863E-01   -6.9414455097E+00    1.9400986016E+01   -6.4014022522E+01
    9.9958625863E-01   -6.9414455097E+00    1.9400986016E+01   -6.4014022522E+01
    9.9958620862E-01   -6.9414455097E+00    1.9400986016E+01   -6.4014022522E+01
    9.9958615862E-01   -6.9414455097E+00    1.9400986016E+01   -6.4014022522E+01
    9.9958610861E-01   -6.9414455097E+00    1.9400986016E+01   -6.4014022522E+01
    9.9958605861E-01   -6.9414455097E+00    1.9400986016E+01   -6.4014022522E+01
    9.9958600860E-01   -6.9414455097E+00    1.9400986016E+01   -6.4014022522E+01
    9.9958595860E-01   -6.9414455097E+00    1.9400986016E+01   -6.4014022522E+01
    9.9958590859E-01   -6.9414455097E+00    1.9400986016E+01   -6.4014022522E+01
    9.9958585859E-01   -6.9414455097E+00    1.9400986016E+01   -6.4014022522E+01
    9.9958580858E-01   -6.9414455097E+00    1.9400986016E+01   -6.4014022522E+01
    9.9958575858E-01   -6.9414455097E+00    1.9400986016E+01   -6.4014022522E+01
    9.9958570857E-01   -6.9414455097E+00    1.9400986016E+01   -6.4014022522E+01
    9.9958565857E-01   -6.9414455097E+00    1.9400986016E+01   -6.4014022522E+01
    9.9958560856E-01   -6.9414455097E+00    1.9400986016E+01   -6.4014022522E+01
    9.9958555856E-01   -6.9414455097E+00    1.9400986016E+01   -6.4014022522E+01
    9.9958550855E-01   -6.9414455097E+00    1.9400986016E+01   -6.4014022522E+01
    9.9958545855E-01   -6.9414455097E+00    1.9400986016E+01   -6.4014022522E+01
    9.9958540854E-01   -6.9414455097E+00    1.9400986016E+01   -6.4014022522E+01
    9.9958535854E-01   -6.9414455097E+00    1.9400986016E+01   -6.4014022522E+01
    9.9958530853E-01   -6.9414455097E+00    1.9400986016E+01   -6.4014022522E+01
    9.9958525853E-01   -6.9414455097E+00    1.9400986016E+01   -6.4014022522E+01
    9.9958520852E-01   -6.9414455097E+00    1.9400986016E+01   -6.4014022522E+01
    9.9958515852E-01   -6.9414455097E+00    1.9400986016E+01   -6.4014022522E+01
    9.9958510851E-01   -6.9414455097E+00    1.9400986016E+01   -6.4014022522E+01
    9.9958505851E-01   -6.9414455097E+00    1.9400986016E+01   -6.4014022522E+01
    9.9958500850E-01   -6.9414455097E+00    1.9400986016E+01   -6.4014022522E+01
    9.9958495850E-01   -6.9414455097E+00    1.9400986016E+01   -6.4014022522E+01
    9.9958490849E-01   -6.9414455097E+00    1.9400986016E+01   -6.4014022522E+01
    9.9958485849E-01   -6.9414455097E+00    1.9400986016E+01   -6.4014022522E+01
    9.9958480848E-01   -6.9414455097E+00    1.9400986016E+01   -6.4014022522E+01
    9.9958475848E-01   -6.9414455097E+00    1.9400986016E+01   -6.4014022522E+01
    9.9958470847E-01   -6.9414455097E+00    1.9400986016E+01   -6.4014022522E+01
    9.9958465847E-01   -6.9414455097E+00    1.9400986016E+01   -6.4014022522E+01
    9.9958460846E-01   -6.9414455097E+00    1.9400986016E+01   -6.4014022522E+01
    9.9958455846E-01   -6.9414455097E+00    1.9400986016E+01   -6.4014022522E+01
    9.9958450845E-01   -6.9414455097E+00    1.9400986016E+01   -6.4014022522E+01
    9.9958445845E-01   -6.9414455097E+00    1.9400986016E+01   -6.4014022522E+01
    9.9958440844E-01   -6.9414455097E+00    1.9400986016E+01   -6.4014022522E+01
    9.9958435844E-01   -6.9414455097E+00    1.9400986016E+01   -6.4014022522E+01
    9.9958430843E-01   -6.9414455097E+00    1.9400986016E+01   -6.4014022522E+01
    9.9958425843E-01   -6.9414455097E+00    1.9400986016E+01   -6.4014022522E+01
    9.9958420842E-01   -6.9414455097E+00    1.9400986016E+01   -6.4014022522E+01
    9.9958415842E-01   -6.9414455097E+00    1.9400986016E+01   -6.4014022522E+01
    9.9958410841E-01   -6.9414455097E+00    1.9400986016E+01   -6.4014022522E+01
    9.9958405841E-01   -6.9414455097E+00    1.9400986016E+01   -6.4014022522E+01
    9.9958400840E-01   -6.9414455097E+00    1.9400986016E+01   -6.4014022522E+01
    9.9958395840E-01   -6.9414455097E+00    1.9400986016E+01   -6.4014022522E+01
    9.9958390839E-01   -6.9414455097E+00    1.9400986016E+01   -6.4014022522E+01
    9.9958385839E-01   -6.9414455097E+00    1.9400986016E+01   -6.4014022522E+01
    9.9958380838E-01   -6.9414455097E+00    1.9400986016E+01   -6.4014022522E+01
    9.9958375838E-01   -6.9414455097E+00    1.9400986016E+01   -6.4014022522E+01
    9.9958370837E-01   -6.9414455097E+00    1.9400986016E+01   -6.4014022522E+01
    9.9958365837E-01   -6.9414455097E+00    1.9400986016E+01   -6.4014022522E+01
    9.9958360836E-01   -6.9414455097E+00    1.9400986016E+01   -6.4014022522E+01
    9.9958355836E-01   -6.9414455097E+00    1.9400986016E+01   -6.4014022522E+01
    9.9958350835E-01   -6.9414455097E+00    1.9400986016E+01   -6.4014022522E+01
    9.9958345835E-01   -6.9414455097E+00    1.9400986016E+01   -6.4014022522E+01
    9.9958340834E-01   -6.9414455097E+00    1.9400986016E+01   -6.4014022522E+01
    9.9958335834E-01   -6.9414455097E+00    1.9400986016E+01   -6.4014022522E+01
    9.9958330833E-01   -6.9414455097E+00    1.9400986016E+01   -6.4014022522E+01
    9.9958325833E-01   -6.9414455097E+00    1.9400986016E+01   -6.4014022522E+01
    9.9958320832E-01   -6.9414455097E+00    1.9400986016E+01   -6.4014022522E+01
    9.9958315832E-01   -6.9414455097E+00    1.9400986016E+01   -6.4014022522E+01
    9.9958310831E-01   -6.9414455097E+00    1.9400986016E+01   -6.4014022522E+01
    9.9958305831E-01   -6.9414455097E+00    1.9400986016E+01   -6.4014022522E+01
    9.9958300830E-01   -6.9414455097E+00    1.9400986016E+01   -6.4014022522E+01
    9.9958295830E-01   -6.9414455097E+00    1.9400986016E+01   -6.4014022522E+01
    9.9958290829E-01   -6.9414455097E+00    1.9400986016E+01   -6.4014022522E+01
    9.9958285829E-01   -6.9414455097E+00    1.9400986016E+01   -6.4014022522E+01
    9.9958280828E-01   -6.9414455097E+00    1.9400986016E+01   -6.4014022522E+01
    9.9958275828E-01   -6.9414455097E+00    1.9400986016E+01   -6.4014022522E+01
    9.9958270827E-01   -6.9414455097E+00    1.9400986016E+01   -6.4014022522E+01
    9.9958265827E-01   -6.9414455097E+00    1.9400986016E+01   -6.4014022522E+01
    9.9958260826E-01   -6.9414455097E+00    1.9400986016E+01   -6.4014022522E+01
    9.9958255826E-01   -6.9414455097E+00    1.9400986016E+01   -6.4014022522E+01
    9.9958250825E-01   -6.9414455097E+00    1.9400986016E+01   -6.4014022522E+01
    9.9958245825E-01   -6.9414455097E+00    1.9400986016E+01   -6.4014022522E+01
    9.9958240824E-01   -6.9414455097E+00    1.9400986016E+01   -6.4014022522E+01
    9.9958235824E-01   -6.9414455097E+00    1.9400986016E+01   -6.4014022522E+01
    9.9958230823E-01   -6.9414455097E+00    1.9400986016E+01   -6.4014022522E+01
    9.9958225823E-01   -6.9414455097E+00    1.9400986016E+01   -6.4014022522E+01
    9.9958220822E-01   -6.9414455097E+00    1.9400986016E+01   -6.4014022522E+01
    9.9958215822E-01   -6.9414455097E+00    1.9400986016E+01   -6.4014022522E+01
    9.9958210821E-01   -6.9414455097E+00    1.9400986016E+01   -6.4014022522E+01
    9.9958205821E-01   -6.9414455097E+00    1.9400986016E+01   -6.4014022522E+01
    9.9958200820E-01   -6.9414455097E+00    1.9400986016E+01   -6.4014022522E+01
    9.9958195820E-01   -6.9414455097E+00    1.9400986016E+01   -6.4014022522E+01
    9.9958190819E-01   -6.9414455097E+00    1.9400986016E+01   -6.4014022522E+01
    9.9958185819E-01   -6.9414455097E+00    1.9400986016E+01   -6.4014022522E+01
    9.9958180818E-01   -6.9414455097E+00    1.9400986016E+01   -6.4014022522E+01
    9.9958175818E-01   -6.9414455097E+00    1.9400986016E+01   -6.4014022522E+01
    9.9958170817E-01   -6.9414455097E+00    1.9400986016E+01   -6.4014022522E+01
    9.9958165817E-01   -6.9414455097E+00    1.9400986016E+01   -6.4014022522E+01
    9.9958160816E-01   -6.9414455097E+00    1.9400986016E+01   -6.4014022522E+01
    9.9958155816E-01   -6.9414455097E+00    1.9400986016E+01   -6.4014022522E+01
    9.9958150815E-01   -6.9414455097E+00    1.9400986016E+01   -6.4014022522E+01
    9.9958145815E-01   -6.9414455097E+00    1.9400986016E+01   -6.4014022522E+01
    9.9958140814E-01   -6.9414455097E+00    1.9400986016E+01   -6.4014022522E+01
    9.9958135814E-01   -6.9414455097E+00    1.9400986016E+01   -6.4014022522E+01
    9.9958130813E-01   -6.9414455097E+00    1.9400986016E+01   -6.4014022522E+01
    9.9958125813E-01   -6.9414455097E+00    1.9400986016E+01   -6.4014022522E+01
    9.9958120812E-01   -6.9414455097E+00    1.9400986016E+01   -6.4014022522E+01
    9.9958115812E-01   -6.9414455097E+00    1.9400986016E+01   -6.4014022522E+01
    9.9958110811E-01   -6.9414455097E+00    1.9400986016E+01   -6.4014022522E+01
    9.9958105811E-01   -6.9414455097E+00    1.9400986016E+01   -6.4014022522E+01
    9.9958100810E-01   -6.9414455097E+00    1.9400986016E+01   -6.4014022522E+01
    9.9958095810E-01   -6.9414455097E+00    1.9400986016E+01   -6.4014022522E+01
    9.9958090809E-01   -6.9414455097E+00    1.9400986016E+01   -6.4014022522E+01
    9.9958085809E-01   -6.9414455097E+00    1.9400986016E+01   -6.4014022522E+01
    9.9958080808E-01   -6.9414455097E+00    1.9400986016E+01   -6.4014022522E+01
    9.9958075808E-01   -6.9414455097E+00    1.9400986016E+01   -6.4014022522E+01
    9.9958070807E-01   -6.9414455097E+00    1.9400986016E+01   -6.4014022522E+01
    9.9958065807E-01   -6.9414455097E+00    1.9400986016E+01   -6.4014022522E+01
    9.9958060806E-01   -6.9414455097E+00    1.9400986016E+01   -6.4014022522E+01
    9.9958055806E-01   -6.9414455097E+00    1.9400986016E+01   -6.4014022522E+01
    9.9958050805E-01   -6.9414455097E+00    1.9400986016E+01   -6.4014022522E+01
    9.9958045805E-01   -6.9414455097E+00    1.9400986016E+01   -6.4014022522E+01
    9.9958040804E-01   -6.9414455097E+00    1.9400986016E+01   -6.4014022522E+01
    9.9958035804E-01   -6.9414455097E+00    1.9400986016E+01   -6.4014022522E+01
    9.9958030803E-01   -6.9414455097E+00    1.9400986016E+01   -6.4014022522E+01
    9.9958025803E-01   -6.9414455097E+00    1.9400986016E+01   -6.4014022522E+01
    9.9958020802E-01   -6.9414455097E+00    1.9400986016E+01   -6.4014022522E+01
    9.9958015802E-01   -6.9414455097E+00    1.9400986016E+01   -6.4014022522E+01
    9.9958010801E-01   -6.9414455097E+00    1.9400986016E+01   -6.4014022522E+01
    9.9958005801E-01   -6.9414455097E+00    1.9400986016E+01   -6.4014022522E+01
    9.9958000800E-01   -6.9414455097E+00    1.9400986016E+01   -6.4014022522E+01
    9.9957995800E-01   -6.9414455097E+00    1.9400986016E+01   -6.4014022522E+01
    9.9957990799E-01   -6.9414455097E+00    1.9400986016E+01   -6.4014022522E+01
    9.9957985799E-01   -6.9414455097E+00    1.9400986016E+01   -6.4014022522E+01
    9.9957980798E-01   -6.9414455097E+00    1.9400986016E+01   -6.4014022522E+01
    9.9957975798E-01   -6.9414455097E+00    1.9400986016E+01   -6.4014022522E+01
    9.9957970797E-01   -6.9414455097E+00    1.9400986016E+01   -6.4014022522E+01
    9.9957965797E-01   -6.9414455097E+00    1.9400986016E+01   -6.4014022522E+01
    9.9957960796E-01   -6.9414455097E+00    1.9400986016E+01   -6.4014022522E+01
    9.9957955796E-01   -6.9414455097E+00    1.9400986016E+01   -6.4014022522E+01
    9.9957950795E-01   -6.9414455097E+00    1.9400986016E+01   -6.4014022522E+01
    9.9957945795E-01   -6.9414455097E+00    1.9400986016E+01   -6.4014022522E+01
    9.9957940794E-01   -6.9414455097E+00    1.9400986016E+01   -6.4014022522E+01
    9.9957935794E-01   -6.9414455097E+00    1.9400986016E+01   -6.4014022522E+01
    9.9957930793E-01   -6.9414455097E+00    1.9400986016E+01   -6.4014022522E+01
    9.9957925793E-01   -6.9414455097E+00    1.9400986016E+01   -6.4014022522E+01
    9.9957920792E-01   -6.9414455097E+00    1.9400986016E+01   -6.4014022522E+01
    9.9957915792E-01   -6.9414455097E+00    1.9400986016E+01   -6.4014022522E+01
    9.9957910791E-01   -6.9414455097E+00    1.9400986016E+01   -6.4014022522E+01
    9.9957905791E-01   -6.9414455097E+00    1.9400986016E+01   -6.4014022522E+01
    9.9957900790E-01   -6.9414455097E+00    1.9400986016E+01   -6.4014022522E+01
    9.9957895790E-01   -6.9414455097E+00    1.9400986016E+01   -6.4014022522E+01
    9.9957890789E-01   -6.9414455097E+00    1.9400986016E+01   -6.4014022522E+01
    9.9957885789E-01   -6.9414455097E+00    1.9400986016E+01   -6.4014022522E+01
    9.9957880788E-01   -6.9414455097E+00    1.9400986016E+01   -6.4014022522E+01
    9.9957875788E-01   -6.9414455097E+00    1.9400986016E+01   -6.4014022522E+01
    9.9957870787E-01   -6.9414455097E+00    1.9400986016E+01   -6.4014022522E+01
    9.9957865787E-01   -6.9414455097E+00    1.9400986016E+01   -6.4014022522E+01
    9.9957860786E-01   -6.9414455097E+00    1.9400986016E+01   -6.4014022522E+01
    9.9957855786E-01   -6.9414455097E+00    1.9400986016E+01   -6.4014022522E+01
    9.9957850785E-01   -6.9414455097E+00    1.9400986016E+01   -6.4014022522E+01
    9.9957845785E-01   -6.9414455097E+00    1.9400986016E+01   -6.4014022522E+01
    9.9957840784E-01   -6.9414455097E+00    1.9400986016E+01   -6.4014022522E+01
    9.9957835784E-01   -6.9414455097E+00    1.9400986016E+01   -6.4014022522E+01
    9.9957830783E-01   -6.9414455097E+00    1.9400986016E+01   -6.4014022522E+01
    9.9957825783E-01   -6.9414455097E+00    1.9400986016E+01   -6.4014022522E+01
    9.9957820782E-01   -6.9414455097E+00    1.9400986016E+01   -6.4014022522E+01
    9.9957815782E-01   -6.9414455097E+00    1.9400986016E+01   -6.4014022522E+01
    9.9957810781E-01   -6.9414455097E+00    1.9400986016E+01   -6.4014022522E+01
    9.9957805781E-01   -6.9414455097E+00    1.9400986016E+01   -6.4014022522E+01
    9.9957800780E-01   -6.9414455097E+00    1.9400986016E+01   -6.4014022522E+01
    9.9957795780E-01   -6.9414455097E+00    1.9400986016E+01   -6.4014022522E+01
    9.9957790779E-01   -6.9414455097E+00    1.9400986016E+01   -6.4014022522E+01
    9.9957785779E-01   -6.9414455097E+00    1.9400986016E+01   -6.4014022522E+01
    9.9957780778E-01   -6.9414455097E+00    1.9400986016E+01   -6.4014022522E+01
    9.9957775778E-01   -6.9414455097E+00    1.9400986016E+01   -6.4014022522E+01
    9.9957770777E-01   -6.9414455097E+00    1.9400986016E+01   -6.4014022522E+01
    9.9957765777E-01   -6.9414455097E+00    1.9400986016E+01   -6.4014022522E+01
    9.9957760776E-01   -6.9414455097E+00    1.9400986016E+01   -6.4014022522E+01
    9.9957755776E-01   -6.9414455097E+00    1.9400986016E+01   -6.4014022522E+01
    9.9957750775E-01   -6.9414455097E+00    1.9400986016E+01   -6.4014022522E+01
    9.9957745775E-01   -6.9414455097E+00    1.9400986016E+01   -6.4014022522E+01
    9.9957740774E-01   -6.9414455097E+00    1.9400986016E+01   -6.4014022522E+01
    9.9957735774E-01   -6.9414455097E+00    1.9400986016E+01   -6.4014022522E+01
    9.9957730773E-01   -6.9414455097E+00    1.9400986016E+01   -6.4014022522E+01
    9.9957725773E-01   -6.9414455097E+00    1.9400986016E+01   -6.4014022522E+01
    9.9957720772E-01   -6.9414455097E+00    1.9400986016E+01   -6.4014022522E+01
    9.9957715772E-01   -6.9414455097E+00    1.9400986016E+01   -6.4014022522E+01
    9.9957710771E-01   -6.9414455097E+00    1.9400986016E+01   -6.4014022522E+01
    9.9957705771E-01   -6.9414455097E+00    1.9400986016E+01   -6.4014022522E+01
    9.9957700770E-01   -6.9414455097E+00    1.9400986016E+01   -6.4014022522E+01
    9.9957695770E-01   -6.9414455097E+00    1.9400986016E+01   -6.4014022522E+01
    9.9957690769E-01   -6.9414455097E+00    1.9400986016E+01   -6.4014022522E+01
    9.9957685769E-01   -6.9414455097E+00    1.9400986016E+01   -6.4014022522E+01
    9.9957680768E-01   -6.9414455097E+00    1.9400986016E+01   -6.4014022522E+01
    9.9957675768E-01   -6.9414455097E+00    1.9400986016E+01   -6.4014022522E+01
    9.9957670767E-01   -6.9414455097E+00    1.9400986016E+01   -6.4014022522E+01
    9.9957665767E-01   -6.9414455097E+00    1.9400986016E+01   -6.4014022522E+01
    9.9957660766E-01   -6.9414455097E+00    1.9400986016E+01   -6.4014022522E+01
    9.9957655766E-01   -6.9414455097E+00    1.9400986016E+01   -6.4014022522E+01
    9.9957650765E-01   -6.9414455097E+00    1.9400986016E+01   -6.4014022522E+01
    9.9957645765E-01   -6.9414455097E+00    1.9400986016E+01   -6.4014022522E+01
    9.9957640764E-01   -6.9414455097E+00    1.9400986016E+01   -6.4014022522E+01
    9.9957635764E-01   -6.9414455097E+00    1.9400986016E+01   -6.4014022522E+01
    9.9957630763E-01   -6.9414455097E+00    1.9400986016E+01   -6.4014022522E+01
    9.9957625763E-01   -6.9414455097E+00    1.9400986016E+01   -6.4014022522E+01
    9.9957620762E-01   -6.9414455097E+00    1.9400986016E+01   -6.4014022522E+01
    9.9957615762E-01   -6.9414455097E+00    1.9400986016E+01   -6.4014022522E+01
    9.9957610761E-01   -6.9414455097E+00    1.9400986016E+01   -6.4014022522E+01
    9.9957605761E-01   -6.9414455097E+00    1.9400986016E+01   -6.4014022522E+01
    9.9957600760E-01   -6.9414455097E+00    1.9400986016E+01   -6.4014022522E+01
    9.9957595760E-01   -6.9414455097E+00    1.9400986016E+01   -6.4014022522E+01
    9.9957590759E-01   -6.9414455097E+00    1.9400986016E+01   -6.4014022522E+01
    9.9957585759E-01   -6.9414455097E+00    1.9400986016E+01   -6.4014022522E+01
    9.9957580758E-01   -6.9414455097E+00    1.9400986016E+01   -6.4014022522E+01
    9.9957575758E-01   -6.9414455097E+00    1.9400986016E+01   -6.4014022522E+01
    9.9957570757E-01   -6.9414455097E+00    1.9400986016E+01   -6.4014022522E+01
    9.9957565757E-01   -6.9414455097E+00    1.9400986016E+01   -6.4014022522E+01
    9.9957560756E-01   -6.9414455097E+00    1.9400986016E+01   -6.4014022522E+01
    9.9957555756E-01   -6.9414455097E+00    1.9400986016E+01   -6.4014022522E+01
    9.9957550755E-01   -6.9414455097E+00    1.9400986016E+01   -6.4014022522E+01
    9.9957545755E-01   -6.9414455097E+00    1.9400986016E+01   -6.4014022522E+01
    9.9957540754E-01   -6.9414455097E+00    1.9400986016E+01   -6.4014022522E+01
    9.9957535754E-01   -6.9414455097E+00    1.9400986016E+01   -6.4014022522E+01
    9.9957530753E-01   -6.9414455097E+00    1.9400986016E+01   -6.4014022522E+01
    9.9957525753E-01   -6.9414455097E+00    1.9400986016E+01   -6.4014022522E+01
    9.9957520752E-01   -6.9414455097E+00    1.9400986016E+01   -6.4014022522E+01
    9.9957515752E-01   -6.9414455097E+00    1.9400986016E+01   -6.4014022522E+01
    9.9957510751E-01   -6.9414455097E+00    1.9400986016E+01   -6.4014022522E+01
    9.9957505751E-01   -6.9414455097E+00    1.9400986016E+01   -6.4014022522E+01
    9.9957500750E-01   -6.9414455097E+00    1.9400986016E+01   -6.4014022522E+01
    9.9957495750E-01   -6.9414455097E+00    1.9400986016E+01   -6.4014022522E+01
    9.9957490749E-01   -6.9414455097E+00    1.9400986016E+01   -6.4014022522E+01
    9.9957485749E-01   -6.9414455097E+00    1.9400986016E+01   -6.4014022522E+01
    9.9957480748E-01   -6.9414455097E+00    1.9400986016E+01   -6.4014022522E+01
    9.9957475748E-01   -6.9414455097E+00    1.9400986016E+01   -6.4014022522E+01
    9.9957470747E-01   -6.9414455097E+00    1.9400986016E+01   -6.4014022522E+01
    9.9957465747E-01   -6.9414455097E+00    1.9400986016E+01   -6.4014022522E+01
    9.9957460746E-01   -6.9414455097E+00    1.9400986016E+01   -6.4014022522E+01
    9.9957455746E-01   -6.9414455097E+00    1.9400986016E+01   -6.4014022522E+01
    9.9957450745E-01   -6.9414455097E+00    1.9400986016E+01   -6.4014022522E+01
    9.9957445745E-01   -6.9414455097E+00    1.9400986016E+01   -6.4014022522E+01
    9.9957440744E-01   -6.9414455097E+00    1.9400986016E+01   -6.4014022522E+01
    9.9957435744E-01   -6.9414455097E+00    1.9400986016E+01   -6.4014022522E+01
    9.9957430743E-01   -6.9414455097E+00    1.9400986016E+01   -6.4014022522E+01
    9.9957425743E-01   -6.9414455097E+00    1.9400986016E+01   -6.4014022522E+01
    9.9957420742E-01   -6.9414455097E+00    1.9400986016E+01   -6.4014022522E+01
    9.9957415742E-01   -6.9414455097E+00    1.9400986016E+01   -6.4014022522E+01
    9.9957410741E-01   -6.9414455097E+00    1.9400986016E+01   -6.4014022522E+01
    9.9957405741E-01   -6.9414455097E+00    1.9400986016E+01   -6.4014022522E+01
    9.9957400740E-01   -6.9414455097E+00    1.9400986016E+01   -6.4014022522E+01
    9.9957395740E-01   -6.9414455097E+00    1.9400986016E+01   -6.4014022522E+01
    9.9957390739E-01   -6.9414455097E+00    1.9400986016E+01   -6.4014022522E+01
    9.9957385739E-01   -6.9414455097E+00    1.9400986016E+01   -6.4014022522E+01
    9.9957380738E-01   -6.9414455097E+00    1.9400986016E+01   -6.4014022522E+01
    9.9957375738E-01   -6.9414455097E+00    1.9400986016E+01   -6.4014022522E+01
    9.9957370737E-01   -6.9414455097E+00    1.9400986016E+01   -6.4014022522E+01
    9.9957365737E-01   -6.9414455097E+00    1.9400986016E+01   -6.4014022522E+01
    9.9957360736E-01   -6.9414455097E+00    1.9400986016E+01   -6.4014022522E+01
    9.9957355736E-01   -6.9414455097E+00    1.9400986016E+01   -6.4014022522E+01
    9.9957350735E-01   -6.9414455097E+00    1.9400986016E+01   -6.4014022522E+01
    9.9957345735E-01   -6.9414455097E+00    1.9400986016E+01   -6.4014022522E+01
    9.9957340734E-01   -6.9414455097E+00    1.9400986016E+01   -6.4014022522E+01
    9.9957335734E-01   -6.9414455097E+00    1.9400986016E+01   -6.4014022522E+01
    9.9957330733E-01   -6.9414455097E+00    1.9400986016E+01   -6.4014022522E+01
    9.9957325733E-01   -6.9414455097E+00    1.9400986016E+01   -6.4014022522E+01
    9.9957320732E-01   -6.9414455097E+00    1.9400986016E+01   -6.4014022522E+01
    9.9957315732E-01   -6.9414455097E+00    1.9400986016E+01   -6.4014022522E+01
    9.9957310731E-01   -6.9414455097E+00    1.9400986016E+01   -6.4014022522E+01
    9.9957305731E-01   -6.9414455097E+00    1.9400986016E+01   -6.4014022522E+01
    9.9957300730E-01   -6.9414455097E+00    1.9400986016E+01   -6.4014022522E+01
    9.9957295730E-01   -6.9414455097E+00    1.9400986016E+01   -6.4014022522E+01
    9.9957290729E-01   -6.9414455097E+00    1.9400986016E+01   -6.4014022522E+01
    9.9957285729E-01   -6.9414455097E+00    1.9400986016E+01   -6.4014022522E+01
    9.9957280728E-01   -6.9414455097E+00    1.9400986016E+01   -6.4014022522E+01
    9.9957275728E-01   -6.9414455097E+00    1.9400986016E+01   -6.4014022522E+01
    9.9957270727E-01   -6.9414455097E+00    1.9400986016E+01   -6.4014022522E+01
    9.9957265727E-01   -6.9414455097E+00    1.9400986016E+01   -6.4014022522E+01
    9.9957260726E-01   -6.9414455097E+00    1.9400986016E+01   -6.4014022522E+01
    9.9957255726E-01   -6.9414455097E+00    1.9400986016E+01   -6.4014022522E+01
    9.9957250725E-01   -6.9414455097E+00    1.9400986016E+01   -6.4014022522E+01
    9.9957245725E-01   -6.9414455097E+00    1.9400986016E+01   -6.4014022522E+01
    9.9957240724E-01   -6.9414455097E+00    1.9400986016E+01   -6.4014022522E+01
    9.9957235724E-01   -6.9414455097E+00    1.9400986016E+01   -6.4014022522E+01
    9.9957230723E-01   -6.9414455097E+00    1.9400986016E+01   -6.4014022522E+01
    9.9957225723E-01   -6.9414455097E+00    1.9400986016E+01   -6.4014022522E+01
    9.9957220722E-01   -6.9414455097E+00    1.9400986016E+01   -6.4014022522E+01
    9.9957215722E-01   -6.9414455097E+00    1.9400986016E+01   -6.4014022522E+01
    9.9957210721E-01   -6.9414455097E+00    1.9400986016E+01   -6.4014022522E+01
    9.9957205721E-01   -6.9414455097E+00    1.9400986016E+01   -6.4014022522E+01
    9.9957200720E-01   -6.9414455097E+00    1.9400986016E+01   -6.4014022522E+01
    9.9957195720E-01   -6.9414455097E+00    1.9400986016E+01   -6.4014022522E+01
    9.9957190719E-01   -6.9414455097E+00    1.9400986016E+01   -6.4014022522E+01
    9.9957185719E-01   -6.9414455097E+00    1.9400986016E+01   -6.4014022522E+01
    9.9957180718E-01   -6.9414455097E+00    1.9400986016E+01   -6.4014022522E+01
    9.9957175718E-01   -6.9414455097E+00    1.9400986016E+01   -6.4014022522E+01
    9.9957170717E-01   -6.9414455097E+00    1.9400986016E+01   -6.4014022522E+01
    9.9957165717E-01   -6.9414455097E+00    1.9400986016E+01   -6.4014022522E+01
    9.9957160716E-01   -6.9414455097E+00    1.9400986016E+01   -6.4014022522E+01
    9.9957155716E-01   -6.9414455097E+00    1.9400986016E+01   -6.4014022522E+01
    9.9957150715E-01   -6.9414455097E+00    1.9400986016E+01   -6.4014022522E+01
    9.9957145715E-01   -6.9414455097E+00    1.9400986016E+01   -6.4014022522E+01
    9.9957140714E-01   -6.9414455097E+00    1.9400986016E+01   -6.4014022522E+01
    9.9957135714E-01   -6.9414455097E+00    1.9400986016E+01   -6.4014022522E+01
    9.9957130713E-01   -6.9414455097E+00    1.9400986016E+01   -6.4014022522E+01
    9.9957125713E-01   -6.9414455097E+00    1.9400986016E+01   -6.4014022522E+01
    9.9957120712E-01   -6.9414455097E+00    1.9400986016E+01   -6.4014022522E+01
    9.9957115712E-01   -6.9414455097E+00    1.9400986016E+01   -6.4014022522E+01
    9.9957110711E-01   -6.9414455097E+00    1.9400986016E+01   -6.4014022522E+01
    9.9957105711E-01   -6.9414455097E+00    1.9400986016E+01   -6.4014022522E+01
    9.9957100710E-01   -6.9414455097E+00    1.9400986016E+01   -6.4014022522E+01
    9.9957095710E-01   -6.9414455097E+00    1.9400986016E+01   -6.4014022522E+01
    9.9957090709E-01   -6.9414455097E+00    1.9400986016E+01   -6.4014022522E+01
    9.9957085709E-01   -6.9414455097E+00    1.9400986016E+01   -6.4014022522E+01
    9.9957080708E-01   -6.9414455097E+00    1.9400986016E+01   -6.4014022522E+01
    9.9957075708E-01   -6.9414455097E+00    1.9400986016E+01   -6.4014022522E+01
    9.9957070707E-01   -6.9414455097E+00    1.9400986016E+01   -6.4014022522E+01
    9.9957065707E-01   -6.9414455097E+00    1.9400986016E+01   -6.4014022522E+01
    9.9957060706E-01   -6.9414455097E+00    1.9400986016E+01   -6.4014022522E+01
    9.9957055706E-01   -6.9414455097E+00    1.9400986016E+01   -6.4014022522E+01
    9.9957050705E-01   -6.9414455097E+00    1.9400986016E+01   -6.4014022522E+01
    9.9957045705E-01   -6.9414455097E+00    1.9400986016E+01   -6.4014022522E+01
    9.9957040704E-01   -6.9414455097E+00    1.9400986016E+01   -6.4014022522E+01
    9.9957035704E-01   -6.9414455097E+00    1.9400986016E+01   -6.4014022522E+01
    9.9957030703E-01   -6.9414455097E+00    1.9400986016E+01   -6.4014022522E+01
    9.9957025703E-01   -6.9414455097E+00    1.9400986016E+01   -6.4014022522E+01
    9.9957020702E-01   -6.9414455097E+00    1.9400986016E+01   -6.4014022522E+01
    9.9957015702E-01   -6.9414455097E+00    1.9400986016E+01   -6.4014022522E+01
    9.9957010701E-01   -6.9414455097E+00    1.9400986016E+01   -6.4014022522E+01
    9.9957005701E-01   -6.9414455097E+00    1.9400986016E+01   -6.4014022522E+01
    9.9957000700E-01   -6.9414455097E+00    1.9400986016E+01   -6.4014022522E+01
    9.9956995700E-01   -6.9414455097E+00    1.9400986016E+01   -6.4014022522E+01
    9.9956990699E-01   -6.9414455097E+00    1.9400986016E+01   -6.4014022522E+01
    9.9956985699E-01   -6.9414455097E+00    1.9400986016E+01   -6.4014022522E+01
    9.9956980698E-01   -6.9414455097E+00    1.9400986016E+01   -6.4014022522E+01
    9.9956975698E-01   -6.9414455097E+00    1.9400986016E+01   -6.4014022522E+01
    9.9956970697E-01   -6.9414455097E+00    1.9400986016E+01   -6.4014022522E+01
    9.9956965697E-01   -6.9414455097E+00    1.9400986016E+01   -6.4014022522E+01
    9.9956960696E-01   -6.9414455097E+00    1.9400986016E+01   -6.4014022522E+01
    9.9956955696E-01   -6.9414455097E+00    1.9400986016E+01   -6.4014022522E+01
    9.9956950695E-01   -6.9414455097E+00    1.9400986016E+01   -6.4014022522E+01
    9.9956945695E-01   -6.9414455097E+00    1.9400986016E+01   -6.4014022522E+01
    9.9956940694E-01   -6.9414455097E+00    1.9400986016E+01   -6.4014022522E+01
    9.9956935694E-01   -6.9414455097E+00    1.9400986016E+01   -6.4014022522E+01
    9.9956930693E-01   -6.9414455097E+00    1.9400986016E+01   -6.4014022522E+01
    9.9956925693E-01   -6.9414455097E+00    1.9400986016E+01   -6.4014022522E+01
    9.9956920692E-01   -6.9414455097E+00    1.9400986016E+01   -6.4014022522E+01
    9.9956915692E-01   -6.9414455097E+00    1.9400986016E+01   -6.4014022522E+01
    9.9956910691E-01   -6.9414455097E+00    1.9400986016E+01   -6.4014022522E+01
    9.9956905691E-01   -6.9414455097E+00    1.9400986016E+01   -6.4014022522E+01
    9.9956900690E-01   -6.9414455097E+00    1.9400986016E+01   -6.4014022522E+01
    9.9956895690E-01   -6.9414455097E+00    1.9400986016E+01   -6.4014022522E+01
    9.9956890689E-01   -6.9414455097E+00    1.9400986016E+01   -6.4014022522E+01
    9.9956885689E-01   -6.9414455097E+00    1.9400986016E+01   -6.4014022522E+01
    9.9956880688E-01   -6.9414455097E+00    1.9400986016E+01   -6.4014022522E+01
    9.9956875688E-01   -6.9414455097E+00    1.9400986016E+01   -6.4014022522E+01
    9.9956870687E-01   -6.9414455097E+00    1.9400986016E+01   -6.4014022522E+01
    9.9956865687E-01   -6.9414455097E+00    1.9400986016E+01   -6.4014022522E+01
    9.9956860686E-01   -6.9414455097E+00    1.9400986016E+01   -6.4014022522E+01
    9.9956855686E-01   -6.9414455097E+00    1.9400986016E+01   -6.4014022522E+01
    9.9956850685E-01   -6.9414455097E+00    1.9400986016E+01   -6.4014022522E+01
    9.9956845685E-01   -6.9414455097E+00    1.9400986016E+01   -6.4014022522E+01
    9.9956840684E-01   -6.9414455097E+00    1.9400986016E+01   -6.4014022522E+01
    9.9956835684E-01   -6.9414455097E+00    1.9400986016E+01   -6.4014022522E+01
    9.9956830683E-01   -6.9414455097E+00    1.9400986016E+01   -6.4014022522E+01
    9.9956825683E-01   -6.9414455097E+00    1.9400986016E+01   -6.4014022522E+01
    9.9956820682E-01   -6.9414455097E+00    1.9400986016E+01   -6.4014022522E+01
    9.9956815682E-01   -6.9414455097E+00    1.9400986016E+01   -6.4014022522E+01
    9.9956810681E-01   -6.9414455097E+00    1.9400986016E+01   -6.4014022522E+01
    9.9956805681E-01   -6.9414455097E+00    1.9400986016E+01   -6.4014022522E+01
    9.9956800680E-01   -6.9414455097E+00    1.9400986016E+01   -6.4014022522E+01
    9.9956795680E-01   -6.9414455097E+00    1.9400986016E+01   -6.4014022522E+01
    9.9956790679E-01   -6.9414455097E+00    1.9400986016E+01   -6.4014022522E+01
    9.9956785679E-01   -6.9414455097E+00    1.9400986016E+01   -6.4014022522E+01
    9.9956780678E-01   -6.9414455097E+00    1.9400986016E+01   -6.4014022522E+01
    9.9956775678E-01   -6.9414455097E+00    1.9400986016E+01   -6.4014022522E+01
    9.9956770677E-01   -6.9414455097E+00    1.9400986016E+01   -6.4014022522E+01
    9.9956765677E-01   -6.9414455097E+00    1.9400986016E+01   -6.4014022522E+01
    9.9956760676E-01   -6.9414455097E+00    1.9400986016E+01   -6.4014022522E+01
    9.9956755676E-01   -6.9414455097E+00    1.9400986016E+01   -6.4014022522E+01
    9.9956750675E-01   -6.9414455097E+00    1.9400986016E+01   -6.4014022522E+01
    9.9956745675E-01   -6.9414455097E+00    1.9400986016E+01   -6.4014022522E+01
    9.9956740674E-01   -6.9414455097E+00    1.9400986016E+01   -6.4014022522E+01
    9.9956735674E-01   -6.9414455097E+00    1.9400986016E+01   -6.4014022522E+01
    9.9956730673E-01   -6.9414455097E+00    1.9400986016E+01   -6.4014022522E+01
    9.9956725673E-01   -6.9414455097E+00    1.9400986016E+01   -6.4014022522E+01
    9.9956720672E-01   -6.9414455097E+00    1.9400986016E+01   -6.4014022522E+01
    9.9956715672E-01   -6.9414455097E+00    1.9400986016E+01   -6.4014022522E+01
    9.9956710671E-01   -6.9414455097E+00    1.9400986016E+01   -6.4014022522E+01
    9.9956705671E-01   -6.9414455097E+00    1.9400986016E+01   -6.4014022522E+01
    9.9956700670E-01   -6.9414455097E+00    1.9400986016E+01   -6.4014022522E+01
    9.9956695670E-01   -6.9414455097E+00    1.9400986016E+01   -6.4014022522E+01
    9.9956690669E-01   -6.9414455097E+00    1.9400986016E+01   -6.4014022522E+01
    9.9956685669E-01   -6.9414455097E+00    1.9400986016E+01   -6.4014022522E+01
    9.9956680668E-01   -6.9414455097E+00    1.9400986016E+01   -6.4014022522E+01
    9.9956675668E-01   -6.9414455097E+00    1.9400986016E+01   -6.4014022522E+01
    9.9956670667E-01   -6.9414455097E+00    1.9400986016E+01   -6.4014022522E+01
    9.9956665667E-01   -6.9414455097E+00    1.9400986016E+01   -6.4014022522E+01
    9.9956660666E-01   -6.9414455097E+00    1.9400986016E+01   -6.4014022522E+01
    9.9956655666E-01   -6.9414455097E+00    1.9400986016E+01   -6.4014022522E+01
    9.9956650665E-01   -6.9414455097E+00    1.9400986016E+01   -6.4014022522E+01
    9.9956645665E-01   -6.9414455097E+00    1.9400986016E+01   -6.4014022522E+01
    9.9956640664E-01   -6.9414455097E+00    1.9400986016E+01   -6.4014022522E+01
    9.9956635664E-01   -6.9414455097E+00    1.9400986016E+01   -6.4014022522E+01
    9.9956630663E-01   -6.9414455097E+00    1.9400986016E+01   -6.4014022522E+01
    9.9956625663E-01   -6.9414455097E+00    1.9400986016E+01   -6.4014022522E+01
    9.9956620662E-01   -6.9414455097E+00    1.9400986016E+01   -6.4014022522E+01
    9.9956615662E-01   -6.9414455097E+00    1.9400986016E+01   -6.4014022522E+01
    9.9956610661E-01   -6.9414455097E+00    1.9400986016E+01   -6.4014022522E+01
    9.9956605661E-01   -6.9414455097E+00    1.9400986016E+01   -6.4014022522E+01
    9.9956600660E-01   -6.9414455097E+00    1.9400986016E+01   -6.4014022522E+01
    9.9956595660E-01   -6.9414455097E+00    1.9400986016E+01   -6.4014022522E+01
    9.9956590659E-01   -6.9414455097E+00    1.9400986016E+01   -6.4014022522E+01
    9.9956585659E-01   -6.9414455097E+00    1.9400986016E+01   -6.4014022522E+01
    9.9956580658E-01   -6.9414455097E+00    1.9400986016E+01   -6.4014022522E+01
    9.9956575658E-01   -6.9414455097E+00    1.9400986016E+01   -6.4014022522E+01
    9.9956570657E-01   -6.9414455097E+00    1.9400986016E+01   -6.4014022522E+01
    9.9956565657E-01   -6.9414455097E+00    1.9400986016E+01   -6.4014022522E+01
    9.9956560656E-01   -6.9414455097E+00    1.9400986016E+01   -6.4014022522E+01
    9.9956555656E-01   -6.9414455097E+00    1.9400986016E+01   -6.4014022522E+01
    9.9956550655E-01   -6.9414455097E+00    1.9400986016E+01   -6.4014022522E+01
    9.9956545655E-01   -6.9414455097E+00    1.9400986016E+01   -6.4014022522E+01
    9.9956540654E-01   -6.9414455097E+00    1.9400986016E+01   -6.4014022522E+01
    9.9956535654E-01   -6.9414455097E+00    1.9400986016E+01   -6.4014022522E+01
    9.9956530653E-01   -6.9414455097E+00    1.9400986016E+01   -6.4014022522E+01
    9.9956525653E-01   -6.9414455097E+00    1.9400986016E+01   -6.4014022522E+01
    9.9956520652E-01   -6.9414455097E+00    1.9400986016E+01   -6.4014022522E+01
    9.9956515652E-01   -6.9414455097E+00    1.9400986016E+01   -6.4014022522E+01
    9.9956510651E-01   -6.9414455097E+00    1.9400986016E+01   -6.4014022522E+01
    9.9956505651E-01   -6.9414455097E+00    1.9400986016E+01   -6.4014022522E+01
    9.9956500650E-01   -6.9414455097E+00    1.9400986016E+01   -6.4014022522E+01
    9.9956495650E-01   -6.9414455097E+00    1.9400986016E+01   -6.4014022522E+01
    9.9956490649E-01   -6.9414455097E+00    1.9400986016E+01   -6.4014022522E+01
    9.9956485649E-01   -6.9414455097E+00    1.9400986016E+01   -6.4014022522E+01
    9.9956480648E-01   -6.9414455097E+00    1.9400986016E+01   -6.4014022522E+01
    9.9956475648E-01   -6.9414455097E+00    1.9400986016E+01   -6.4014022522E+01
    9.9956470647E-01   -6.9414455097E+00    1.9400986016E+01   -6.4014022522E+01
    9.9956465647E-01   -6.9414455097E+00    1.9400986016E+01   -6.4014022522E+01
    9.9956460646E-01   -6.9414455097E+00    1.9400986016E+01   -6.4014022522E+01
    9.9956455646E-01   -6.9414455097E+00    1.9400986016E+01   -6.4014022522E+01
    9.9956450645E-01   -6.9414455097E+00    1.9400986016E+01   -6.4014022522E+01
    9.9956445645E-01   -6.9414455097E+00    1.9400986016E+01   -6.4014022522E+01
    9.9956440644E-01   -6.9414455097E+00    1.9400986016E+01   -6.4014022522E+01
    9.9956435644E-01   -6.9414455097E+00    1.9400986016E+01   -6.4014022522E+01
    9.9956430643E-01   -6.9414455097E+00    1.9400986016E+01   -6.4014022522E+01
    9.9956425643E-01   -6.9414455097E+00    1.9400986016E+01   -6.4014022522E+01
    9.9956420642E-01   -6.9414455097E+00    1.9400986016E+01   -6.4014022522E+01
    9.9956415642E-01   -6.9414455097E+00    1.9400986016E+01   -6.4014022522E+01
    9.9956410641E-01   -6.9414455097E+00    1.9400986016E+01   -6.4014022522E+01
    9.9956405641E-01   -6.9414455097E+00    1.9400986016E+01   -6.4014022522E+01
    9.9956400640E-01   -6.9414455097E+00    1.9400986016E+01   -6.4014022522E+01
    9.9956395640E-01   -6.9414455097E+00    1.9400986016E+01   -6.4014022522E+01
    9.9956390639E-01   -6.9414455097E+00    1.9400986016E+01   -6.4014022522E+01
    9.9956385639E-01   -6.9414455097E+00    1.9400986016E+01   -6.4014022522E+01
    9.9956380638E-01   -6.9414455097E+00    1.9400986016E+01   -6.4014022522E+01
    9.9956375638E-01   -6.9414455097E+00    1.9400986016E+01   -6.4014022522E+01
    9.9956370637E-01   -6.9414455097E+00    1.9400986016E+01   -6.4014022522E+01
    9.9956365637E-01   -6.9414455097E+00    1.9400986016E+01   -6.4014022522E+01
    9.9956360636E-01   -6.9414455097E+00    1.9400986016E+01   -6.4014022522E+01
    9.9956355636E-01   -6.9414455097E+00    1.9400986016E+01   -6.4014022522E+01
    9.9956350635E-01   -6.9414455097E+00    1.9400986016E+01   -6.4014022522E+01
    9.9956345635E-01   -6.9414455097E+00    1.9400986016E+01   -6.4014022522E+01
    9.9956340634E-01   -6.9414455097E+00    1.9400986016E+01   -6.4014022522E+01
    9.9956335634E-01   -6.9414455097E+00    1.9400986016E+01   -6.4014022522E+01
    9.9956330633E-01   -6.9414455097E+00    1.9400986016E+01   -6.4014022522E+01
    9.9956325633E-01   -6.9414455097E+00    1.9400986016E+01   -6.4014022522E+01
    9.9956320632E-01   -6.9414455097E+00    1.9400986016E+01   -6.4014022522E+01
    9.9956315632E-01   -6.9414455097E+00    1.9400986016E+01   -6.4014022522E+01
    9.9956310631E-01   -6.9414455097E+00    1.9400986016E+01   -6.4014022522E+01
    9.9956305631E-01   -6.9414455097E+00    1.9400986016E+01   -6.4014022522E+01
    9.9956300630E-01   -6.9414455097E+00    1.9400986016E+01   -6.4014022522E+01
    9.9956295630E-01   -6.9414455097E+00    1.9400986016E+01   -6.4014022522E+01
    9.9956290629E-01   -6.9414455097E+00    1.9400986016E+01   -6.4014022522E+01
    9.9956285629E-01   -6.9414455097E+00    1.9400986016E+01   -6.4014022522E+01
    9.9956280628E-01   -6.9414455097E+00    1.9400986016E+01   -6.4014022522E+01
    9.9956275628E-01   -6.9414455097E+00    1.9400986016E+01   -6.4014022522E+01
    9.9956270627E-01   -6.9414455097E+00    1.9400986016E+01   -6.4014022522E+01
    9.9956265627E-01   -6.9414455097E+00    1.9400986016E+01   -6.4014022522E+01
    9.9956260626E-01   -6.9414455097E+00    1.9400986016E+01   -6.4014022522E+01
    9.9956255626E-01   -6.9414455097E+00    1.9400986016E+01   -6.4014022522E+01
    9.9956250625E-01   -6.9414455097E+00    1.9400986016E+01   -6.4014022522E+01
    9.9956245625E-01   -6.9414455097E+00    1.9400986016E+01   -6.4014022522E+01
    9.9956240624E-01   -6.9414455097E+00    1.9400986016E+01   -6.4014022522E+01
    9.9956235624E-01   -6.9414455097E+00    1.9400986016E+01   -6.4014022522E+01
    9.9956230623E-01   -6.9414455097E+00    1.9400986016E+01   -6.4014022522E+01
    9.9956225623E-01   -6.9414455097E+00    1.9400986016E+01   -6.4014022522E+01
    9.9956220622E-01   -6.9414455097E+00    1.9400986016E+01   -6.4014022522E+01
    9.9956215622E-01   -6.9414455097E+00    1.9400986016E+01   -6.4014022522E+01
    9.9956210621E-01   -6.9414455097E+00    1.9400986016E+01   -6.4014022522E+01
    9.9956205621E-01   -6.9414455097E+00    1.9400986016E+01   -6.4014022522E+01
    9.9956200620E-01   -6.9414455097E+00    1.9400986016E+01   -6.4014022522E+01
    9.9956195620E-01   -6.9414455097E+00    1.9400986016E+01   -6.4014022522E+01
    9.9956190619E-01   -6.9414455097E+00    1.9400986016E+01   -6.4014022522E+01
    9.9956185619E-01   -6.9414455097E+00    1.9400986016E+01   -6.4014022522E+01
    9.9956180618E-01   -6.9414455097E+00    1.9400986016E+01   -6.4014022522E+01
    9.9956175618E-01   -6.9414455097E+00    1.9400986016E+01   -6.4014022522E+01
    9.9956170617E-01   -6.9414455097E+00    1.9400986016E+01   -6.4014022522E+01
    9.9956165617E-01   -6.9414455097E+00    1.9400986016E+01   -6.4014022522E+01
    9.9956160616E-01   -6.9414455097E+00    1.9400986016E+01   -6.4014022522E+01
    9.9956155616E-01   -6.9414455097E+00    1.9400986016E+01   -6.4014022522E+01
    9.9956150615E-01   -6.9414455097E+00    1.9400986016E+01   -6.4014022522E+01
    9.9956145615E-01   -6.9414455097E+00    1.9400986016E+01   -6.4014022522E+01
    9.9956140614E-01   -6.9414455097E+00    1.9400986016E+01   -6.4014022522E+01
    9.9956135614E-01   -6.9414455097E+00    1.9400986016E+01   -6.4014022522E+01
    9.9956130613E-01   -6.9414455097E+00    1.9400986016E+01   -6.4014022522E+01
    9.9956125613E-01   -6.9414455097E+00    1.9400986016E+01   -6.4014022522E+01
    9.9956120612E-01   -6.9414455097E+00    1.9400986016E+01   -6.4014022522E+01
    9.9956115612E-01   -6.9414455097E+00    1.9400986016E+01   -6.4014022522E+01
    9.9956110611E-01   -6.9414455097E+00    1.9400986016E+01   -6.4014022522E+01
    9.9956105611E-01   -6.9414455097E+00    1.9400986016E+01   -6.4014022522E+01
    9.9956100610E-01   -6.9414455097E+00    1.9400986016E+01   -6.4014022522E+01
    9.9956095610E-01   -6.9414455097E+00    1.9400986016E+01   -6.4014022522E+01
    9.9956090609E-01   -6.9414455097E+00    1.9400986016E+01   -6.4014022522E+01
    9.9956085609E-01   -6.9414455097E+00    1.9400986016E+01   -6.4014022522E+01
    9.9956080608E-01   -6.9414455097E+00    1.9400986016E+01   -6.4014022522E+01
    9.9956075608E-01   -6.9414455097E+00    1.9400986016E+01   -6.4014022522E+01
    9.9956070607E-01   -6.9414455097E+00    1.9400986016E+01   -6.4014022522E+01
    9.9956065607E-01   -6.9414455097E+00    1.9400986016E+01   -6.4014022522E+01
    9.9956060606E-01   -6.9414455097E+00    1.9400986016E+01   -6.4014022522E+01
    9.9956055606E-01   -6.9414455097E+00    1.9400986016E+01   -6.4014022522E+01
    9.9956050605E-01   -6.9414455097E+00    1.9400986016E+01   -6.4014022522E+01
    9.9956045605E-01   -6.9414455097E+00    1.9400986016E+01   -6.4014022522E+01
    9.9956040604E-01   -6.9414455097E+00    1.9400986016E+01   -6.4014022522E+01
    9.9956035604E-01   -6.9414455097E+00    1.9400986016E+01   -6.4014022522E+01
    9.9956030603E-01   -6.9414455097E+00    1.9400986016E+01   -6.4014022522E+01
    9.9956025603E-01   -6.9414455097E+00    1.9400986016E+01   -6.4014022522E+01
    9.9956020602E-01   -6.9414455097E+00    1.9400986016E+01   -6.4014022522E+01
    9.9956015602E-01   -6.9414455097E+00    1.9400986016E+01   -6.4014022522E+01
    9.9956010601E-01   -6.9414455097E+00    1.9400986016E+01   -6.4014022522E+01
    9.9956005601E-01   -6.9414455097E+00    1.9400986016E+01   -6.4014022522E+01
    9.9956000600E-01   -6.9414455097E+00    1.9400986016E+01   -6.4014022522E+01
    9.9955995600E-01   -6.9414455097E+00    1.9400986016E+01   -6.4014022522E+01
    9.9955990599E-01   -6.9414455097E+00    1.9400986016E+01   -6.4014022522E+01
    9.9955985599E-01   -6.9414455097E+00    1.9400986016E+01   -6.4014022522E+01
    9.9955980598E-01   -6.9414455097E+00    1.9400986016E+01   -6.4014022522E+01
    9.9955975598E-01   -6.9414455097E+00    1.9400986016E+01   -6.4014022522E+01
    9.9955970597E-01   -6.9414455097E+00    1.9400986016E+01   -6.4014022522E+01
    9.9955965597E-01   -6.9414455097E+00    1.9400986016E+01   -6.4014022522E+01
    9.9955960596E-01   -6.9414455097E+00    1.9400986016E+01   -6.4014022522E+01
    9.9955955596E-01   -6.9414455097E+00    1.9400986016E+01   -6.4014022522E+01
    9.9955950595E-01   -6.9414455097E+00    1.9400986016E+01   -6.4014022522E+01
    9.9955945595E-01   -6.9414455097E+00    1.9400986016E+01   -6.4014022522E+01
    9.9955940594E-01   -6.9414455097E+00    1.9400986016E+01   -6.4014022522E+01
    9.9955935594E-01   -6.9414455097E+00    1.9400986016E+01   -6.4014022522E+01
    9.9955930593E-01   -6.9414455097E+00    1.9400986016E+01   -6.4014022522E+01
    9.9955925593E-01   -6.9414455097E+00    1.9400986016E+01   -6.4014022522E+01
    9.9955920592E-01   -6.9414455097E+00    1.9400986016E+01   -6.4014022522E+01
    9.9955915592E-01   -6.9414455097E+00    1.9400986016E+01   -6.4014022522E+01
    9.9955910591E-01   -6.9414455097E+00    1.9400986016E+01   -6.4014022522E+01
    9.9955905591E-01   -6.9414455097E+00    1.9400986016E+01   -6.4014022522E+01
    9.9955900590E-01   -6.9414455097E+00    1.9400986016E+01   -6.4014022522E+01
    9.9955895590E-01   -6.9414455097E+00    1.9400986016E+01   -6.4014022522E+01
    9.9955890589E-01   -6.9414455097E+00    1.9400986016E+01   -6.4014022522E+01
    9.9955885589E-01   -6.9414455097E+00    1.9400986016E+01   -6.4014022522E+01
    9.9955880588E-01   -6.9414455097E+00    1.9400986016E+01   -6.4014022522E+01
    9.9955875588E-01   -6.9414455097E+00    1.9400986016E+01   -6.4014022522E+01
    9.9955870587E-01   -6.9414455097E+00    1.9400986016E+01   -6.4014022522E+01
    9.9955865587E-01   -6.9414455097E+00    1.9400986016E+01   -6.4014022522E+01
    9.9955860586E-01   -6.9414455097E+00    1.9400986016E+01   -6.4014022522E+01
    9.9955855586E-01   -6.9414455097E+00    1.9400986016E+01   -6.4014022522E+01
    9.9955850585E-01   -6.9414455097E+00    1.9400986016E+01   -6.4014022522E+01
    9.9955845585E-01   -6.9414455097E+00    1.9400986016E+01   -6.4014022522E+01
    9.9955840584E-01   -6.9414455097E+00    1.9400986016E+01   -6.4014022522E+01
    9.9955835584E-01   -6.9414455097E+00    1.9400986016E+01   -6.4014022522E+01
    9.9955830583E-01   -6.9414455097E+00    1.9400986016E+01   -6.4014022522E+01
    9.9955825583E-01   -6.9414455097E+00    1.9400986016E+01   -6.4014022522E+01
    9.9955820582E-01   -6.9414455097E+00    1.9400986016E+01   -6.4014022522E+01
    9.9955815582E-01   -6.9414455097E+00    1.9400986016E+01   -6.4014022522E+01
    9.9955810581E-01   -6.9414455097E+00    1.9400986016E+01   -6.4014022522E+01
    9.9955805581E-01   -6.9414455097E+00    1.9400986016E+01   -6.4014022522E+01
    9.9955800580E-01   -6.9414455097E+00    1.9400986016E+01   -6.4014022522E+01
    9.9955795580E-01   -6.9414455097E+00    1.9400986016E+01   -6.4014022522E+01
    9.9955790579E-01   -6.9414455097E+00    1.9400986016E+01   -6.4014022522E+01
    9.9955785579E-01   -6.9414455097E+00    1.9400986016E+01   -6.4014022522E+01
    9.9955780578E-01   -6.9414455097E+00    1.9400986016E+01   -6.4014022522E+01
    9.9955775578E-01   -6.9414455097E+00    1.9400986016E+01   -6.4014022522E+01
    9.9955770577E-01   -6.9414455097E+00    1.9400986016E+01   -6.4014022522E+01
    9.9955765577E-01   -6.9414455097E+00    1.9400986016E+01   -6.4014022522E+01
    9.9955760576E-01   -6.9414455097E+00    1.9400986016E+01   -6.4014022522E+01
    9.9955755576E-01   -6.9414455097E+00    1.9400986016E+01   -6.4014022522E+01
    9.9955750575E-01   -6.9414455097E+00    1.9400986016E+01   -6.4014022522E+01
    9.9955745575E-01   -6.9414455097E+00    1.9400986016E+01   -6.4014022522E+01
    9.9955740574E-01   -6.9414455097E+00    1.9400986016E+01   -6.4014022522E+01
    9.9955735574E-01   -6.9414455097E+00    1.9400986016E+01   -6.4014022522E+01
    9.9955730573E-01   -6.9414455097E+00    1.9400986016E+01   -6.4014022522E+01
    9.9955725573E-01   -6.9414455097E+00    1.9400986016E+01   -6.4014022522E+01
    9.9955720572E-01   -6.9414455097E+00    1.9400986016E+01   -6.4014022522E+01
    9.9955715572E-01   -6.9414455097E+00    1.9400986016E+01   -6.4014022522E+01
    9.9955710571E-01   -6.9414455097E+00    1.9400986016E+01   -6.4014022522E+01
    9.9955705571E-01   -6.9414455097E+00    1.9400986016E+01   -6.4014022522E+01
    9.9955700570E-01   -6.9414455097E+00    1.9400986016E+01   -6.4014022522E+01
    9.9955695570E-01   -6.9414455097E+00    1.9400986016E+01   -6.4014022522E+01
    9.9955690569E-01   -6.9414455097E+00    1.9400986016E+01   -6.4014022522E+01
    9.9955685569E-01   -6.9414455097E+00    1.9400986016E+01   -6.4014022522E+01
    9.9955680568E-01   -6.9414455097E+00    1.9400986016E+01   -6.4014022522E+01
    9.9955675568E-01   -6.9414455097E+00    1.9400986016E+01   -6.4014022522E+01
    9.9955670567E-01   -6.9414455097E+00    1.9400986016E+01   -6.4014022522E+01
    9.9955665567E-01   -6.9414455097E+00    1.9400986016E+01   -6.4014022522E+01
    9.9955660566E-01   -6.9414455097E+00    1.9400986016E+01   -6.4014022522E+01
    9.9955655566E-01   -6.9414455097E+00    1.9400986016E+01   -6.4014022522E+01
    9.9955650565E-01   -6.9414455097E+00    1.9400986016E+01   -6.4014022522E+01
    9.9955645565E-01   -6.9414455097E+00    1.9400986016E+01   -6.4014022522E+01
    9.9955640564E-01   -6.9414455097E+00    1.9400986016E+01   -6.4014022522E+01
    9.9955635564E-01   -6.9414455097E+00    1.9400986016E+01   -6.4014022522E+01
    9.9955630563E-01   -6.9414455097E+00    1.9400986016E+01   -6.4014022522E+01
    9.9955625563E-01   -6.9414455097E+00    1.9400986016E+01   -6.4014022522E+01
    9.9955620562E-01   -6.9414455097E+00    1.9400986016E+01   -6.4014022522E+01
    9.9955615562E-01   -6.9414455097E+00    1.9400986016E+01   -6.4014022522E+01
    9.9955610561E-01   -6.9414455097E+00    1.9400986016E+01   -6.4014022522E+01
    9.9955605561E-01   -6.9414455097E+00    1.9400986016E+01   -6.4014022522E+01
    9.9955600560E-01   -6.9414455097E+00    1.9400986016E+01   -6.4014022522E+01
    9.9955595560E-01   -6.9414455097E+00    1.9400986016E+01   -6.4014022522E+01
    9.9955590559E-01   -6.9414455097E+00    1.9400986016E+01   -6.4014022522E+01
    9.9955585559E-01   -6.9414455097E+00    1.9400986016E+01   -6.4014022522E+01
    9.9955580558E-01   -6.9414455097E+00    1.9400986016E+01   -6.4014022522E+01
    9.9955575558E-01   -6.9414455097E+00    1.9400986016E+01   -6.4014022522E+01
    9.9955570557E-01   -6.9414455097E+00    1.9400986016E+01   -6.4014022522E+01
    9.9955565557E-01   -6.9414455097E+00    1.9400986016E+01   -6.4014022522E+01
    9.9955560556E-01   -6.9414455097E+00    1.9400986016E+01   -6.4014022522E+01
    9.9955555556E-01   -6.9414455097E+00    1.9400986016E+01   -6.4014022522E+01
    9.9955550555E-01   -6.9414455097E+00    1.9400986016E+01   -6.4014022522E+01
    9.9955545555E-01   -6.9414455097E+00    1.9400986016E+01   -6.4014022522E+01
    9.9955540554E-01   -6.9414455097E+00    1.9400986016E+01   -6.4014022522E+01
    9.9955535554E-01   -6.9414455097E+00    1.9400986016E+01   -6.4014022522E+01
    9.9955530553E-01   -6.9414455097E+00    1.9400986016E+01   -6.4014022522E+01
    9.9955525553E-01   -6.9414455097E+00    1.9400986016E+01   -6.4014022522E+01
    9.9955520552E-01   -6.9414455097E+00    1.9400986016E+01   -6.4014022522E+01
    9.9955515552E-01   -6.9414455097E+00    1.9400986016E+01   -6.4014022522E+01
    9.9955510551E-01   -6.9414455097E+00    1.9400986016E+01   -6.4014022522E+01
    9.9955505551E-01   -6.9414455097E+00    1.9400986016E+01   -6.4014022522E+01
    9.9955500550E-01   -6.9414455097E+00    1.9400986016E+01   -6.4014022522E+01
    9.9955495550E-01   -6.9414455097E+00    1.9400986016E+01   -6.4014022522E+01
    9.9955490549E-01   -6.9414455097E+00    1.9400986016E+01   -6.4014022522E+01
    9.9955485549E-01   -6.9414455097E+00    1.9400986016E+01   -6.4014022522E+01
    9.9955480548E-01   -6.9414455097E+00    1.9400986016E+01   -6.4014022522E+01
    9.9955475548E-01   -6.9414455097E+00    1.9400986016E+01   -6.4014022522E+01
    9.9955470547E-01   -6.9414455097E+00    1.9400986016E+01   -6.4014022522E+01
    9.9955465547E-01   -6.9414455097E+00    1.9400986016E+01   -6.4014022522E+01
    9.9955460546E-01   -6.9414455097E+00    1.9400986016E+01   -6.4014022522E+01
    9.9955455546E-01   -6.9414455097E+00    1.9400986016E+01   -6.4014022522E+01
    9.9955450545E-01   -6.9414455097E+00    1.9400986016E+01   -6.4014022522E+01
    9.9955445545E-01   -6.9414455097E+00    1.9400986016E+01   -6.4014022522E+01
    9.9955440544E-01   -6.9414455097E+00    1.9400986016E+01   -6.4014022522E+01
    9.9955435544E-01   -6.9414455097E+00    1.9400986016E+01   -6.4014022522E+01
    9.9955430543E-01   -6.9414455097E+00    1.9400986016E+01   -6.4014022522E+01
    9.9955425543E-01   -6.9414455097E+00    1.9400986016E+01   -6.4014022522E+01
    9.9955420542E-01   -6.9414455097E+00    1.9400986016E+01   -6.4014022522E+01
    9.9955415542E-01   -6.9414455097E+00    1.9400986016E+01   -6.4014022522E+01
    9.9955410541E-01   -6.9414455097E+00    1.9400986016E+01   -6.4014022522E+01
    9.9955405541E-01   -6.9414455097E+00    1.9400986016E+01   -6.4014022522E+01
    9.9955400540E-01   -6.9414455097E+00    1.9400986016E+01   -6.4014022522E+01
    9.9955395540E-01   -6.9414455097E+00    1.9400986016E+01   -6.4014022522E+01
    9.9955390539E-01   -6.9414455097E+00    1.9400986016E+01   -6.4014022522E+01
    9.9955385539E-01   -6.9414455097E+00    1.9400986016E+01   -6.4014022522E+01
    9.9955380538E-01   -6.9414455097E+00    1.9400986016E+01   -6.4014022522E+01
    9.9955375538E-01   -6.9414455097E+00    1.9400986016E+01   -6.4014022522E+01
    9.9955370537E-01   -6.9414455097E+00    1.9400986016E+01   -6.4014022522E+01
    9.9955365537E-01   -6.9414455097E+00    1.9400986016E+01   -6.4014022522E+01
    9.9955360536E-01   -6.9414455097E+00    1.9400986016E+01   -6.4014022522E+01
    9.9955355536E-01   -6.9414455097E+00    1.9400986016E+01   -6.4014022522E+01
    9.9955350535E-01   -6.9414455097E+00    1.9400986016E+01   -6.4014022522E+01
    9.9955345535E-01   -6.9414455097E+00    1.9400986016E+01   -6.4014022522E+01
    9.9955340534E-01   -6.9414455097E+00    1.9400986016E+01   -6.4014022522E+01
    9.9955335534E-01   -6.9414455097E+00    1.9400986016E+01   -6.4014022522E+01
    9.9955330533E-01   -6.9414455097E+00    1.9400986016E+01   -6.4014022522E+01
    9.9955325533E-01   -6.9414455097E+00    1.9400986016E+01   -6.4014022522E+01
    9.9955320532E-01   -6.9414455097E+00    1.9400986016E+01   -6.4014022522E+01
    9.9955315532E-01   -6.9414455097E+00    1.9400986016E+01   -6.4014022522E+01
    9.9955310531E-01   -6.9414455097E+00    1.9400986016E+01   -6.4014022522E+01
    9.9955305531E-01   -6.9414455097E+00    1.9400986016E+01   -6.4014022522E+01
    9.9955300530E-01   -6.9414455097E+00    1.9400986016E+01   -6.4014022522E+01
    9.9955295530E-01   -6.9414455097E+00    1.9400986016E+01   -6.4014022522E+01
    9.9955290529E-01   -6.9414455097E+00    1.9400986016E+01   -6.4014022522E+01
    9.9955285529E-01   -6.9414455097E+00    1.9400986016E+01   -6.4014022522E+01
    9.9955280528E-01   -6.9414455097E+00    1.9400986016E+01   -6.4014022522E+01
    9.9955275528E-01   -6.9414455097E+00    1.9400986016E+01   -6.4014022522E+01
    9.9955270527E-01   -6.9414455097E+00    1.9400986016E+01   -6.4014022522E+01
    9.9955265527E-01   -6.9414455097E+00    1.9400986016E+01   -6.4014022522E+01
    9.9955260526E-01   -6.9414455097E+00    1.9400986016E+01   -6.4014022522E+01
    9.9955255526E-01   -6.9414455097E+00    1.9400986016E+01   -6.4014022522E+01
    9.9955250525E-01   -6.9414455097E+00    1.9400986016E+01   -6.4014022522E+01
    9.9955245525E-01   -6.9414455097E+00    1.9400986016E+01   -6.4014022522E+01
    9.9955240524E-01   -6.9414455097E+00    1.9400986016E+01   -6.4014022522E+01
    9.9955235524E-01   -6.9414455097E+00    1.9400986016E+01   -6.4014022522E+01
    9.9955230523E-01   -6.9414455097E+00    1.9400986016E+01   -6.4014022522E+01
    9.9955225523E-01   -6.9414455097E+00    1.9400986016E+01   -6.4014022522E+01
    9.9955220522E-01   -6.9414455097E+00    1.9400986016E+01   -6.4014022522E+01
    9.9955215522E-01   -6.9414455097E+00    1.9400986016E+01   -6.4014022522E+01
    9.9955210521E-01   -6.9414455097E+00    1.9400986016E+01   -6.4014022522E+01
    9.9955205521E-01   -6.9414455097E+00    1.9400986016E+01   -6.4014022522E+01
    9.9955200520E-01   -6.9414455097E+00    1.9400986016E+01   -6.4014022522E+01
    9.9955195520E-01   -6.9414455097E+00    1.9400986016E+01   -6.4014022522E+01
    9.9955190519E-01   -6.9414455097E+00    1.9400986016E+01   -6.4014022522E+01
    9.9955185519E-01   -6.9414455097E+00    1.9400986016E+01   -6.4014022522E+01
    9.9955180518E-01   -6.9414455097E+00    1.9400986016E+01   -6.4014022522E+01
    9.9955175518E-01   -6.9414455097E+00    1.9400986016E+01   -6.4014022522E+01
    9.9955170517E-01   -6.9414455097E+00    1.9400986016E+01   -6.4014022522E+01
    9.9955165517E-01   -6.9414455097E+00    1.9400986016E+01   -6.4014022522E+01
    9.9955160516E-01   -6.9414455097E+00    1.9400986016E+01   -6.4014022522E+01
    9.9955155516E-01   -6.9414455097E+00    1.9400986016E+01   -6.4014022522E+01
    9.9955150515E-01   -6.9414455097E+00    1.9400986016E+01   -6.4014022522E+01
    9.9955145515E-01   -6.9414455097E+00    1.9400986016E+01   -6.4014022522E+01
    9.9955140514E-01   -6.9414455097E+00    1.9400986016E+01   -6.4014022522E+01
    9.9955135514E-01   -6.9414455097E+00    1.9400986016E+01   -6.4014022522E+01
    9.9955130513E-01   -6.9414455097E+00    1.9400986016E+01   -6.4014022522E+01
    9.9955125513E-01   -6.9414455097E+00    1.9400986016E+01   -6.4014022522E+01
    9.9955120512E-01   -6.9414455097E+00    1.9400986016E+01   -6.4014022522E+01
    9.9955115512E-01   -6.9414455097E+00    1.9400986016E+01   -6.4014022522E+01
    9.9955110511E-01   -6.9414455097E+00    1.9400986016E+01   -6.4014022522E+01
    9.9955105511E-01   -6.9414455097E+00    1.9400986016E+01   -6.4014022522E+01
    9.9955100510E-01   -6.9414455097E+00    1.9400986016E+01   -6.4014022522E+01
    9.9955095510E-01   -6.9414455097E+00    1.9400986016E+01   -6.4014022522E+01
    9.9955090509E-01   -6.9414455097E+00    1.9400986016E+01   -6.4014022522E+01
    9.9955085509E-01   -6.9414455097E+00    1.9400986016E+01   -6.4014022522E+01
    9.9955080508E-01   -6.9414455097E+00    1.9400986016E+01   -6.4014022522E+01
    9.9955075508E-01   -6.9414455097E+00    1.9400986016E+01   -6.4014022522E+01
    9.9955070507E-01   -6.9414455097E+00    1.9400986016E+01   -6.4014022522E+01
    9.9955065507E-01   -6.9414455097E+00    1.9400986016E+01   -6.4014022522E+01
    9.9955060506E-01   -6.9414455097E+00    1.9400986016E+01   -6.4014022522E+01
    9.9955055506E-01   -6.9414455097E+00    1.9400986016E+01   -6.4014022522E+01
    9.9955050505E-01   -6.9414455097E+00    1.9400986016E+01   -6.4014022522E+01
    9.9955045505E-01   -6.9414455097E+00    1.9400986016E+01   -6.4014022522E+01
    9.9955040504E-01   -6.9414455097E+00    1.9400986016E+01   -6.4014022522E+01
    9.9955035504E-01   -6.9414455097E+00    1.9400986016E+01   -6.4014022522E+01
    9.9955030503E-01   -6.9414455097E+00    1.9400986016E+01   -6.4014022522E+01
    9.9955025503E-01   -6.9414455097E+00    1.9400986016E+01   -6.4014022522E+01
    9.9955020502E-01   -6.9414455097E+00    1.9400986016E+01   -6.4014022522E+01
    9.9955015502E-01   -6.9414455097E+00    1.9400986016E+01   -6.4014022522E+01
    9.9955010501E-01   -6.9414455097E+00    1.9400986016E+01   -6.4014022522E+01
    9.9955005501E-01   -6.9414455097E+00    1.9400986016E+01   -6.4014022522E+01
    9.9955000500E-01   -6.9414455097E+00    1.9400986016E+01   -6.4014022522E+01
    9.9954995500E-01   -6.9414455097E+00    1.9400986016E+01   -6.4014022522E+01
    9.9954990499E-01   -6.9414455097E+00    1.9400986016E+01   -6.4014022522E+01
    9.9954985499E-01   -6.9414455097E+00    1.9400986016E+01   -6.4014022522E+01
    9.9954980498E-01   -6.9414455097E+00    1.9400986016E+01   -6.4014022522E+01
    9.9954975498E-01   -6.9414455097E+00    1.9400986016E+01   -6.4014022522E+01
    9.9954970497E-01   -6.9414455097E+00    1.9400986016E+01   -6.4014022522E+01
    9.9954965497E-01   -6.9414455097E+00    1.9400986016E+01   -6.4014022522E+01
    9.9954960496E-01   -6.9414455097E+00    1.9400986016E+01   -6.4014022522E+01
    9.9954955496E-01   -6.9414455097E+00    1.9400986016E+01   -6.4014022522E+01
    9.9954950495E-01   -6.9414455097E+00    1.9400986016E+01   -6.4014022522E+01
    9.9954945495E-01   -6.9414455097E+00    1.9400986016E+01   -6.4014022522E+01
    9.9954940494E-01   -6.9414455097E+00    1.9400986016E+01   -6.4014022522E+01
    9.9954935494E-01   -6.9414455097E+00    1.9400986016E+01   -6.4014022522E+01
    9.9954930493E-01   -6.9414455097E+00    1.9400986016E+01   -6.4014022522E+01
    9.9954925493E-01   -6.9414455097E+00    1.9400986016E+01   -6.4014022522E+01
    9.9954920492E-01   -6.9414455097E+00    1.9400986016E+01   -6.4014022522E+01
    9.9954915492E-01   -6.9414455097E+00    1.9400986016E+01   -6.4014022522E+01
    9.9954910491E-01   -6.9414455097E+00    1.9400986016E+01   -6.4014022522E+01
    9.9954905491E-01   -6.9414455097E+00    1.9400986016E+01   -6.4014022522E+01
    9.9954900490E-01   -6.9414455097E+00    1.9400986016E+01   -6.4014022522E+01
    9.9954895490E-01   -6.9414455097E+00    1.9400986016E+01   -6.4014022522E+01
    9.9954890489E-01   -6.9414455097E+00    1.9400986016E+01   -6.4014022522E+01
    9.9954885489E-01   -6.9414455097E+00    1.9400986016E+01   -6.4014022522E+01
    9.9954880488E-01   -6.9414455097E+00    1.9400986016E+01   -6.4014022522E+01
    9.9954875488E-01   -6.9414455097E+00    1.9400986016E+01   -6.4014022522E+01
    9.9954870487E-01   -6.9414455097E+00    1.9400986016E+01   -6.4014022522E+01
    9.9954865487E-01   -6.9414455097E+00    1.9400986016E+01   -6.4014022522E+01
    9.9954860486E-01   -6.9414455097E+00    1.9400986016E+01   -6.4014022522E+01
    9.9954855486E-01   -6.9414455097E+00    1.9400986016E+01   -6.4014022522E+01
    9.9954850485E-01   -6.9414455097E+00    1.9400986016E+01   -6.4014022522E+01
    9.9954845485E-01   -6.9414455097E+00    1.9400986016E+01   -6.4014022522E+01
    9.9954840484E-01   -6.9414455097E+00    1.9400986016E+01   -6.4014022522E+01
    9.9954835484E-01   -6.9414455097E+00    1.9400986016E+01   -6.4014022522E+01
    9.9954830483E-01   -6.9414455097E+00    1.9400986016E+01   -6.4014022522E+01
    9.9954825483E-01   -6.9414455097E+00    1.9400986016E+01   -6.4014022522E+01
    9.9954820482E-01   -6.9414455097E+00    1.9400986016E+01   -6.4014022522E+01
    9.9954815482E-01   -6.9414455097E+00    1.9400986016E+01   -6.4014022522E+01
    9.9954810481E-01   -6.9414455097E+00    1.9400986016E+01   -6.4014022522E+01
    9.9954805481E-01   -6.9414455097E+00    1.9400986016E+01   -6.4014022522E+01
    9.9954800480E-01   -6.9414455097E+00    1.9400986016E+01   -6.4014022522E+01
    9.9954795480E-01   -6.9414455097E+00    1.9400986016E+01   -6.4014022522E+01
    9.9954790479E-01   -6.9414455097E+00    1.9400986016E+01   -6.4014022522E+01
    9.9954785479E-01   -6.9414455097E+00    1.9400986016E+01   -6.4014022522E+01
    9.9954780478E-01   -6.9414455097E+00    1.9400986016E+01   -6.4014022522E+01
    9.9954775478E-01   -6.9414455097E+00    1.9400986016E+01   -6.4014022522E+01
    9.9954770477E-01   -6.9414455097E+00    1.9400986016E+01   -6.4014022522E+01
    9.9954765477E-01   -6.9414455097E+00    1.9400986016E+01   -6.4014022522E+01
    9.9954760476E-01   -6.9414455097E+00    1.9400986016E+01   -6.4014022522E+01
    9.9954755476E-01   -6.9414455097E+00    1.9400986016E+01   -6.4014022522E+01
    9.9954750475E-01   -6.9414455097E+00    1.9400986016E+01   -6.4014022522E+01
    9.9954745475E-01   -6.9414455097E+00    1.9400986016E+01   -6.4014022522E+01
    9.9954740474E-01   -6.9414455097E+00    1.9400986016E+01   -6.4014022522E+01
    9.9954735474E-01   -6.9414455097E+00    1.9400986016E+01   -6.4014022522E+01
    9.9954730473E-01   -6.9414455097E+00    1.9400986016E+01   -6.4014022522E+01
    9.9954725473E-01   -6.9414455097E+00    1.9400986016E+01   -6.4014022522E+01
    9.9954720472E-01   -6.9414455097E+00    1.9400986016E+01   -6.4014022522E+01
    9.9954715472E-01   -6.9414455097E+00    1.9400986016E+01   -6.4014022522E+01
    9.9954710471E-01   -6.9414455097E+00    1.9400986016E+01   -6.4014022522E+01
    9.9954705471E-01   -6.9414455097E+00    1.9400986016E+01   -6.4014022522E+01
    9.9954700470E-01   -6.9414455097E+00    1.9400986016E+01   -6.4014022522E+01
    9.9954695470E-01   -6.9414455097E+00    1.9400986016E+01   -6.4014022522E+01
    9.9954690469E-01   -6.9414455097E+00    1.9400986016E+01   -6.4014022522E+01
    9.9954685469E-01   -6.9414455097E+00    1.9400986016E+01   -6.4014022522E+01
    9.9954680468E-01   -6.9414455097E+00    1.9400986016E+01   -6.4014022522E+01
    9.9954675468E-01   -6.9414455097E+00    1.9400986016E+01   -6.4014022522E+01
    9.9954670467E-01   -6.9414455097E+00    1.9400986016E+01   -6.4014022522E+01
    9.9954665467E-01   -6.9414455097E+00    1.9400986016E+01   -6.4014022522E+01
    9.9954660466E-01   -6.9414455097E+00    1.9400986016E+01   -6.4014022522E+01
    9.9954655466E-01   -6.9414455097E+00    1.9400986016E+01   -6.4014022522E+01
    9.9954650465E-01   -6.9414455097E+00    1.9400986016E+01   -6.4014022522E+01
    9.9954645465E-01   -6.9414455097E+00    1.9400986016E+01   -6.4014022522E+01
    9.9954640464E-01   -6.9414455097E+00    1.9400986016E+01   -6.4014022522E+01
    9.9954635464E-01   -6.9414455097E+00    1.9400986016E+01   -6.4014022522E+01
    9.9954630463E-01   -6.9414455097E+00    1.9400986016E+01   -6.4014022522E+01
    9.9954625463E-01   -6.9414455097E+00    1.9400986016E+01   -6.4014022522E+01
    9.9954620462E-01   -6.9414455097E+00    1.9400986016E+01   -6.4014022522E+01
    9.9954615462E-01   -6.9414455097E+00    1.9400986016E+01   -6.4014022522E+01
    9.9954610461E-01   -6.9414455097E+00    1.9400986016E+01   -6.4014022522E+01
    9.9954605461E-01   -6.9414455097E+00    1.9400986016E+01   -6.4014022522E+01
    9.9954600460E-01   -6.9414455097E+00    1.9400986016E+01   -6.4014022522E+01
    9.9954595460E-01   -6.9414455097E+00    1.9400986016E+01   -6.4014022522E+01
    9.9954590459E-01   -6.9414455097E+00    1.9400986016E+01   -6.4014022522E+01
    9.9954585459E-01   -6.9414455097E+00    1.9400986016E+01   -6.4014022522E+01
    9.9954580458E-01   -6.9414455097E+00    1.9400986016E+01   -6.4014022522E+01
    9.9954575458E-01   -6.9414455097E+00    1.9400986016E+01   -6.4014022522E+01
    9.9954570457E-01   -6.9414455097E+00    1.9400986016E+01   -6.4014022522E+01
    9.9954565457E-01   -6.9414455097E+00    1.9400986016E+01   -6.4014022522E+01
    9.9954560456E-01   -6.9414455097E+00    1.9400986016E+01   -6.4014022522E+01
    9.9954555456E-01   -6.9414455097E+00    1.9400986016E+01   -6.4014022522E+01
    9.9954550455E-01   -6.9414455097E+00    1.9400986016E+01   -6.4014022522E+01
    9.9954545455E-01   -6.9414455097E+00    1.9400986016E+01   -6.4014022522E+01
    9.9954540454E-01   -6.9414455097E+00    1.9400986016E+01   -6.4014022522E+01
    9.9954535454E-01   -6.9414455097E+00    1.9400986016E+01   -6.4014022522E+01
    9.9954530453E-01   -6.9414455097E+00    1.9400986016E+01   -6.4014022522E+01
    9.9954525453E-01   -6.9414455097E+00    1.9400986016E+01   -6.4014022522E+01
    9.9954520452E-01   -6.9414455097E+00    1.9400986016E+01   -6.4014022522E+01
    9.9954515452E-01   -6.9414455097E+00    1.9400986016E+01   -6.4014022522E+01
    9.9954510451E-01   -6.9414455097E+00    1.9400986016E+01   -6.4014022522E+01
    9.9954505451E-01   -6.9414455097E+00    1.9400986016E+01   -6.4014022522E+01
    9.9954500450E-01   -6.9414455097E+00    1.9400986016E+01   -6.4014022522E+01
    9.9954495450E-01   -6.9414455097E+00    1.9400986016E+01   -6.4014022522E+01
    9.9954490449E-01   -6.9414455097E+00    1.9400986016E+01   -6.4014022522E+01
    9.9954485449E-01   -6.9414455097E+00    1.9400986016E+01   -6.4014022522E+01
    9.9954480448E-01   -6.9414455097E+00    1.9400986016E+01   -6.4014022522E+01
    9.9954475448E-01   -6.9414455097E+00    1.9400986016E+01   -6.4014022522E+01
    9.9954470447E-01   -6.9414455097E+00    1.9400986016E+01   -6.4014022522E+01
    9.9954465447E-01   -6.9414455097E+00    1.9400986016E+01   -6.4014022522E+01
    9.9954460446E-01   -6.9414455097E+00    1.9400986016E+01   -6.4014022522E+01
    9.9954455446E-01   -6.9414455097E+00    1.9400986016E+01   -6.4014022522E+01
    9.9954450445E-01   -6.9414455097E+00    1.9400986016E+01   -6.4014022522E+01
    9.9954445445E-01   -6.9414455097E+00    1.9400986016E+01   -6.4014022522E+01
    9.9954440444E-01   -6.9414455097E+00    1.9400986016E+01   -6.4014022522E+01
    9.9954435444E-01   -6.9414455097E+00    1.9400986016E+01   -6.4014022522E+01
    9.9954430443E-01   -6.9414455097E+00    1.9400986016E+01   -6.4014022522E+01
    9.9954425443E-01   -6.9414455097E+00    1.9400986016E+01   -6.4014022522E+01
    9.9954420442E-01   -6.9414455097E+00    1.9400986016E+01   -6.4014022522E+01
    9.9954415442E-01   -6.9414455097E+00    1.9400986016E+01   -6.4014022522E+01
    9.9954410441E-01   -6.9414455097E+00    1.9400986016E+01   -6.4014022522E+01
    9.9954405441E-01   -6.9414455097E+00    1.9400986016E+01   -6.4014022522E+01
    9.9954400440E-01   -6.9414455097E+00    1.9400986016E+01   -6.4014022522E+01
    9.9954395440E-01   -6.9414455097E+00    1.9400986016E+01   -6.4014022522E+01
    9.9954390439E-01   -6.9414455097E+00    1.9400986016E+01   -6.4014022522E+01
    9.9954385439E-01   -6.9414455097E+00    1.9400986016E+01   -6.4014022522E+01
    9.9954380438E-01   -6.9414455097E+00    1.9400986016E+01   -6.4014022522E+01
    9.9954375438E-01   -6.9414455097E+00    1.9400986016E+01   -6.4014022522E+01
    9.9954370437E-01   -6.9414455097E+00    1.9400986016E+01   -6.4014022522E+01
    9.9954365437E-01   -6.9414455097E+00    1.9400986016E+01   -6.4014022522E+01
    9.9954360436E-01   -6.9414455097E+00    1.9400986016E+01   -6.4014022522E+01
    9.9954355436E-01   -6.9414455097E+00    1.9400986016E+01   -6.4014022522E+01
    9.9954350435E-01   -6.9414455097E+00    1.9400986016E+01   -6.4014022522E+01
    9.9954345435E-01   -6.9414455097E+00    1.9400986016E+01   -6.4014022522E+01
    9.9954340434E-01   -6.9414455097E+00    1.9400986016E+01   -6.4014022522E+01
    9.9954335434E-01   -6.9414455097E+00    1.9400986016E+01   -6.4014022522E+01
    9.9954330433E-01   -6.9414455097E+00    1.9400986016E+01   -6.4014022522E+01
    9.9954325433E-01   -6.9414455097E+00    1.9400986016E+01   -6.4014022522E+01
    9.9954320432E-01   -6.9414455097E+00    1.9400986016E+01   -6.4014022522E+01
    9.9954315432E-01   -6.9414455097E+00    1.9400986016E+01   -6.4014022522E+01
    9.9954310431E-01   -6.9414455097E+00    1.9400986016E+01   -6.4014022522E+01
    9.9954305431E-01   -6.9414455097E+00    1.9400986016E+01   -6.4014022522E+01
    9.9954300430E-01   -6.9414455097E+00    1.9400986016E+01   -6.4014022522E+01
    9.9954295430E-01   -6.9414455097E+00    1.9400986016E+01   -6.4014022522E+01
    9.9954290429E-01   -6.9414455097E+00    1.9400986016E+01   -6.4014022522E+01
    9.9954285429E-01   -6.9414455097E+00    1.9400986016E+01   -6.4014022522E+01
    9.9954280428E-01   -6.9414455097E+00    1.9400986016E+01   -6.4014022522E+01
    9.9954275428E-01   -6.9414455097E+00    1.9400986016E+01   -6.4014022522E+01
    9.9954270427E-01   -6.9414455097E+00    1.9400986016E+01   -6.4014022522E+01
    9.9954265427E-01   -6.9414455097E+00    1.9400986016E+01   -6.4014022522E+01
    9.9954260426E-01   -6.9414455097E+00    1.9400986016E+01   -6.4014022522E+01
    9.9954255426E-01   -6.9414455097E+00    1.9400986016E+01   -6.4014022522E+01
    9.9954250425E-01   -6.9414455097E+00    1.9400986016E+01   -6.4014022522E+01
    9.9954245425E-01   -6.9414455097E+00    1.9400986016E+01   -6.4014022522E+01
    9.9954240424E-01   -6.9414455097E+00    1.9400986016E+01   -6.4014022522E+01
    9.9954235424E-01   -6.9414455097E+00    1.9400986016E+01   -6.4014022522E+01
    9.9954230423E-01   -6.9414455097E+00    1.9400986016E+01   -6.4014022522E+01
    9.9954225423E-01   -6.9414455097E+00    1.9400986016E+01   -6.4014022522E+01
    9.9954220422E-01   -6.9414455097E+00    1.9400986016E+01   -6.4014022522E+01
    9.9954215422E-01   -6.9414455097E+00    1.9400986016E+01   -6.4014022522E+01
    9.9954210421E-01   -6.9414455097E+00    1.9400986016E+01   -6.4014022522E+01
    9.9954205421E-01   -6.9414455097E+00    1.9400986016E+01   -6.4014022522E+01
    9.9954200420E-01   -6.9414455097E+00    1.9400986016E+01   -6.4014022522E+01
    9.9954195420E-01   -6.9414455097E+00    1.9400986016E+01   -6.4014022522E+01
    9.9954190419E-01   -6.9414455097E+00    1.9400986016E+01   -6.4014022522E+01
    9.9954185419E-01   -6.9414455097E+00    1.9400986016E+01   -6.4014022522E+01
    9.9954180418E-01   -6.9414455097E+00    1.9400986016E+01   -6.4014022522E+01
    9.9954175418E-01   -6.9414455097E+00    1.9400986016E+01   -6.4014022522E+01
    9.9954170417E-01   -6.9414455097E+00    1.9400986016E+01   -6.4014022522E+01
    9.9954165417E-01   -6.9414455097E+00    1.9400986016E+01   -6.4014022522E+01
    9.9954160416E-01   -6.9414455097E+00    1.9400986016E+01   -6.4014022522E+01
    9.9954155416E-01   -6.9414455097E+00    1.9400986016E+01   -6.4014022522E+01
    9.9954150415E-01   -6.9414455097E+00    1.9400986016E+01   -6.4014022522E+01
    9.9954145415E-01   -6.9414455097E+00    1.9400986016E+01   -6.4014022522E+01
    9.9954140414E-01   -6.9414455097E+00    1.9400986016E+01   -6.4014022522E+01
    9.9954135414E-01   -6.9414455097E+00    1.9400986016E+01   -6.4014022522E+01
    9.9954130413E-01   -6.9414455097E+00    1.9400986016E+01   -6.4014022522E+01
    9.9954125413E-01   -6.9414455097E+00    1.9400986016E+01   -6.4014022522E+01
    9.9954120412E-01   -6.9414455097E+00    1.9400986016E+01   -6.4014022522E+01
    9.9954115412E-01   -6.9414455097E+00    1.9400986016E+01   -6.4014022522E+01
    9.9954110411E-01   -6.9414455097E+00    1.9400986016E+01   -6.4014022522E+01
    9.9954105411E-01   -6.9414455097E+00    1.9400986016E+01   -6.4014022522E+01
    9.9954100410E-01   -6.9414455097E+00    1.9400986016E+01   -6.4014022522E+01
    9.9954095410E-01   -6.9414455097E+00    1.9400986016E+01   -6.4014022522E+01
    9.9954090409E-01   -6.9414455097E+00    1.9400986016E+01   -6.4014022522E+01
    9.9954085409E-01   -6.9414455097E+00    1.9400986016E+01   -6.4014022522E+01
    9.9954080408E-01   -6.9414455097E+00    1.9400986016E+01   -6.4014022522E+01
    9.9954075408E-01   -6.9414455097E+00    1.9400986016E+01   -6.4014022522E+01
    9.9954070407E-01   -6.9414455097E+00    1.9400986016E+01   -6.4014022522E+01
    9.9954065407E-01   -6.9414455097E+00    1.9400986016E+01   -6.4014022522E+01
    9.9954060406E-01   -6.9414455097E+00    1.9400986016E+01   -6.4014022522E+01
    9.9954055406E-01   -6.9414455097E+00    1.9400986016E+01   -6.4014022522E+01
    9.9954050405E-01   -6.9414455097E+00    1.9400986016E+01   -6.4014022522E+01
    9.9954045405E-01   -6.9414455097E+00    1.9400986016E+01   -6.4014022522E+01
    9.9954040404E-01   -6.9414455097E+00    1.9400986016E+01   -6.4014022522E+01
    9.9954035404E-01   -6.9414455097E+00    1.9400986016E+01   -6.4014022522E+01
    9.9954030403E-01   -6.9414455097E+00    1.9400986016E+01   -6.4014022522E+01
    9.9954025403E-01   -6.9414455097E+00    1.9400986016E+01   -6.4014022522E+01
    9.9954020402E-01   -6.9414455097E+00    1.9400986016E+01   -6.4014022522E+01
    9.9954015402E-01   -6.9414455097E+00    1.9400986016E+01   -6.4014022522E+01
    9.9954010401E-01   -6.9414455097E+00    1.9400986016E+01   -6.4014022522E+01
    9.9954005401E-01   -6.9414455097E+00    1.9400986016E+01   -6.4014022522E+01
    9.9954000400E-01   -6.9414455097E+00    1.9400986016E+01   -6.4014022522E+01
    9.9953995400E-01   -6.9414455097E+00    1.9400986016E+01   -6.4014022522E+01
    9.9953990399E-01   -6.9414455097E+00    1.9400986016E+01   -6.4014022522E+01
    9.9953985399E-01   -6.9414455097E+00    1.9400986016E+01   -6.4014022522E+01
    9.9953980398E-01   -6.9414455097E+00    1.9400986016E+01   -6.4014022522E+01
    9.9953975398E-01   -6.9414455097E+00    1.9400986016E+01   -6.4014022522E+01
    9.9953970397E-01   -6.9414455097E+00    1.9400986016E+01   -6.4014022522E+01
    9.9953965397E-01   -6.9414455097E+00    1.9400986016E+01   -6.4014022522E+01
    9.9953960396E-01   -6.9414455097E+00    1.9400986016E+01   -6.4014022522E+01
    9.9953955396E-01   -6.9414455097E+00    1.9400986016E+01   -6.4014022522E+01
    9.9953950395E-01   -6.9414455097E+00    1.9400986016E+01   -6.4014022522E+01
    9.9953945395E-01   -6.9414455097E+00    1.9400986016E+01   -6.4014022522E+01
    9.9953940394E-01   -6.9414455097E+00    1.9400986016E+01   -6.4014022522E+01
    9.9953935394E-01   -6.9414455097E+00    1.9400986016E+01   -6.4014022522E+01
    9.9953930393E-01   -6.9414455097E+00    1.9400986016E+01   -6.4014022522E+01
    9.9953925393E-01   -6.9414455097E+00    1.9400986016E+01   -6.4014022522E+01
    9.9953920392E-01   -6.9414455097E+00    1.9400986016E+01   -6.4014022522E+01
    9.9953915392E-01   -6.9414455097E+00    1.9400986016E+01   -6.4014022522E+01
    9.9953910391E-01   -6.9414455097E+00    1.9400986016E+01   -6.4014022522E+01
    9.9953905391E-01   -6.9414455097E+00    1.9400986016E+01   -6.4014022522E+01
    9.9953900390E-01   -6.9414455097E+00    1.9400986016E+01   -6.4014022522E+01
    9.9953895390E-01   -6.9414455097E+00    1.9400986016E+01   -6.4014022522E+01
    9.9953890389E-01   -6.9414455097E+00    1.9400986016E+01   -6.4014022522E+01
    9.9953885389E-01   -6.9414455097E+00    1.9400986016E+01   -6.4014022522E+01
    9.9953880388E-01   -6.9414455097E+00    1.9400986016E+01   -6.4014022522E+01
    9.9953875388E-01   -6.9414455097E+00    1.9400986016E+01   -6.4014022522E+01
    9.9953870387E-01   -6.9414455097E+00    1.9400986016E+01   -6.4014022522E+01
    9.9953865387E-01   -6.9414455097E+00    1.9400986016E+01   -6.4014022522E+01
    9.9953860386E-01   -6.9414455097E+00    1.9400986016E+01   -6.4014022522E+01
    9.9953855386E-01   -6.9414455097E+00    1.9400986016E+01   -6.4014022522E+01
    9.9953850385E-01   -6.9414455097E+00    1.9400986016E+01   -6.4014022522E+01
    9.9953845385E-01   -6.9414455097E+00    1.9400986016E+01   -6.4014022522E+01
    9.9953840384E-01   -6.9414455097E+00    1.9400986016E+01   -6.4014022522E+01
    9.9953835384E-01   -6.9414455097E+00    1.9400986016E+01   -6.4014022522E+01
    9.9953830383E-01   -6.9414455097E+00    1.9400986016E+01   -6.4014022522E+01
    9.9953825383E-01   -6.9414455097E+00    1.9400986016E+01   -6.4014022522E+01
    9.9953820382E-01   -6.9414455097E+00    1.9400986016E+01   -6.4014022522E+01
    9.9953815382E-01   -6.9414455097E+00    1.9400986016E+01   -6.4014022522E+01
    9.9953810381E-01   -6.9414455097E+00    1.9400986016E+01   -6.4014022522E+01
    9.9953805381E-01   -6.9414455097E+00    1.9400986016E+01   -6.4014022522E+01
    9.9953800380E-01   -6.9414455097E+00    1.9400986016E+01   -6.4014022522E+01
    9.9953795380E-01   -6.9414455097E+00    1.9400986016E+01   -6.4014022522E+01
    9.9953790379E-01   -6.9414455097E+00    1.9400986016E+01   -6.4014022522E+01
    9.9953785379E-01   -6.9414455097E+00    1.9400986016E+01   -6.4014022522E+01
    9.9953780378E-01   -6.9414455097E+00    1.9400986016E+01   -6.4014022522E+01
    9.9953775378E-01   -6.9414455097E+00    1.9400986016E+01   -6.4014022522E+01
    9.9953770377E-01   -6.9414455097E+00    1.9400986016E+01   -6.4014022522E+01
    9.9953765377E-01   -6.9414455097E+00    1.9400986016E+01   -6.4014022522E+01
    9.9953760376E-01   -6.9414455097E+00    1.9400986016E+01   -6.4014022522E+01
    9.9953755376E-01   -6.9414455097E+00    1.9400986016E+01   -6.4014022522E+01
    9.9953750375E-01   -6.9414455097E+00    1.9400986016E+01   -6.4014022522E+01
    9.9953745375E-01   -6.9414455097E+00    1.9400986016E+01   -6.4014022522E+01
    9.9953740374E-01   -6.9414455097E+00    1.9400986016E+01   -6.4014022522E+01
    9.9953735374E-01   -6.9414455097E+00    1.9400986016E+01   -6.4014022522E+01
    9.9953730373E-01   -6.9414455097E+00    1.9400986016E+01   -6.4014022522E+01
    9.9953725373E-01   -6.9414455097E+00    1.9400986016E+01   -6.4014022522E+01
    9.9953720372E-01   -6.9414455097E+00    1.9400986016E+01   -6.4014022522E+01
    9.9953715372E-01   -6.9414455097E+00    1.9400986016E+01   -6.4014022522E+01
    9.9953710371E-01   -6.9414455097E+00    1.9400986016E+01   -6.4014022522E+01
    9.9953705371E-01   -6.9414455097E+00    1.9400986016E+01   -6.4014022522E+01
    9.9953700370E-01   -6.9414455097E+00    1.9400986016E+01   -6.4014022522E+01
    9.9953695370E-01   -6.9414455097E+00    1.9400986016E+01   -6.4014022522E+01
    9.9953690369E-01   -6.9414455097E+00    1.9400986016E+01   -6.4014022522E+01
    9.9953685369E-01   -6.9414455097E+00    1.9400986016E+01   -6.4014022522E+01
    9.9953680368E-01   -6.9414455097E+00    1.9400986016E+01   -6.4014022522E+01
    9.9953675368E-01   -6.9414455097E+00    1.9400986016E+01   -6.4014022522E+01
    9.9953670367E-01   -6.9414455097E+00    1.9400986016E+01   -6.4014022522E+01
    9.9953665367E-01   -6.9414455097E+00    1.9400986016E+01   -6.4014022522E+01
    9.9953660366E-01   -6.9414455097E+00    1.9400986016E+01   -6.4014022522E+01
    9.9953655366E-01   -6.9414455097E+00    1.9400986016E+01   -6.4014022522E+01
    9.9953650365E-01   -6.9414455097E+00    1.9400986016E+01   -6.4014022522E+01
    9.9953645365E-01   -6.9414455097E+00    1.9400986016E+01   -6.4014022522E+01
    9.9953640364E-01   -6.9414455097E+00    1.9400986016E+01   -6.4014022522E+01
    9.9953635364E-01   -6.9414455097E+00    1.9400986016E+01   -6.4014022522E+01
    9.9953630363E-01   -6.9414455097E+00    1.9400986016E+01   -6.4014022522E+01
    9.9953625363E-01   -6.9414455097E+00    1.9400986016E+01   -6.4014022522E+01
    9.9953620362E-01   -6.9414455097E+00    1.9400986016E+01   -6.4014022522E+01
    9.9953615362E-01   -6.9414455097E+00    1.9400986016E+01   -6.4014022522E+01
    9.9953610361E-01   -6.9414455097E+00    1.9400986016E+01   -6.4014022522E+01
    9.9953605361E-01   -6.9414455097E+00    1.9400986016E+01   -6.4014022522E+01
    9.9953600360E-01   -6.9414455097E+00    1.9400986016E+01   -6.4014022522E+01
    9.9953595360E-01   -6.9414455097E+00    1.9400986016E+01   -6.4014022522E+01
    9.9953590359E-01   -6.9414455097E+00    1.9400986016E+01   -6.4014022522E+01
    9.9953585359E-01   -6.9414455097E+00    1.9400986016E+01   -6.4014022522E+01
    9.9953580358E-01   -6.9414455097E+00    1.9400986016E+01   -6.4014022522E+01
    9.9953575358E-01   -6.9414455097E+00    1.9400986016E+01   -6.4014022522E+01
    9.9953570357E-01   -6.9414455097E+00    1.9400986016E+01   -6.4014022522E+01
    9.9953565357E-01   -6.9414455097E+00    1.9400986016E+01   -6.4014022522E+01
    9.9953560356E-01   -6.9414455097E+00    1.9400986016E+01   -6.4014022522E+01
    9.9953555356E-01   -6.9414455097E+00    1.9400986016E+01   -6.4014022522E+01
    9.9953550355E-01   -6.9414455097E+00    1.9400986016E+01   -6.4014022522E+01
    9.9953545355E-01   -6.9414455097E+00    1.9400986016E+01   -6.4014022522E+01
    9.9953540354E-01   -6.9414455097E+00    1.9400986016E+01   -6.4014022522E+01
    9.9953535354E-01   -6.9414455097E+00    1.9400986016E+01   -6.4014022522E+01
    9.9953530353E-01   -6.9414455097E+00    1.9400986016E+01   -6.4014022522E+01
    9.9953525353E-01   -6.9414455097E+00    1.9400986016E+01   -6.4014022522E+01
    9.9953520352E-01   -6.9414455097E+00    1.9400986016E+01   -6.4014022522E+01
    9.9953515352E-01   -6.9414455097E+00    1.9400986016E+01   -6.4014022522E+01
    9.9953510351E-01   -6.9414455097E+00    1.9400986016E+01   -6.4014022522E+01
    9.9953505351E-01   -6.9414455097E+00    1.9400986016E+01   -6.4014022522E+01
    9.9953500350E-01   -6.9414455097E+00    1.9400986016E+01   -6.4014022522E+01
    9.9953495350E-01   -6.9414455097E+00    1.9400986016E+01   -6.4014022522E+01
    9.9953490349E-01   -6.9414455097E+00    1.9400986016E+01   -6.4014022522E+01
    9.9953485349E-01   -6.9414455097E+00    1.9400986016E+01   -6.4014022522E+01
    9.9953480348E-01   -6.9414455097E+00    1.9400986016E+01   -6.4014022522E+01
    9.9953475348E-01   -6.9414455097E+00    1.9400986016E+01   -6.4014022522E+01
    9.9953470347E-01   -6.9414455097E+00    1.9400986016E+01   -6.4014022522E+01
    9.9953465347E-01   -6.9414455097E+00    1.9400986016E+01   -6.4014022522E+01
    9.9953460346E-01   -6.9414455097E+00    1.9400986016E+01   -6.4014022522E+01
    9.9953455346E-01   -6.9414455097E+00    1.9400986016E+01   -6.4014022522E+01
    9.9953450345E-01   -6.9414455097E+00    1.9400986016E+01   -6.4014022522E+01
    9.9953445345E-01   -6.9414455097E+00    1.9400986016E+01   -6.4014022522E+01
    9.9953440344E-01   -6.9414455097E+00    1.9400986016E+01   -6.4014022522E+01
    9.9953435344E-01   -6.9414455097E+00    1.9400986016E+01   -6.4014022522E+01
    9.9953430343E-01   -6.9414455097E+00    1.9400986016E+01   -6.4014022522E+01
    9.9953425343E-01   -6.9414455097E+00    1.9400986016E+01   -6.4014022522E+01
    9.9953420342E-01   -6.9414455097E+00    1.9400986016E+01   -6.4014022522E+01
    9.9953415342E-01   -6.9414455097E+00    1.9400986016E+01   -6.4014022522E+01
    9.9953410341E-01   -6.9414455097E+00    1.9400986016E+01   -6.4014022522E+01
    9.9953405341E-01   -6.9414455097E+00    1.9400986016E+01   -6.4014022522E+01
    9.9953400340E-01   -6.9414455097E+00    1.9400986016E+01   -6.4014022522E+01
    9.9953395340E-01   -6.9414455097E+00    1.9400986016E+01   -6.4014022522E+01
    9.9953390339E-01   -6.9414455097E+00    1.9400986016E+01   -6.4014022522E+01
    9.9953385339E-01   -6.9414455097E+00    1.9400986016E+01   -6.4014022522E+01
    9.9953380338E-01   -6.9414455097E+00    1.9400986016E+01   -6.4014022522E+01
    9.9953375338E-01   -6.9414455097E+00    1.9400986016E+01   -6.4014022522E+01
    9.9953370337E-01   -6.9414455097E+00    1.9400986016E+01   -6.4014022522E+01
    9.9953365337E-01   -6.9414455097E+00    1.9400986016E+01   -6.4014022522E+01
    9.9953360336E-01   -6.9414455097E+00    1.9400986016E+01   -6.4014022522E+01
    9.9953355336E-01   -6.9414455097E+00    1.9400986016E+01   -6.4014022522E+01
    9.9953350335E-01   -6.9414455097E+00    1.9400986016E+01   -6.4014022522E+01
    9.9953345335E-01   -6.9414455097E+00    1.9400986016E+01   -6.4014022522E+01
    9.9953340334E-01   -6.9414455097E+00    1.9400986016E+01   -6.4014022522E+01
    9.9953335334E-01   -6.9414455097E+00    1.9400986016E+01   -6.4014022522E+01
    9.9953330333E-01   -6.9414455097E+00    1.9400986016E+01   -6.4014022522E+01
    9.9953325333E-01   -6.9414455097E+00    1.9400986016E+01   -6.4014022522E+01
    9.9953320332E-01   -6.9414455097E+00    1.9400986016E+01   -6.4014022522E+01
    9.9953315332E-01   -6.9414455097E+00    1.9400986016E+01   -6.4014022522E+01
    9.9953310331E-01   -6.9414455097E+00    1.9400986016E+01   -6.4014022522E+01
    9.9953305331E-01   -6.9414455097E+00    1.9400986016E+01   -6.4014022522E+01
    9.9953300330E-01   -6.9414455097E+00    1.9400986016E+01   -6.4014022522E+01
    9.9953295330E-01   -6.9414455097E+00    1.9400986016E+01   -6.4014022522E+01
    9.9953290329E-01   -6.9414455097E+00    1.9400986016E+01   -6.4014022522E+01
    9.9953285329E-01   -6.9414455097E+00    1.9400986016E+01   -6.4014022522E+01
    9.9953280328E-01   -6.9414455097E+00    1.9400986016E+01   -6.4014022522E+01
    9.9953275328E-01   -6.9414455097E+00    1.9400986016E+01   -6.4014022522E+01
    9.9953270327E-01   -6.9414455097E+00    1.9400986016E+01   -6.4014022522E+01
    9.9953265327E-01   -6.9414455097E+00    1.9400986016E+01   -6.4014022522E+01
    9.9953260326E-01   -6.9414455097E+00    1.9400986016E+01   -6.4014022522E+01
    9.9953255326E-01   -6.9414455097E+00    1.9400986016E+01   -6.4014022522E+01
    9.9953250325E-01   -6.9414455097E+00    1.9400986016E+01   -6.4014022522E+01
    9.9953245325E-01   -6.9414455097E+00    1.9400986016E+01   -6.4014022522E+01
    9.9953240324E-01   -6.9414455097E+00    1.9400986016E+01   -6.4014022522E+01
    9.9953235324E-01   -6.9414455097E+00    1.9400986016E+01   -6.4014022522E+01
    9.9953230323E-01   -6.9414455097E+00    1.9400986016E+01   -6.4014022522E+01
    9.9953225323E-01   -6.9414455097E+00    1.9400986016E+01   -6.4014022522E+01
    9.9953220322E-01   -6.9414455097E+00    1.9400986016E+01   -6.4014022522E+01
    9.9953215322E-01   -6.9414455097E+00    1.9400986016E+01   -6.4014022522E+01
    9.9953210321E-01   -6.9414455097E+00    1.9400986016E+01   -6.4014022522E+01
    9.9953205321E-01   -6.9414455097E+00    1.9400986016E+01   -6.4014022522E+01
    9.9953200320E-01   -6.9414455097E+00    1.9400986016E+01   -6.4014022522E+01
    9.9953195320E-01   -6.9414455097E+00    1.9400986016E+01   -6.4014022522E+01
    9.9953190319E-01   -6.9414455097E+00    1.9400986016E+01   -6.4014022522E+01
    9.9953185319E-01   -6.9414455097E+00    1.9400986016E+01   -6.4014022522E+01
    9.9953180318E-01   -6.9414455097E+00    1.9400986016E+01   -6.4014022522E+01
    9.9953175318E-01   -6.9414455097E+00    1.9400986016E+01   -6.4014022522E+01
    9.9953170317E-01   -6.9414455097E+00    1.9400986016E+01   -6.4014022522E+01
    9.9953165317E-01   -6.9414455097E+00    1.9400986016E+01   -6.4014022522E+01
    9.9953160316E-01   -6.9414455097E+00    1.9400986016E+01   -6.4014022522E+01
    9.9953155316E-01   -6.9414455097E+00    1.9400986016E+01   -6.4014022522E+01
    9.9953150315E-01   -6.9414455097E+00    1.9400986016E+01   -6.4014022522E+01
    9.9953145315E-01   -6.9414455097E+00    1.9400986016E+01   -6.4014022522E+01
    9.9953140314E-01   -6.9414455097E+00    1.9400986016E+01   -6.4014022522E+01
    9.9953135314E-01   -6.9414455097E+00    1.9400986016E+01   -6.4014022522E+01
    9.9953130313E-01   -6.9414455097E+00    1.9400986016E+01   -6.4014022522E+01
    9.9953125313E-01   -6.9414455097E+00    1.9400986016E+01   -6.4014022522E+01
    9.9953120312E-01   -6.9414455097E+00    1.9400986016E+01   -6.4014022522E+01
    9.9953115312E-01   -6.9414455097E+00    1.9400986016E+01   -6.4014022522E+01
    9.9953110311E-01   -6.9414455097E+00    1.9400986016E+01   -6.4014022522E+01
    9.9953105311E-01   -6.9414455097E+00    1.9400986016E+01   -6.4014022522E+01
    9.9953100310E-01   -6.9414455097E+00    1.9400986016E+01   -6.4014022522E+01
    9.9953095310E-01   -6.9414455097E+00    1.9400986016E+01   -6.4014022522E+01
    9.9953090309E-01   -6.9414455097E+00    1.9400986016E+01   -6.4014022522E+01
    9.9953085309E-01   -6.9414455097E+00    1.9400986016E+01   -6.4014022522E+01
    9.9953080308E-01   -6.9414455097E+00    1.9400986016E+01   -6.4014022522E+01
    9.9953075308E-01   -6.9414455097E+00    1.9400986016E+01   -6.4014022522E+01
    9.9953070307E-01   -6.9414455097E+00    1.9400986016E+01   -6.4014022522E+01
    9.9953065307E-01   -6.9414455097E+00    1.9400986016E+01   -6.4014022522E+01
    9.9953060306E-01   -6.9414455097E+00    1.9400986016E+01   -6.4014022522E+01
    9.9953055306E-01   -6.9414455097E+00    1.9400986016E+01   -6.4014022522E+01
    9.9953050305E-01   -6.9414455097E+00    1.9400986016E+01   -6.4014022522E+01
    9.9953045305E-01   -6.9414455097E+00    1.9400986016E+01   -6.4014022522E+01
    9.9953040304E-01   -6.9414455097E+00    1.9400986016E+01   -6.4014022522E+01
    9.9953035304E-01   -6.9414455097E+00    1.9400986016E+01   -6.4014022522E+01
    9.9953030303E-01   -6.9414455097E+00    1.9400986016E+01   -6.4014022522E+01
    9.9953025303E-01   -6.9414455097E+00    1.9400986016E+01   -6.4014022522E+01
    9.9953020302E-01   -6.9414455097E+00    1.9400986016E+01   -6.4014022522E+01
    9.9953015302E-01   -6.9414455097E+00    1.9400986016E+01   -6.4014022522E+01
    9.9953010301E-01   -6.9414455097E+00    1.9400986016E+01   -6.4014022522E+01
    9.9953005301E-01   -6.9414455097E+00    1.9400986016E+01   -6.4014022522E+01
    9.9953000300E-01   -6.9414455097E+00    1.9400986016E+01   -6.4014022522E+01
    9.9952995300E-01   -6.9414455097E+00    1.9400986016E+01   -6.4014022522E+01
    9.9952990299E-01   -6.9414455097E+00    1.9400986016E+01   -6.4014022522E+01
    9.9952985299E-01   -6.9414455097E+00    1.9400986016E+01   -6.4014022522E+01
    9.9952980298E-01   -6.9414455097E+00    1.9400986016E+01   -6.4014022522E+01
    9.9952975298E-01   -6.9414455097E+00    1.9400986016E+01   -6.4014022522E+01
    9.9952970297E-01   -6.9414455097E+00    1.9400986016E+01   -6.4014022522E+01
    9.9952965297E-01   -6.9414455097E+00    1.9400986016E+01   -6.4014022522E+01
    9.9952960296E-01   -6.9414455097E+00    1.9400986016E+01   -6.4014022522E+01
    9.9952955296E-01   -6.9414455097E+00    1.9400986016E+01   -6.4014022522E+01
    9.9952950295E-01   -6.9414455097E+00    1.9400986016E+01   -6.4014022522E+01
    9.9952945295E-01   -6.9414455097E+00    1.9400986016E+01   -6.4014022522E+01
    9.9952940294E-01   -6.9414455097E+00    1.9400986016E+01   -6.4014022522E+01
    9.9952935294E-01   -6.9414455097E+00    1.9400986016E+01   -6.4014022522E+01
    9.9952930293E-01   -6.9414455097E+00    1.9400986016E+01   -6.4014022522E+01
    9.9952925293E-01   -6.9414455097E+00    1.9400986016E+01   -6.4014022522E+01
    9.9952920292E-01   -6.9414455097E+00    1.9400986016E+01   -6.4014022522E+01
    9.9952915292E-01   -6.9414455097E+00    1.9400986016E+01   -6.4014022522E+01
    9.9952910291E-01   -6.9414455097E+00    1.9400986016E+01   -6.4014022522E+01
    9.9952905291E-01   -6.9414455097E+00    1.9400986016E+01   -6.4014022522E+01
    9.9952900290E-01   -6.9414455097E+00    1.9400986016E+01   -6.4014022522E+01
    9.9952895290E-01   -6.9414455097E+00    1.9400986016E+01   -6.4014022522E+01
    9.9952890289E-01   -6.9414455097E+00    1.9400986016E+01   -6.4014022522E+01
    9.9952885289E-01   -6.9414455097E+00    1.9400986016E+01   -6.4014022522E+01
    9.9952880288E-01   -6.9414455097E+00    1.9400986016E+01   -6.4014022522E+01
    9.9952875288E-01   -6.9414455097E+00    1.9400986016E+01   -6.4014022522E+01
    9.9952870287E-01   -6.9414455097E+00    1.9400986016E+01   -6.4014022522E+01
    9.9952865287E-01   -6.9414455097E+00    1.9400986016E+01   -6.4014022522E+01
    9.9952860286E-01   -6.9414455097E+00    1.9400986016E+01   -6.4014022522E+01
    9.9952855286E-01   -6.9414455097E+00    1.9400986016E+01   -6.4014022522E+01
    9.9952850285E-01   -6.9414455097E+00    1.9400986016E+01   -6.4014022522E+01
    9.9952845285E-01   -6.9414455097E+00    1.9400986016E+01   -6.4014022522E+01
    9.9952840284E-01   -6.9414455097E+00    1.9400986016E+01   -6.4014022522E+01
    9.9952835284E-01   -6.9414455097E+00    1.9400986016E+01   -6.4014022522E+01
    9.9952830283E-01   -6.9414455097E+00    1.9400986016E+01   -6.4014022522E+01
    9.9952825283E-01   -6.9414455097E+00    1.9400986016E+01   -6.4014022522E+01
    9.9952820282E-01   -6.9414455097E+00    1.9400986016E+01   -6.4014022522E+01
    9.9952815282E-01   -6.9414455097E+00    1.9400986016E+01   -6.4014022522E+01
    9.9952810281E-01   -6.9414455097E+00    1.9400986016E+01   -6.4014022522E+01
    9.9952805281E-01   -6.9414455097E+00    1.9400986016E+01   -6.4014022522E+01
    9.9952800280E-01   -6.9414455097E+00    1.9400986016E+01   -6.4014022522E+01
    9.9952795280E-01   -6.9414455097E+00    1.9400986016E+01   -6.4014022522E+01
    9.9952790279E-01   -6.9414455097E+00    1.9400986016E+01   -6.4014022522E+01
    9.9952785279E-01   -6.9414455097E+00    1.9400986016E+01   -6.4014022522E+01
    9.9952780278E-01   -6.9414455097E+00    1.9400986016E+01   -6.4014022522E+01
    9.9952775278E-01   -6.9414455097E+00    1.9400986016E+01   -6.4014022522E+01
    9.9952770277E-01   -6.9414455097E+00    1.9400986016E+01   -6.4014022522E+01
    9.9952765277E-01   -6.9414455097E+00    1.9400986016E+01   -6.4014022522E+01
    9.9952760276E-01   -6.9414455097E+00    1.9400986016E+01   -6.4014022522E+01
    9.9952755276E-01   -6.9414455097E+00    1.9400986016E+01   -6.4014022522E+01
    9.9952750275E-01   -6.9414455097E+00    1.9400986016E+01   -6.4014022522E+01
    9.9952745275E-01   -6.9414455097E+00    1.9400986016E+01   -6.4014022522E+01
    9.9952740274E-01   -6.9414455097E+00    1.9400986016E+01   -6.4014022522E+01
    9.9952735274E-01   -6.9414455097E+00    1.9400986016E+01   -6.4014022522E+01
    9.9952730273E-01   -6.9414455097E+00    1.9400986016E+01   -6.4014022522E+01
    9.9952725273E-01   -6.9414455097E+00    1.9400986016E+01   -6.4014022522E+01
    9.9952720272E-01   -6.9414455097E+00    1.9400986016E+01   -6.4014022522E+01
    9.9952715272E-01   -6.9414455097E+00    1.9400986016E+01   -6.4014022522E+01
    9.9952710271E-01   -6.9414455097E+00    1.9400986016E+01   -6.4014022522E+01
    9.9952705271E-01   -6.9414455097E+00    1.9400986016E+01   -6.4014022522E+01
    9.9952700270E-01   -6.9414455097E+00    1.9400986016E+01   -6.4014022522E+01
    9.9952695270E-01   -6.9414455097E+00    1.9400986016E+01   -6.4014022522E+01
    9.9952690269E-01   -6.9414455097E+00    1.9400986016E+01   -6.4014022522E+01
    9.9952685269E-01   -6.9414455097E+00    1.9400986016E+01   -6.4014022522E+01
    9.9952680268E-01   -6.9414455097E+00    1.9400986016E+01   -6.4014022522E+01
    9.9952675268E-01   -6.9414455097E+00    1.9400986016E+01   -6.4014022522E+01
    9.9952670267E-01   -6.9414455097E+00    1.9400986016E+01   -6.4014022522E+01
    9.9952665267E-01   -6.9414455097E+00    1.9400986016E+01   -6.4014022522E+01
    9.9952660266E-01   -6.9414455097E+00    1.9400986016E+01   -6.4014022522E+01
    9.9952655266E-01   -6.9414455097E+00    1.9400986016E+01   -6.4014022522E+01
    9.9952650265E-01   -6.9414455097E+00    1.9400986016E+01   -6.4014022522E+01
    9.9952645265E-01   -6.9414455097E+00    1.9400986016E+01   -6.4014022522E+01
    9.9952640264E-01   -6.9414455097E+00    1.9400986016E+01   -6.4014022522E+01
    9.9952635264E-01   -6.9414455097E+00    1.9400986016E+01   -6.4014022522E+01
    9.9952630263E-01   -6.9414455097E+00    1.9400986016E+01   -6.4014022522E+01
    9.9952625263E-01   -6.9414455097E+00    1.9400986016E+01   -6.4014022522E+01
    9.9952620262E-01   -6.9414455097E+00    1.9400986016E+01   -6.4014022522E+01
    9.9952615262E-01   -6.9414455097E+00    1.9400986016E+01   -6.4014022522E+01
    9.9952610261E-01   -6.9414455097E+00    1.9400986016E+01   -6.4014022522E+01
    9.9952605261E-01   -6.9414455097E+00    1.9400986016E+01   -6.4014022522E+01
    9.9952600260E-01   -6.9414455097E+00    1.9400986016E+01   -6.4014022522E+01
    9.9952595260E-01   -6.9414455097E+00    1.9400986016E+01   -6.4014022522E+01
    9.9952590259E-01   -6.9414455097E+00    1.9400986016E+01   -6.4014022522E+01
    9.9952585259E-01   -6.9414455097E+00    1.9400986016E+01   -6.4014022522E+01
    9.9952580258E-01   -6.9414455097E+00    1.9400986016E+01   -6.4014022522E+01
    9.9952575258E-01   -6.9414455097E+00    1.9400986016E+01   -6.4014022522E+01
    9.9952570257E-01   -6.9414455097E+00    1.9400986016E+01   -6.4014022522E+01
    9.9952565257E-01   -6.9414455097E+00    1.9400986016E+01   -6.4014022522E+01
    9.9952560256E-01   -6.9414455097E+00    1.9400986016E+01   -6.4014022522E+01
    9.9952555256E-01   -6.9414455097E+00    1.9400986016E+01   -6.4014022522E+01
    9.9952550255E-01   -6.9414455097E+00    1.9400986016E+01   -6.4014022522E+01
    9.9952545255E-01   -6.9414455097E+00    1.9400986016E+01   -6.4014022522E+01
    9.9952540254E-01   -6.9414455097E+00    1.9400986016E+01   -6.4014022522E+01
    9.9952535254E-01   -6.9414455097E+00    1.9400986016E+01   -6.4014022522E+01
    9.9952530253E-01   -6.9414455097E+00    1.9400986016E+01   -6.4014022522E+01
    9.9952525253E-01   -6.9414455097E+00    1.9400986016E+01   -6.4014022522E+01
    9.9952520252E-01   -6.9414455097E+00    1.9400986016E+01   -6.4014022522E+01
    9.9952515252E-01   -6.9414455097E+00    1.9400986016E+01   -6.4014022522E+01
    9.9952510251E-01   -6.9414455097E+00    1.9400986016E+01   -6.4014022522E+01
    9.9952505251E-01   -6.9414455097E+00    1.9400986016E+01   -6.4014022522E+01
    9.9952500250E-01   -6.9414455097E+00    1.9400986016E+01   -6.4014022522E+01
    9.9952495250E-01   -6.9414455097E+00    1.9400986016E+01   -6.4014022522E+01
    9.9952490249E-01   -6.9414455097E+00    1.9400986016E+01   -6.4014022522E+01
    9.9952485249E-01   -6.9414455097E+00    1.9400986016E+01   -6.4014022522E+01
    9.9952480248E-01   -6.9414455097E+00    1.9400986016E+01   -6.4014022522E+01
    9.9952475248E-01   -6.9414455097E+00    1.9400986016E+01   -6.4014022522E+01
    9.9952470247E-01   -6.9414455097E+00    1.9400986016E+01   -6.4014022522E+01
    9.9952465247E-01   -6.9414455097E+00    1.9400986016E+01   -6.4014022522E+01
    9.9952460246E-01   -6.9414455097E+00    1.9400986016E+01   -6.4014022522E+01
    9.9952455246E-01   -6.9414455097E+00    1.9400986016E+01   -6.4014022522E+01
    9.9952450245E-01   -6.9414455097E+00    1.9400986016E+01   -6.4014022522E+01
    9.9952445245E-01   -6.9414455097E+00    1.9400986016E+01   -6.4014022522E+01
    9.9952440244E-01   -6.9414455097E+00    1.9400986016E+01   -6.4014022522E+01
    9.9952435244E-01   -6.9414455097E+00    1.9400986016E+01   -6.4014022522E+01
    9.9952430243E-01   -6.9414455097E+00    1.9400986016E+01   -6.4014022522E+01
    9.9952425243E-01   -6.9414455097E+00    1.9400986016E+01   -6.4014022522E+01
    9.9952420242E-01   -6.9414455097E+00    1.9400986016E+01   -6.4014022522E+01
    9.9952415242E-01   -6.9414455097E+00    1.9400986016E+01   -6.4014022522E+01
    9.9952410241E-01   -6.9414455097E+00    1.9400986016E+01   -6.4014022522E+01
    9.9952405241E-01   -6.9414455097E+00    1.9400986016E+01   -6.4014022522E+01
    9.9952400240E-01   -6.9414455097E+00    1.9400986016E+01   -6.4014022522E+01
    9.9952395240E-01   -6.9414455097E+00    1.9400986016E+01   -6.4014022522E+01
    9.9952390239E-01   -6.9414455097E+00    1.9400986016E+01   -6.4014022522E+01
    9.9952385239E-01   -6.9414455097E+00    1.9400986016E+01   -6.4014022522E+01
    9.9952380238E-01   -6.9414455097E+00    1.9400986016E+01   -6.4014022522E+01
    9.9952375238E-01   -6.9414455097E+00    1.9400986016E+01   -6.4014022522E+01
    9.9952370237E-01   -6.9414455097E+00    1.9400986016E+01   -6.4014022522E+01
    9.9952365237E-01   -6.9414455097E+00    1.9400986016E+01   -6.4014022522E+01
    9.9952360236E-01   -6.9414455097E+00    1.9400986016E+01   -6.4014022522E+01
    9.9952355236E-01   -6.9414455097E+00    1.9400986016E+01   -6.4014022522E+01
    9.9952350235E-01   -6.9414455097E+00    1.9400986016E+01   -6.4014022522E+01
    9.9952345235E-01   -6.9414455097E+00    1.9400986016E+01   -6.4014022522E+01
    9.9952340234E-01   -6.9414455097E+00    1.9400986016E+01   -6.4014022522E+01
    9.9952335234E-01   -6.9414455097E+00    1.9400986016E+01   -6.4014022522E+01
    9.9952330233E-01   -6.9414455097E+00    1.9400986016E+01   -6.4014022522E+01
    9.9952325233E-01   -6.9414455097E+00    1.9400986016E+01   -6.4014022522E+01
    9.9952320232E-01   -6.9414455097E+00    1.9400986016E+01   -6.4014022522E+01
    9.9952315232E-01   -6.9414455097E+00    1.9400986016E+01   -6.4014022522E+01
    9.9952310231E-01   -6.9414455097E+00    1.9400986016E+01   -6.4014022522E+01
    9.9952305231E-01   -6.9414455097E+00    1.9400986016E+01   -6.4014022522E+01
    9.9952300230E-01   -6.9414455097E+00    1.9400986016E+01   -6.4014022522E+01
    9.9952295230E-01   -6.9414455097E+00    1.9400986016E+01   -6.4014022522E+01
    9.9952290229E-01   -6.9414455097E+00    1.9400986016E+01   -6.4014022522E+01
    9.9952285229E-01   -6.9414455097E+00    1.9400986016E+01   -6.4014022522E+01
    9.9952280228E-01   -6.9414455097E+00    1.9400986016E+01   -6.4014022522E+01
    9.9952275228E-01   -6.9414455097E+00    1.9400986016E+01   -6.4014022522E+01
    9.9952270227E-01   -6.9414455097E+00    1.9400986016E+01   -6.4014022522E+01
    9.9952265227E-01   -6.9414455097E+00    1.9400986016E+01   -6.4014022522E+01
    9.9952260226E-01   -6.9414455097E+00    1.9400986016E+01   -6.4014022522E+01
    9.9952255226E-01   -6.9414455097E+00    1.9400986016E+01   -6.4014022522E+01
    9.9952250225E-01   -6.9414455097E+00    1.9400986016E+01   -6.4014022522E+01
    9.9952245225E-01   -6.9414455097E+00    1.9400986016E+01   -6.4014022522E+01
    9.9952240224E-01   -6.9414455097E+00    1.9400986016E+01   -6.4014022522E+01
    9.9952235224E-01   -6.9414455097E+00    1.9400986016E+01   -6.4014022522E+01
    9.9952230223E-01   -6.9414455097E+00    1.9400986016E+01   -6.4014022522E+01
    9.9952225223E-01   -6.9414455097E+00    1.9400986016E+01   -6.4014022522E+01
    9.9952220222E-01   -6.9414455097E+00    1.9400986016E+01   -6.4014022522E+01
    9.9952215222E-01   -6.9414455097E+00    1.9400986016E+01   -6.4014022522E+01
    9.9952210221E-01   -6.9414455097E+00    1.9400986016E+01   -6.4014022522E+01
    9.9952205221E-01   -6.9414455097E+00    1.9400986016E+01   -6.4014022522E+01
    9.9952200220E-01   -6.9414455097E+00    1.9400986016E+01   -6.4014022522E+01
    9.9952195220E-01   -6.9414455097E+00    1.9400986016E+01   -6.4014022522E+01
    9.9952190219E-01   -6.9414455097E+00    1.9400986016E+01   -6.4014022522E+01
    9.9952185219E-01   -6.9414455097E+00    1.9400986016E+01   -6.4014022522E+01
    9.9952180218E-01   -6.9414455097E+00    1.9400986016E+01   -6.4014022522E+01
    9.9952175218E-01   -6.9414455097E+00    1.9400986016E+01   -6.4014022522E+01
    9.9952170217E-01   -6.9414455097E+00    1.9400986016E+01   -6.4014022522E+01
    9.9952165217E-01   -6.9414455097E+00    1.9400986016E+01   -6.4014022522E+01
    9.9952160216E-01   -6.9414455097E+00    1.9400986016E+01   -6.4014022522E+01
    9.9952155216E-01   -6.9414455097E+00    1.9400986016E+01   -6.4014022522E+01
    9.9952150215E-01   -6.9414455097E+00    1.9400986016E+01   -6.4014022522E+01
    9.9952145215E-01   -6.9414455097E+00    1.9400986016E+01   -6.4014022522E+01
    9.9952140214E-01   -6.9414455097E+00    1.9400986016E+01   -6.4014022522E+01
    9.9952135214E-01   -6.9414455097E+00    1.9400986016E+01   -6.4014022522E+01
    9.9952130213E-01   -6.9414455097E+00    1.9400986016E+01   -6.4014022522E+01
    9.9952125213E-01   -6.9414455097E+00    1.9400986016E+01   -6.4014022522E+01
    9.9952120212E-01   -6.9414455097E+00    1.9400986016E+01   -6.4014022522E+01
    9.9952115212E-01   -6.9414455097E+00    1.9400986016E+01   -6.4014022522E+01
    9.9952110211E-01   -6.9414455097E+00    1.9400986016E+01   -6.4014022522E+01
    9.9952105211E-01   -6.9414455097E+00    1.9400986016E+01   -6.4014022522E+01
    9.9952100210E-01   -6.9414455097E+00    1.9400986016E+01   -6.4014022522E+01
    9.9952095210E-01   -6.9414455097E+00    1.9400986016E+01   -6.4014022522E+01
    9.9952090209E-01   -6.9414455097E+00    1.9400986016E+01   -6.4014022522E+01
    9.9952085209E-01   -6.9414455097E+00    1.9400986016E+01   -6.4014022522E+01
    9.9952080208E-01   -6.9414455097E+00    1.9400986016E+01   -6.4014022522E+01
    9.9952075208E-01   -6.9414455097E+00    1.9400986016E+01   -6.4014022522E+01
    9.9952070207E-01   -6.9414455097E+00    1.9400986016E+01   -6.4014022522E+01
    9.9952065207E-01   -6.9414455097E+00    1.9400986016E+01   -6.4014022522E+01
    9.9952060206E-01   -6.9414455097E+00    1.9400986016E+01   -6.4014022522E+01
    9.9952055206E-01   -6.9414455097E+00    1.9400986016E+01   -6.4014022522E+01
    9.9952050205E-01   -6.9414455097E+00    1.9400986016E+01   -6.4014022522E+01
    9.9952045205E-01   -6.9414455097E+00    1.9400986016E+01   -6.4014022522E+01
    9.9952040204E-01   -6.9414455097E+00    1.9400986016E+01   -6.4014022522E+01
    9.9952035204E-01   -6.9414455097E+00    1.9400986016E+01   -6.4014022522E+01
    9.9952030203E-01   -6.9414455097E+00    1.9400986016E+01   -6.4014022522E+01
    9.9952025203E-01   -6.9414455097E+00    1.9400986016E+01   -6.4014022522E+01
    9.9952020202E-01   -6.9414455097E+00    1.9400986016E+01   -6.4014022522E+01
    9.9952015202E-01   -6.9414455097E+00    1.9400986016E+01   -6.4014022522E+01
    9.9952010201E-01   -6.9414455097E+00    1.9400986016E+01   -6.4014022522E+01
    9.9952005201E-01   -6.9414455097E+00    1.9400986016E+01   -6.4014022522E+01
    9.9952000200E-01   -6.9414455097E+00    1.9400986016E+01   -6.4014022522E+01
    9.9951995200E-01   -6.9414455097E+00    1.9400986016E+01   -6.4014022522E+01
    9.9951990199E-01   -6.9414455097E+00    1.9400986016E+01   -6.4014022522E+01
    9.9951985199E-01   -6.9414455097E+00    1.9400986016E+01   -6.4014022522E+01
    9.9951980198E-01   -6.9414455097E+00    1.9400986016E+01   -6.4014022522E+01
    9.9951975198E-01   -6.9414455097E+00    1.9400986016E+01   -6.4014022522E+01
    9.9951970197E-01   -6.9414455097E+00    1.9400986016E+01   -6.4014022522E+01
    9.9951965197E-01   -6.9414455097E+00    1.9400986016E+01   -6.4014022522E+01
    9.9951960196E-01   -6.9414455097E+00    1.9400986016E+01   -6.4014022522E+01
    9.9951955196E-01   -6.9414455097E+00    1.9400986016E+01   -6.4014022522E+01
    9.9951950195E-01   -6.9414455097E+00    1.9400986016E+01   -6.4014022522E+01
    9.9951945195E-01   -6.9414455097E+00    1.9400986016E+01   -6.4014022522E+01
    9.9951940194E-01   -6.9414455097E+00    1.9400986016E+01   -6.4014022522E+01
    9.9951935194E-01   -6.9414455097E+00    1.9400986016E+01   -6.4014022522E+01
    9.9951930193E-01   -6.9414455097E+00    1.9400986016E+01   -6.4014022522E+01
    9.9951925193E-01   -6.9414455097E+00    1.9400986016E+01   -6.4014022522E+01
    9.9951920192E-01   -6.9414455097E+00    1.9400986016E+01   -6.4014022522E+01
    9.9951915192E-01   -6.9414455097E+00    1.9400986016E+01   -6.4014022522E+01
    9.9951910191E-01   -6.9414455097E+00    1.9400986016E+01   -6.4014022522E+01
    9.9951905191E-01   -6.9414455097E+00    1.9400986016E+01   -6.4014022522E+01
    9.9951900190E-01   -6.9414455097E+00    1.9400986016E+01   -6.4014022522E+01
    9.9951895190E-01   -6.9414455097E+00    1.9400986016E+01   -6.4014022522E+01
    9.9951890189E-01   -6.9414455097E+00    1.9400986016E+01   -6.4014022522E+01
    9.9951885189E-01   -6.9414455097E+00    1.9400986016E+01   -6.4014022522E+01
    9.9951880188E-01   -6.9414455097E+00    1.9400986016E+01   -6.4014022522E+01
    9.9951875188E-01   -6.9414455097E+00    1.9400986016E+01   -6.4014022522E+01
    9.9951870187E-01   -6.9414455097E+00    1.9400986016E+01   -6.4014022522E+01
    9.9951865187E-01   -6.9414455097E+00    1.9400986016E+01   -6.4014022522E+01
    9.9951860186E-01   -6.9414455097E+00    1.9400986016E+01   -6.4014022522E+01
    9.9951855186E-01   -6.9414455097E+00    1.9400986016E+01   -6.4014022522E+01
    9.9951850185E-01   -6.9414455097E+00    1.9400986016E+01   -6.4014022522E+01
    9.9951845185E-01   -6.9414455097E+00    1.9400986016E+01   -6.4014022522E+01
    9.9951840184E-01   -6.9414455097E+00    1.9400986016E+01   -6.4014022522E+01
    9.9951835184E-01   -6.9414455097E+00    1.9400986016E+01   -6.4014022522E+01
    9.9951830183E-01   -6.9414455097E+00    1.9400986016E+01   -6.4014022522E+01
    9.9951825183E-01   -6.9414455097E+00    1.9400986016E+01   -6.4014022522E+01
    9.9951820182E-01   -6.9414455097E+00    1.9400986016E+01   -6.4014022522E+01
    9.9951815182E-01   -6.9414455097E+00    1.9400986016E+01   -6.4014022522E+01
    9.9951810181E-01   -6.9414455097E+00    1.9400986016E+01   -6.4014022522E+01
    9.9951805181E-01   -6.9414455097E+00    1.9400986016E+01   -6.4014022522E+01
    9.9951800180E-01   -6.9414455097E+00    1.9400986016E+01   -6.4014022522E+01
    9.9951795180E-01   -6.9414455097E+00    1.9400986016E+01   -6.4014022522E+01
    9.9951790179E-01   -6.9414455097E+00    1.9400986016E+01   -6.4014022522E+01
    9.9951785179E-01   -6.9414455097E+00    1.9400986016E+01   -6.4014022522E+01
    9.9951780178E-01   -6.9414455097E+00    1.9400986016E+01   -6.4014022522E+01
    9.9951775178E-01   -6.9414455097E+00    1.9400986016E+01   -6.4014022522E+01
    9.9951770177E-01   -6.9414455097E+00    1.9400986016E+01   -6.4014022522E+01
    9.9951765177E-01   -6.9414455097E+00    1.9400986016E+01   -6.4014022522E+01
    9.9951760176E-01   -6.9414455097E+00    1.9400986016E+01   -6.4014022522E+01
    9.9951755176E-01   -6.9414455097E+00    1.9400986016E+01   -6.4014022522E+01
    9.9951750175E-01   -6.9414455097E+00    1.9400986016E+01   -6.4014022522E+01
    9.9951745175E-01   -6.9414455097E+00    1.9400986016E+01   -6.4014022522E+01
    9.9951740174E-01   -6.9414455097E+00    1.9400986016E+01   -6.4014022522E+01
    9.9951735174E-01   -6.9414455097E+00    1.9400986016E+01   -6.4014022522E+01
    9.9951730173E-01   -6.9414455097E+00    1.9400986016E+01   -6.4014022522E+01
    9.9951725173E-01   -6.9414455097E+00    1.9400986016E+01   -6.4014022522E+01
    9.9951720172E-01   -6.9414455097E+00    1.9400986016E+01   -6.4014022522E+01
    9.9951715172E-01   -6.9414455097E+00    1.9400986016E+01   -6.4014022522E+01
    9.9951710171E-01   -6.9414455097E+00    1.9400986016E+01   -6.4014022522E+01
    9.9951705171E-01   -6.9414455097E+00    1.9400986016E+01   -6.4014022522E+01
    9.9951700170E-01   -6.9414455097E+00    1.9400986016E+01   -6.4014022522E+01
    9.9951695170E-01   -6.9414455097E+00    1.9400986016E+01   -6.4014022522E+01
    9.9951690169E-01   -6.9414455097E+00    1.9400986016E+01   -6.4014022522E+01
    9.9951685169E-01   -6.9414455097E+00    1.9400986016E+01   -6.4014022522E+01
    9.9951680168E-01   -6.9414455097E+00    1.9400986016E+01   -6.4014022522E+01
    9.9951675168E-01   -6.9414455097E+00    1.9400986016E+01   -6.4014022522E+01
    9.9951670167E-01   -6.9414455097E+00    1.9400986016E+01   -6.4014022522E+01
    9.9951665167E-01   -6.9414455097E+00    1.9400986016E+01   -6.4014022522E+01
    9.9951660166E-01   -6.9414455097E+00    1.9400986016E+01   -6.4014022522E+01
    9.9951655166E-01   -6.9414455097E+00    1.9400986016E+01   -6.4014022522E+01
    9.9951650165E-01   -6.9414455097E+00    1.9400986016E+01   -6.4014022522E+01
    9.9951645165E-01   -6.9414455097E+00    1.9400986016E+01   -6.4014022522E+01
    9.9951640164E-01   -6.9414455097E+00    1.9400986016E+01   -6.4014022522E+01
    9.9951635164E-01   -6.9414455097E+00    1.9400986016E+01   -6.4014022522E+01
    9.9951630163E-01   -6.9414455097E+00    1.9400986016E+01   -6.4014022522E+01
    9.9951625163E-01   -6.9414455097E+00    1.9400986016E+01   -6.4014022522E+01
    9.9951620162E-01   -6.9414455097E+00    1.9400986016E+01   -6.4014022522E+01
    9.9951615162E-01   -6.9414455097E+00    1.9400986016E+01   -6.4014022522E+01
    9.9951610161E-01   -6.9414455097E+00    1.9400986016E+01   -6.4014022522E+01
    9.9951605161E-01   -6.9414455097E+00    1.9400986016E+01   -6.4014022522E+01
    9.9951600160E-01   -6.9414455097E+00    1.9400986016E+01   -6.4014022522E+01
    9.9951595160E-01   -6.9414455097E+00    1.9400986016E+01   -6.4014022522E+01
    9.9951590159E-01   -6.9414455097E+00    1.9400986016E+01   -6.4014022522E+01
    9.9951585159E-01   -6.9414455097E+00    1.9400986016E+01   -6.4014022522E+01
    9.9951580158E-01   -6.9414455097E+00    1.9400986016E+01   -6.4014022522E+01
    9.9951575158E-01   -6.9414455097E+00    1.9400986016E+01   -6.4014022522E+01
    9.9951570157E-01   -6.9414455097E+00    1.9400986016E+01   -6.4014022522E+01
    9.9951565157E-01   -6.9414455097E+00    1.9400986016E+01   -6.4014022522E+01
    9.9951560156E-01   -6.9414455097E+00    1.9400986016E+01   -6.4014022522E+01
    9.9951555156E-01   -6.9414455097E+00    1.9400986016E+01   -6.4014022522E+01
    9.9951550155E-01   -6.9414455097E+00    1.9400986016E+01   -6.4014022522E+01
    9.9951545155E-01   -6.9414455097E+00    1.9400986016E+01   -6.4014022522E+01
    9.9951540154E-01   -6.9414455097E+00    1.9400986016E+01   -6.4014022522E+01
    9.9951535154E-01   -6.9414455097E+00    1.9400986016E+01   -6.4014022522E+01
    9.9951530153E-01   -6.9414455097E+00    1.9400986016E+01   -6.4014022522E+01
    9.9951525153E-01   -6.9414455097E+00    1.9400986016E+01   -6.4014022522E+01
    9.9951520152E-01   -6.9414455097E+00    1.9400986016E+01   -6.4014022522E+01
    9.9951515152E-01   -6.9414455097E+00    1.9400986016E+01   -6.4014022522E+01
    9.9951510151E-01   -6.9414455097E+00    1.9400986016E+01   -6.4014022522E+01
    9.9951505151E-01   -6.9414455097E+00    1.9400986016E+01   -6.4014022522E+01
    9.9951500150E-01   -6.9414455097E+00    1.9400986016E+01   -6.4014022522E+01
    9.9951495150E-01   -6.9414455097E+00    1.9400986016E+01   -6.4014022522E+01
    9.9951490149E-01   -6.9414455097E+00    1.9400986016E+01   -6.4014022522E+01
    9.9951485149E-01   -6.9414455097E+00    1.9400986016E+01   -6.4014022522E+01
    9.9951480148E-01   -6.9414455097E+00    1.9400986016E+01   -6.4014022522E+01
    9.9951475148E-01   -6.9414455097E+00    1.9400986016E+01   -6.4014022522E+01
    9.9951470147E-01   -6.9414455097E+00    1.9400986016E+01   -6.4014022522E+01
    9.9951465147E-01   -6.9414455097E+00    1.9400986016E+01   -6.4014022522E+01
    9.9951460146E-01   -6.9414455097E+00    1.9400986016E+01   -6.4014022522E+01
    9.9951455146E-01   -6.9414455097E+00    1.9400986016E+01   -6.4014022522E+01
    9.9951450145E-01   -6.9414455097E+00    1.9400986016E+01   -6.4014022522E+01
    9.9951445145E-01   -6.9414455097E+00    1.9400986016E+01   -6.4014022522E+01
    9.9951440144E-01   -6.9414455097E+00    1.9400986016E+01   -6.4014022522E+01
    9.9951435144E-01   -6.9414455097E+00    1.9400986016E+01   -6.4014022522E+01
    9.9951430143E-01   -6.9414455097E+00    1.9400986016E+01   -6.4014022522E+01
    9.9951425143E-01   -6.9414455097E+00    1.9400986016E+01   -6.4014022522E+01
    9.9951420142E-01   -6.9414455097E+00    1.9400986016E+01   -6.4014022522E+01
    9.9951415142E-01   -6.9414455097E+00    1.9400986016E+01   -6.4014022522E+01
    9.9951410141E-01   -6.9414455097E+00    1.9400986016E+01   -6.4014022522E+01
    9.9951405141E-01   -6.9414455097E+00    1.9400986016E+01   -6.4014022522E+01
    9.9951400140E-01   -6.9414455097E+00    1.9400986016E+01   -6.4014022522E+01
    9.9951395140E-01   -6.9414455097E+00    1.9400986016E+01   -6.4014022522E+01
    9.9951390139E-01   -6.9414455097E+00    1.9400986016E+01   -6.4014022522E+01
    9.9951385139E-01   -6.9414455097E+00    1.9400986016E+01   -6.4014022522E+01
    9.9951380138E-01   -6.9414455097E+00    1.9400986016E+01   -6.4014022522E+01
    9.9951375138E-01   -6.9414455097E+00    1.9400986016E+01   -6.4014022522E+01
    9.9951370137E-01   -6.9414455097E+00    1.9400986016E+01   -6.4014022522E+01
    9.9951365137E-01   -6.9414455097E+00    1.9400986016E+01   -6.4014022522E+01
    9.9951360136E-01   -6.9414455097E+00    1.9400986016E+01   -6.4014022522E+01
    9.9951355136E-01   -6.9414455097E+00    1.9400986016E+01   -6.4014022522E+01
    9.9951350135E-01   -6.9414455097E+00    1.9400986016E+01   -6.4014022522E+01
    9.9951345135E-01   -6.9414455097E+00    1.9400986016E+01   -6.4014022522E+01
    9.9951340134E-01   -6.9414455097E+00    1.9400986016E+01   -6.4014022522E+01
    9.9951335134E-01   -6.9414455097E+00    1.9400986016E+01   -6.4014022522E+01
    9.9951330133E-01   -6.9414455097E+00    1.9400986016E+01   -6.4014022522E+01
    9.9951325133E-01   -6.9414455097E+00    1.9400986016E+01   -6.4014022522E+01
    9.9951320132E-01   -6.9414455097E+00    1.9400986016E+01   -6.4014022522E+01
    9.9951315132E-01   -6.9414455097E+00    1.9400986016E+01   -6.4014022522E+01
    9.9951310131E-01   -6.9414455097E+00    1.9400986016E+01   -6.4014022522E+01
    9.9951305131E-01   -6.9414455097E+00    1.9400986016E+01   -6.4014022522E+01
    9.9951300130E-01   -6.9414455097E+00    1.9400986016E+01   -6.4014022522E+01
    9.9951295130E-01   -6.9414455097E+00    1.9400986016E+01   -6.4014022522E+01
    9.9951290129E-01   -6.9414455097E+00    1.9400986016E+01   -6.4014022522E+01
    9.9951285129E-01   -6.9414455097E+00    1.9400986016E+01   -6.4014022522E+01
    9.9951280128E-01   -6.9414455097E+00    1.9400986016E+01   -6.4014022522E+01
    9.9951275128E-01   -6.9414455097E+00    1.9400986016E+01   -6.4014022522E+01
    9.9951270127E-01   -6.9414455097E+00    1.9400986016E+01   -6.4014022522E+01
    9.9951265127E-01   -6.9414455097E+00    1.9400986016E+01   -6.4014022522E+01
    9.9951260126E-01   -6.9414455097E+00    1.9400986016E+01   -6.4014022522E+01
    9.9951255126E-01   -6.9414455097E+00    1.9400986016E+01   -6.4014022522E+01
    9.9951250125E-01   -6.9414455097E+00    1.9400986016E+01   -6.4014022522E+01
    9.9951245125E-01   -6.9414455097E+00    1.9400986016E+01   -6.4014022522E+01
    9.9951240124E-01   -6.9414455097E+00    1.9400986016E+01   -6.4014022522E+01
    9.9951235124E-01   -6.9414455097E+00    1.9400986016E+01   -6.4014022522E+01
    9.9951230123E-01   -6.9414455097E+00    1.9400986016E+01   -6.4014022522E+01
    9.9951225123E-01   -6.9414455097E+00    1.9400986016E+01   -6.4014022522E+01
    9.9951220122E-01   -6.9414455097E+00    1.9400986016E+01   -6.4014022522E+01
    9.9951215122E-01   -6.9414455097E+00    1.9400986016E+01   -6.4014022522E+01
    9.9951210121E-01   -6.9414455097E+00    1.9400986016E+01   -6.4014022522E+01
    9.9951205121E-01   -6.9414455097E+00    1.9400986016E+01   -6.4014022522E+01
    9.9951200120E-01   -6.9414455097E+00    1.9400986016E+01   -6.4014022522E+01
    9.9951195120E-01   -6.9414455097E+00    1.9400986016E+01   -6.4014022522E+01
    9.9951190119E-01   -6.9414455097E+00    1.9400986016E+01   -6.4014022522E+01
    9.9951185119E-01   -6.9414455097E+00    1.9400986016E+01   -6.4014022522E+01
    9.9951180118E-01   -6.9414455097E+00    1.9400986016E+01   -6.4014022522E+01
    9.9951175118E-01   -6.9414455097E+00    1.9400986016E+01   -6.4014022522E+01
    9.9951170117E-01   -6.9414455097E+00    1.9400986016E+01   -6.4014022522E+01
    9.9951165117E-01   -6.9414455097E+00    1.9400986016E+01   -6.4014022522E+01
    9.9951160116E-01   -6.9414455097E+00    1.9400986016E+01   -6.4014022522E+01
    9.9951155116E-01   -6.9414455097E+00    1.9400986016E+01   -6.4014022522E+01
    9.9951150115E-01   -6.9414455097E+00    1.9400986016E+01   -6.4014022522E+01
    9.9951145115E-01   -6.9414455097E+00    1.9400986016E+01   -6.4014022522E+01
    9.9951140114E-01   -6.9414455097E+00    1.9400986016E+01   -6.4014022522E+01
    9.9951135114E-01   -6.9414455097E+00    1.9400986016E+01   -6.4014022522E+01
    9.9951130113E-01   -6.9414455097E+00    1.9400986016E+01   -6.4014022522E+01
    9.9951125113E-01   -6.9414455097E+00    1.9400986016E+01   -6.4014022522E+01
    9.9951120112E-01   -6.9414455097E+00    1.9400986016E+01   -6.4014022522E+01
    9.9951115112E-01   -6.9414455097E+00    1.9400986016E+01   -6.4014022522E+01
    9.9951110111E-01   -6.9414455097E+00    1.9400986016E+01   -6.4014022522E+01
    9.9951105111E-01   -6.9414455097E+00    1.9400986016E+01   -6.4014022522E+01
    9.9951100110E-01   -6.9414455097E+00    1.9400986016E+01   -6.4014022522E+01
    9.9951095110E-01   -6.9414455097E+00    1.9400986016E+01   -6.4014022522E+01
    9.9951090109E-01   -6.9414455097E+00    1.9400986016E+01   -6.4014022522E+01
    9.9951085109E-01   -6.9414455097E+00    1.9400986016E+01   -6.4014022522E+01
    9.9951080108E-01   -6.9414455097E+00    1.9400986016E+01   -6.4014022522E+01
    9.9951075108E-01   -6.9414455097E+00    1.9400986016E+01   -6.4014022522E+01
    9.9951070107E-01   -6.9414455097E+00    1.9400986016E+01   -6.4014022522E+01
    9.9951065107E-01   -6.9414455097E+00    1.9400986016E+01   -6.4014022522E+01
    9.9951060106E-01   -6.9414455097E+00    1.9400986016E+01   -6.4014022522E+01
    9.9951055106E-01   -6.9414455097E+00    1.9400986016E+01   -6.4014022522E+01
    9.9951050105E-01   -6.9414455097E+00    1.9400986016E+01   -6.4014022522E+01
    9.9951045105E-01   -6.9414455097E+00    1.9400986016E+01   -6.4014022522E+01
    9.9951040104E-01   -6.9414455097E+00    1.9400986016E+01   -6.4014022522E+01
    9.9951035104E-01   -6.9414455097E+00    1.9400986016E+01   -6.4014022522E+01
    9.9951030103E-01   -6.9414455097E+00    1.9400986016E+01   -6.4014022522E+01
    9.9951025103E-01   -6.9414455097E+00    1.9400986016E+01   -6.4014022522E+01
    9.9951020102E-01   -6.9414455097E+00    1.9400986016E+01   -6.4014022522E+01
    9.9951015102E-01   -6.9414455097E+00    1.9400986016E+01   -6.4014022522E+01
    9.9951010101E-01   -6.9414455097E+00    1.9400986016E+01   -6.4014022522E+01
    9.9951005101E-01   -6.9414455097E+00    1.9400986016E+01   -6.4014022522E+01
    9.9951000100E-01   -6.9414455097E+00    1.9400986016E+01   -6.4014022522E+01
    9.9950995100E-01   -6.9414455097E+00    1.9400986016E+01   -6.4014022522E+01
    9.9950990099E-01   -6.9414455097E+00    1.9400986016E+01   -6.4014022522E+01
    9.9950985099E-01   -6.9414455097E+00    1.9400986016E+01   -6.4014022522E+01
    9.9950980098E-01   -6.9414455097E+00    1.9400986016E+01   -6.4014022522E+01
    9.9950975098E-01   -6.9414455097E+00    1.9400986016E+01   -6.4014022522E+01
    9.9950970097E-01   -6.9414455097E+00    1.9400986016E+01   -6.4014022522E+01
    9.9950965097E-01   -6.9414455097E+00    1.9400986016E+01   -6.4014022522E+01
    9.9950960096E-01   -6.9414455097E+00    1.9400986016E+01   -6.4014022522E+01
    9.9950955096E-01   -6.9414455097E+00    1.9400986016E+01   -6.4014022522E+01
    9.9950950095E-01   -6.9414455097E+00    1.9400986016E+01   -6.4014022522E+01
    9.9950945095E-01   -6.9414455097E+00    1.9400986016E+01   -6.4014022522E+01
    9.9950940094E-01   -6.9414455097E+00    1.9400986016E+01   -6.4014022522E+01
    9.9950935094E-01   -6.9414455097E+00    1.9400986016E+01   -6.4014022522E+01
    9.9950930093E-01   -6.9414455097E+00    1.9400986016E+01   -6.4014022522E+01
    9.9950925093E-01   -6.9414455097E+00    1.9400986016E+01   -6.4014022522E+01
    9.9950920092E-01   -6.9414455097E+00    1.9400986016E+01   -6.4014022522E+01
    9.9950915092E-01   -6.9414455097E+00    1.9400986016E+01   -6.4014022522E+01
    9.9950910091E-01   -6.9414455097E+00    1.9400986016E+01   -6.4014022522E+01
    9.9950905091E-01   -6.9414455097E+00    1.9400986016E+01   -6.4014022522E+01
    9.9950900090E-01   -6.9414455097E+00    1.9400986016E+01   -6.4014022522E+01
    9.9950895090E-01   -6.9414455097E+00    1.9400986016E+01   -6.4014022522E+01
    9.9950890089E-01   -6.9414455097E+00    1.9400986016E+01   -6.4014022522E+01
    9.9950885089E-01   -6.9414455097E+00    1.9400986016E+01   -6.4014022522E+01
    9.9950880088E-01   -6.9414455097E+00    1.9400986016E+01   -6.4014022522E+01
    9.9950875088E-01   -6.9414455097E+00    1.9400986016E+01   -6.4014022522E+01
    9.9950870087E-01   -6.9414455097E+00    1.9400986016E+01   -6.4014022522E+01
    9.9950865087E-01   -6.9414455097E+00    1.9400986016E+01   -6.4014022522E+01
    9.9950860086E-01   -6.9414455097E+00    1.9400986016E+01   -6.4014022522E+01
    9.9950855086E-01   -6.9414455097E+00    1.9400986016E+01   -6.4014022522E+01
    9.9950850085E-01   -6.9414455097E+00    1.9400986016E+01   -6.4014022522E+01
    9.9950845085E-01   -6.9414455097E+00    1.9400986016E+01   -6.4014022522E+01
    9.9950840084E-01   -6.9414455097E+00    1.9400986016E+01   -6.4014022522E+01
    9.9950835084E-01   -6.9414455097E+00    1.9400986016E+01   -6.4014022522E+01
    9.9950830083E-01   -6.9414455097E+00    1.9400986016E+01   -6.4014022522E+01
    9.9950825083E-01   -6.9414455097E+00    1.9400986016E+01   -6.4014022522E+01
    9.9950820082E-01   -6.9414455097E+00    1.9400986016E+01   -6.4014022522E+01
    9.9950815082E-01   -6.9414455097E+00    1.9400986016E+01   -6.4014022522E+01
    9.9950810081E-01   -6.9414455097E+00    1.9400986016E+01   -6.4014022522E+01
    9.9950805081E-01   -6.9414455097E+00    1.9400986016E+01   -6.4014022522E+01
    9.9950800080E-01   -6.9414455097E+00    1.9400986016E+01   -6.4014022522E+01
    9.9950795080E-01   -6.9414455097E+00    1.9400986016E+01   -6.4014022522E+01
    9.9950790079E-01   -6.9414455097E+00    1.9400986016E+01   -6.4014022522E+01
    9.9950785079E-01   -6.9414455097E+00    1.9400986016E+01   -6.4014022522E+01
    9.9950780078E-01   -6.9414455097E+00    1.9400986016E+01   -6.4014022522E+01
    9.9950775078E-01   -6.9414455097E+00    1.9400986016E+01   -6.4014022522E+01
    9.9950770077E-01   -6.9414455097E+00    1.9400986016E+01   -6.4014022522E+01
    9.9950765077E-01   -6.9414455097E+00    1.9400986016E+01   -6.4014022522E+01
    9.9950760076E-01   -6.9414455097E+00    1.9400986016E+01   -6.4014022522E+01
    9.9950755076E-01   -6.9414455097E+00    1.9400986016E+01   -6.4014022522E+01
    9.9950750075E-01   -6.9414455097E+00    1.9400986016E+01   -6.4014022522E+01
    9.9950745075E-01   -6.9414455097E+00    1.9400986016E+01   -6.4014022522E+01
    9.9950740074E-01   -6.9414455097E+00    1.9400986016E+01   -6.4014022522E+01
    9.9950735074E-01   -6.9414455097E+00    1.9400986016E+01   -6.4014022522E+01
    9.9950730073E-01   -6.9414455097E+00    1.9400986016E+01   -6.4014022522E+01
    9.9950725073E-01   -6.9414455097E+00    1.9400986016E+01   -6.4014022522E+01
    9.9950720072E-01   -6.9414455097E+00    1.9400986016E+01   -6.4014022522E+01
    9.9950715072E-01   -6.9414455097E+00    1.9400986016E+01   -6.4014022522E+01
    9.9950710071E-01   -6.9414455097E+00    1.9400986016E+01   -6.4014022522E+01
    9.9950705071E-01   -6.9414455097E+00    1.9400986016E+01   -6.4014022522E+01
    9.9950700070E-01   -6.9414455097E+00    1.9400986016E+01   -6.4014022522E+01
    9.9950695070E-01   -6.9414455097E+00    1.9400986016E+01   -6.4014022522E+01
    9.9950690069E-01   -6.9414455097E+00    1.9400986016E+01   -6.4014022522E+01
    9.9950685069E-01   -6.9414455097E+00    1.9400986016E+01   -6.4014022522E+01
    9.9950680068E-01   -6.9414455097E+00    1.9400986016E+01   -6.4014022522E+01
    9.9950675068E-01   -6.9414455097E+00    1.9400986016E+01   -6.4014022522E+01
    9.9950670067E-01   -6.9414455097E+00    1.9400986016E+01   -6.4014022522E+01
    9.9950665067E-01   -6.9414455097E+00    1.9400986016E+01   -6.4014022522E+01
    9.9950660066E-01   -6.9414455097E+00    1.9400986016E+01   -6.4014022522E+01
    9.9950655066E-01   -6.9414455097E+00    1.9400986016E+01   -6.4014022522E+01
    9.9950650065E-01   -6.9414455097E+00    1.9400986016E+01   -6.4014022522E+01
    9.9950645065E-01   -6.9414455097E+00    1.9400986016E+01   -6.4014022522E+01
    9.9950640064E-01   -6.9414455097E+00    1.9400986016E+01   -6.4014022522E+01
    9.9950635064E-01   -6.9414455097E+00    1.9400986016E+01   -6.4014022522E+01
    9.9950630063E-01   -6.9414455097E+00    1.9400986016E+01   -6.4014022522E+01
    9.9950625063E-01   -6.9414455097E+00    1.9400986016E+01   -6.4014022522E+01
    9.9950620062E-01   -6.9414455097E+00    1.9400986016E+01   -6.4014022522E+01
    9.9950615062E-01   -6.9414455097E+00    1.9400986016E+01   -6.4014022522E+01
    9.9950610061E-01   -6.9414455097E+00    1.9400986016E+01   -6.4014022522E+01
    9.9950605061E-01   -6.9414455097E+00    1.9400986016E+01   -6.4014022522E+01
    9.9950600060E-01   -6.9414455097E+00    1.9400986016E+01   -6.4014022522E+01
    9.9950595060E-01   -6.9414455097E+00    1.9400986016E+01   -6.4014022522E+01
    9.9950590059E-01   -6.9414455097E+00    1.9400986016E+01   -6.4014022522E+01
    9.9950585059E-01   -6.9414455097E+00    1.9400986016E+01   -6.4014022522E+01
    9.9950580058E-01   -6.9414455097E+00    1.9400986016E+01   -6.4014022522E+01
    9.9950575058E-01   -6.9414455097E+00    1.9400986016E+01   -6.4014022522E+01
    9.9950570057E-01   -6.9414455097E+00    1.9400986016E+01   -6.4014022522E+01
    9.9950565057E-01   -6.9414455097E+00    1.9400986016E+01   -6.4014022522E+01
    9.9950560056E-01   -6.9414455097E+00    1.9400986016E+01   -6.4014022522E+01
    9.9950555056E-01   -6.9414455097E+00    1.9400986016E+01   -6.4014022522E+01
    9.9950550055E-01   -6.9414455097E+00    1.9400986016E+01   -6.4014022522E+01
    9.9950545055E-01   -6.9414455097E+00    1.9400986016E+01   -6.4014022522E+01
    9.9950540054E-01   -6.9414455097E+00    1.9400986016E+01   -6.4014022522E+01
    9.9950535054E-01   -6.9414455097E+00    1.9400986016E+01   -6.4014022522E+01
    9.9950530053E-01   -6.9414455097E+00    1.9400986016E+01   -6.4014022522E+01
    9.9950525053E-01   -6.9414455097E+00    1.9400986016E+01   -6.4014022522E+01
    9.9950520052E-01   -6.9414455097E+00    1.9400986016E+01   -6.4014022522E+01
    9.9950515052E-01   -6.9414455097E+00    1.9400986016E+01   -6.4014022522E+01
    9.9950510051E-01   -6.9414455097E+00    1.9400986016E+01   -6.4014022522E+01
    9.9950505051E-01   -6.9414455097E+00    1.9400986016E+01   -6.4014022522E+01
    9.9950500050E-01   -6.9414455097E+00    1.9400986016E+01   -6.4014022522E+01
    9.9950495050E-01   -6.9414455097E+00    1.9400986016E+01   -6.4014022522E+01
    9.9950490049E-01   -6.9414455097E+00    1.9400986016E+01   -6.4014022522E+01
    9.9950485049E-01   -6.9414455097E+00    1.9400986016E+01   -6.4014022522E+01
    9.9950480048E-01   -6.9414455097E+00    1.9400986016E+01   -6.4014022522E+01
    9.9950475048E-01   -6.9414455097E+00    1.9400986016E+01   -6.4014022522E+01
    9.9950470047E-01   -6.9414455097E+00    1.9400986016E+01   -6.4014022522E+01
    9.9950465047E-01   -6.9414455097E+00    1.9400986016E+01   -6.4014022522E+01
    9.9950460046E-01   -6.9414455097E+00    1.9400986016E+01   -6.4014022522E+01
    9.9950455046E-01   -6.9414455097E+00    1.9400986016E+01   -6.4014022522E+01
    9.9950450045E-01   -6.9414455097E+00    1.9400986016E+01   -6.4014022522E+01
    9.9950445045E-01   -6.9414455097E+00    1.9400986016E+01   -6.4014022522E+01
    9.9950440044E-01   -6.9414455097E+00    1.9400986016E+01   -6.4014022522E+01
    9.9950435044E-01   -6.9414455097E+00    1.9400986016E+01   -6.4014022522E+01
    9.9950430043E-01   -6.9414455097E+00    1.9400986016E+01   -6.4014022522E+01
    9.9950425043E-01   -6.9414455097E+00    1.9400986016E+01   -6.4014022522E+01
    9.9950420042E-01   -6.9414455097E+00    1.9400986016E+01   -6.4014022522E+01
    9.9950415042E-01   -6.9414455097E+00    1.9400986016E+01   -6.4014022522E+01
    9.9950410041E-01   -6.9414455097E+00    1.9400986016E+01   -6.4014022522E+01
    9.9950405041E-01   -6.9414455097E+00    1.9400986016E+01   -6.4014022522E+01
    9.9950400040E-01   -6.9414455097E+00    1.9400986016E+01   -6.4014022522E+01
    9.9950395040E-01   -6.9414455097E+00    1.9400986016E+01   -6.4014022522E+01
    9.9950390039E-01   -6.9414455097E+00    1.9400986016E+01   -6.4014022522E+01
    9.9950385039E-01   -6.9414455097E+00    1.9400986016E+01   -6.4014022522E+01
    9.9950380038E-01   -6.9414455097E+00    1.9400986016E+01   -6.4014022522E+01
    9.9950375038E-01   -6.9414455097E+00    1.9400986016E+01   -6.4014022522E+01
    9.9950370037E-01   -6.9414455097E+00    1.9400986016E+01   -6.4014022522E+01
    9.9950365037E-01   -6.9414455097E+00    1.9400986016E+01   -6.4014022522E+01
    9.9950360036E-01   -6.9414455097E+00    1.9400986016E+01   -6.4014022522E+01
    9.9950355036E-01   -6.9414455097E+00    1.9400986016E+01   -6.4014022522E+01
    9.9950350035E-01   -6.9414455097E+00    1.9400986016E+01   -6.4014022522E+01
    9.9950345035E-01   -6.9414455097E+00    1.9400986016E+01   -6.4014022522E+01
    9.9950340034E-01   -6.9414455097E+00    1.9400986016E+01   -6.4014022522E+01
    9.9950335034E-01   -6.9414455097E+00    1.9400986016E+01   -6.4014022522E+01
    9.9950330033E-01   -6.9414455097E+00    1.9400986016E+01   -6.4014022522E+01
    9.9950325033E-01   -6.9414455097E+00    1.9400986016E+01   -6.4014022522E+01
    9.9950320032E-01   -6.9414455097E+00    1.9400986016E+01   -6.4014022522E+01
    9.9950315032E-01   -6.9414455097E+00    1.9400986016E+01   -6.4014022522E+01
    9.9950310031E-01   -6.9414455097E+00    1.9400986016E+01   -6.4014022522E+01
    9.9950305031E-01   -6.9414455097E+00    1.9400986016E+01   -6.4014022522E+01
    9.9950300030E-01   -6.9414455097E+00    1.9400986016E+01   -6.4014022522E+01
    9.9950295030E-01   -6.9414455097E+00    1.9400986016E+01   -6.4014022522E+01
    9.9950290029E-01   -6.9414455097E+00    1.9400986016E+01   -6.4014022522E+01
    9.9950285029E-01   -6.9414455097E+00    1.9400986016E+01   -6.4014022522E+01
    9.9950280028E-01   -6.9414455097E+00    1.9400986016E+01   -6.4014022522E+01
    9.9950275028E-01   -6.9414455097E+00    1.9400986016E+01   -6.4014022522E+01
    9.9950270027E-01   -6.9414455097E+00    1.9400986016E+01   -6.4014022522E+01
    9.9950265027E-01   -6.9414455097E+00    1.9400986016E+01   -6.4014022522E+01
    9.9950260026E-01   -6.9414455097E+00    1.9400986016E+01   -6.4014022522E+01
    9.9950255026E-01   -6.9414455097E+00    1.9400986016E+01   -6.4014022522E+01
    9.9950250025E-01   -6.9414455097E+00    1.9400986016E+01   -6.4014022522E+01
    9.9950245025E-01   -6.9414455097E+00    1.9400986016E+01   -6.4014022522E+01
    9.9950240024E-01   -6.9414455097E+00    1.9400986016E+01   -6.4014022522E+01
    9.9950235024E-01   -6.9414455097E+00    1.9400986016E+01   -6.4014022522E+01
    9.9950230023E-01   -6.9414455097E+00    1.9400986016E+01   -6.4014022522E+01
    9.9950225023E-01   -6.9414455097E+00    1.9400986016E+01   -6.4014022522E+01
    9.9950220022E-01   -6.9414455097E+00    1.9400986016E+01   -6.4014022522E+01
    9.9950215022E-01   -6.9414455097E+00    1.9400986016E+01   -6.4014022522E+01
    9.9950210021E-01   -6.9414455097E+00    1.9400986016E+01   -6.4014022522E+01
    9.9950205021E-01   -6.9414455097E+00    1.9400986016E+01   -6.4014022522E+01
    9.9950200020E-01   -6.9414455097E+00    1.9400986016E+01   -6.4014022522E+01
    9.9950195020E-01   -6.9414455097E+00    1.9400986016E+01   -6.4014022522E+01
    9.9950190019E-01   -6.9414455097E+00    1.9400986016E+01   -6.4014022522E+01
    9.9950185019E-01   -6.9414455097E+00    1.9400986016E+01   -6.4014022522E+01
    9.9950180018E-01   -6.9414455097E+00    1.9400986016E+01   -6.4014022522E+01
    9.9950175018E-01   -6.9414455097E+00    1.9400986016E+01   -6.4014022522E+01
    9.9950170017E-01   -6.9414455097E+00    1.9400986016E+01   -6.4014022522E+01
    9.9950165017E-01   -6.9414455097E+00    1.9400986016E+01   -6.4014022522E+01
    9.9950160016E-01   -6.9414455097E+00    1.9400986016E+01   -6.4014022522E+01
    9.9950155016E-01   -6.9414455097E+00    1.9400986016E+01   -6.4014022522E+01
    9.9950150015E-01   -6.9414455097E+00    1.9400986016E+01   -6.4014022522E+01
    9.9950145015E-01   -6.9414455097E+00    1.9400986016E+01   -6.4014022522E+01
    9.9950140014E-01   -6.9414455097E+00    1.9400986016E+01   -6.4014022522E+01
    9.9950135014E-01   -6.9414455097E+00    1.9400986016E+01   -6.4014022522E+01
    9.9950130013E-01   -6.9414455097E+00    1.9400986016E+01   -6.4014022522E+01
    9.9950125013E-01   -6.9414455097E+00    1.9400986016E+01   -6.4014022522E+01
    9.9950120012E-01   -6.9414455097E+00    1.9400986016E+01   -6.4014022522E+01
    9.9950115012E-01   -6.9414455097E+00    1.9400986016E+01   -6.4014022522E+01
    9.9950110011E-01   -6.9414455097E+00    1.9400986016E+01   -6.4014022522E+01
    9.9950105011E-01   -6.9414455097E+00    1.9400986016E+01   -6.4014022522E+01
    9.9950100010E-01   -6.9414455097E+00    1.9400986016E+01   -6.4014022522E+01
    9.9950095010E-01   -6.9414455097E+00    1.9400986016E+01   -6.4014022522E+01
    9.9950090009E-01   -6.9414455097E+00    1.9400986016E+01   -6.4014022522E+01
    9.9950085009E-01   -6.9414455097E+00    1.9400986016E+01   -6.4014022522E+01
    9.9950080008E-01   -6.9414455097E+00    1.9400986016E+01   -6.4014022522E+01
    9.9950075008E-01   -6.9414455097E+00    1.9400986016E+01   -6.4014022522E+01
    9.9950070007E-01   -6.9414455097E+00    1.9400986016E+01   -6.4014022522E+01
    9.9950065007E-01   -6.9414455097E+00    1.9400986016E+01   -6.4014022522E+01
    9.9950060006E-01   -6.9414455097E+00    1.9400986016E+01   -6.4014022522E+01
    9.9950055006E-01   -6.9414455097E+00    1.9400986016E+01   -6.4014022522E+01
    9.9950050005E-01   -6.9414455097E+00    1.9400986016E+01   -6.4014022522E+01
    9.9950045005E-01   -6.9414455097E+00    1.9400986016E+01   -6.4014022522E+01
    9.9950040004E-01   -6.9414455097E+00    1.9400986016E+01   -6.4014022522E+01
    9.9950035004E-01   -6.9414455097E+00    1.9400986016E+01   -6.4014022522E+01
    9.9950030003E-01   -6.9414455097E+00    1.9400986016E+01   -6.4014022522E+01
    9.9950025003E-01   -6.9414455097E+00    1.9400986016E+01   -6.4014022522E+01
    9.9950020002E-01   -6.9414455097E+00    1.9400986016E+01   -6.4014022522E+01
    9.9950015002E-01   -6.9414455097E+00    1.9400986016E+01   -6.4014022522E+01
    9.9950010001E-01   -6.9414455097E+00    1.9400986016E+01   -6.4014022522E+01
    9.9950005001E-01   -6.9414455097E+00    1.9400986016E+01   -6.4014022522E+01
    9.9950000000E-01   -6.9414455097E+00    1.9400986016E+01   -6.4014022522E+01
